Datetime: 2026-07-16 10:50:52.276

Android version: 13 (API 33), security patch level: 2023-08-01, os.version: 4.14.113-27176651
Device: samsung SM-A515F (a51)
Is custom ROM: false
Supported ABIs: arm64-v8a armeabi-v7a armeabi
App version: app.comaps.fdroid.debug 2026.07.16-5-FDroid-debug
Locale: en_GB
Networks: 
	id=102
[ Transports: CELLULAR Capabilities: IMS&NOT_METERED&TRUSTED&NOT_VPN&VALIDATED&FOREGROUND&NOT_CONGESTED&NOT_SUSPENDED&NOT_VCN_MANAGED LinkUpBandwidth>=4885Kbps LinkDnBandwidth>=31028Kbps Specifier: <TelephonyNetworkSpecifier [mSubId = 1]> SubscriptionIds: {1} UnderlyingNetworks: Null]
	id=103
[ Transports: CELLULAR Capabilities: SUPL&XCAP&INTERNET&NOT_RESTRICTED&TRUSTED&NOT_VPN&VALIDATED&NOT_CONGESTED&NOT_SUSPENDED&NOT_VCN_MANAGED LinkUpBandwidth>=15000Kbps LinkDnBandwidth>=30000Kbps Specifier: <TelephonyNetworkSpecifier [mSubId = 1]> SubscriptionIds: {1} UnderlyingNetworks: Null]
	id=104
[ Transports: WIFI Capabilities: NOT_METERED&INTERNET&NOT_RESTRICTED&TRUSTED&NOT_VPN&VALIDATED&NOT_ROAMING&FOREGROUND&NOT_CONGESTED&NOT_SUSPENDED&NOT_VCN_MANAGED LinkUpBandwidth>=1015Kbps LinkDnBandwidth>=32102Kbps TransportInfo: <SSID: <unknown ssid>, BSSID: 02:00:00:00:00:00, MAC: 02:00:00:00:00:00, IP: /192.168.1.176, Security type: 2, Supplicant state: COMPLETED, Wi-Fi standard: 4, RSSI: -72, Link speed: 39Mbps, Tx Link speed: 39Mbps, Max Supported Tx Link speed: 72Mbps, Rx Link speed: 1Mbps, Max Supported Rx Link speed: 72Mbps, Frequency: 2462MHz, Net ID: -1, Metered hint: false, score: 60, isUsable: true, CarrierMerged: false, SubscriptionId: -1, IsPrimary: -1, Trusted: true, Restricted: false, Ephemeral: false, OEM paid: false, OEM private: false, OSU AP: false, FQDN: <none>, Provider friendly name: <none>, Requesting package name: <none><none>MLO Information: , AP MLD Address: <none>, AP MLO Link Id: <none>, AP MLO Affiliated links: <none>> SignalStrength: -72 UnderlyingNetworks: Null]
Location providers: passive network fused gps
Location permissions: coarse fine

--------- beginning of crash
07-14 10:50:42.807 F/libc    (19399): stack corruption detected (-fstack-protector)
07-14 10:50:42.812 F/libc    (19399): Fatal signal 6 (SIGABRT), code -1 (SI_QUEUE) in tid 19559 (Thread-9), pid 19399 (ps.fdroid.debug)
07-14 10:50:44.459 F/DEBUG   (20296): *** *** *** *** *** *** *** *** *** *** *** *** *** *** *** ***
07-14 10:50:44.460 F/DEBUG   (20296): Build fingerprint: 'samsung/a51nseea/a51:13/TP1A.220624.014/A515FXXU8HWI1:user/release-keys'
07-14 10:50:44.460 F/DEBUG   (20296): Revision: '8'
07-14 10:50:44.460 F/DEBUG   (20296): ABI: 'arm'
07-14 10:50:44.460 F/DEBUG   (20296): Processor: '4'
07-14 10:50:44.460 F/DEBUG   (20296): Timestamp: 2026-07-14 10:50:43.049721377+0200
07-14 10:50:44.460 F/DEBUG   (20296): Process uptime: 75s
07-14 10:50:44.460 F/DEBUG   (20296): Cmdline: app.comaps.fdroid.debug
07-14 10:50:44.460 F/DEBUG   (20296): pid: 19399, tid: 19559, name: Thread-9  >>> app.comaps.fdroid.debug <<<
07-14 10:50:44.460 F/DEBUG   (20296): uid: 10451
07-14 10:50:44.460 F/DEBUG   (20296): signal 6 (SIGABRT), code -1 (SI_QUEUE), fault addr --------
07-14 10:50:44.460 F/DEBUG   (20296): Abort message: 'stack corruption detected (-fstack-protector)'
07-14 10:50:44.460 F/DEBUG   (20296):     r0  00000000  r1  00004c67  r2  00000006  r3  e868a3f0
07-14 10:50:44.461 F/DEBUG   (20296):     r4  e868a400  r5  e868a3e8  r6  00004bc7  r7  0000016b
07-14 10:50:44.461 F/DEBUG   (20296):     r8  00000000  r9  ffffffff  r10 e868a3f0  r11 00000000
07-14 10:50:44.461 F/DEBUG   (20296):     ip  00004c67  sp  e868a3d0  lr  f5867edb  pc  f5867eee
07-14 10:50:44.461 F/DEBUG   (20296): backtrace:
07-14 10:50:44.461 F/DEBUG   (20296):       #00 pc 00062eee  /apex/com.android.runtime/lib/bionic/libc.so (abort+138) (BuildId: ab9eb3f965a77a04086244c6ba4e1c11)
07-14 10:50:44.461 F/DEBUG   (20296):       #01 pc 0007180b  /apex/com.android.runtime/lib/bionic/libc.so (__stack_chk_fail+10) (BuildId: ab9eb3f965a77a04086244c6ba4e1c11)
07-14 10:50:44.461 F/DEBUG   (20296):       #02 pc 00b430e9  /data/app/~~QckEZK0Kf744ybUorsqZXQ==/app.comaps.fdroid.debug-LLS5fXl-WMqyS_kriKM9eg==/lib/arm/liborganicmaps.so
07-14 10:50:44.461 F/DEBUG   (20296):       #03 pc 00b42dd5  /data/app/~~QckEZK0Kf744ybUorsqZXQ==/app.comaps.fdroid.debug-LLS5fXl-WMqyS_kriKM9eg==/lib/arm/liborganicmaps.so
07-14 10:50:44.461 F/DEBUG   (20296):       #04 pc 00b0679f  /data/app/~~QckEZK0Kf744ybUorsqZXQ==/app.comaps.fdroid.debug-LLS5fXl-WMqyS_kriKM9eg==/lib/arm/liborganicmaps.so
07-14 10:50:44.461 F/DEBUG   (20296):       #05 pc 00b066cb  /data/app/~~QckEZK0Kf744ybUorsqZXQ==/app.comaps.fdroid.debug-LLS5fXl-WMqyS_kriKM9eg==/lib/arm/liborganicmaps.so
07-14 10:50:44.461 F/DEBUG   (20296):       #06 pc 009d1c41  /data/app/~~QckEZK0Kf744ybUorsqZXQ==/app.comaps.fdroid.debug-LLS5fXl-WMqyS_kriKM9eg==/lib/arm/liborganicmaps.so
07-14 10:50:44.461 F/DEBUG   (20296):       #07 pc 009d1bff  /data/app/~~QckEZK0Kf744ybUorsqZXQ==/app.comaps.fdroid.debug-LLS5fXl-WMqyS_kriKM9eg==/lib/arm/liborganicmaps.so
07-14 10:50:44.461 F/DEBUG   (20296):       #08 pc 00a3197b  /data/app/~~QckEZK0Kf744ybUorsqZXQ==/app.comaps.fdroid.debug-LLS5fXl-WMqyS_kriKM9eg==/lib/arm/liborganicmaps.so
07-14 10:50:44.461 F/DEBUG   (20296):       #09 pc 00a31591  /data/app/~~QckEZK0Kf744ybUorsqZXQ==/app.comaps.fdroid.debug-LLS5fXl-WMqyS_kriKM9eg==/lib/arm/liborganicmaps.so
07-14 10:50:44.462 F/DEBUG   (20296):       #10 pc 00a45475  /data/app/~~QckEZK0Kf744ybUorsqZXQ==/app.comaps.fdroid.debug-LLS5fXl-WMqyS_kriKM9eg==/lib/arm/liborganicmaps.so
07-14 10:50:44.462 F/DEBUG   (20296):       #11 pc 00a75af5  /data/app/~~QckEZK0Kf744ybUorsqZXQ==/app.comaps.fdroid.debug-LLS5fXl-WMqyS_kriKM9eg==/lib/arm/liborganicmaps.so
07-14 10:50:44.462 F/DEBUG   (20296):       #12 pc 00acdfd1  /data/app/~~QckEZK0Kf744ybUorsqZXQ==/app.comaps.fdroid.debug-LLS5fXl-WMqyS_kriKM9eg==/lib/arm/liborganicmaps.so
07-14 10:50:44.462 F/DEBUG   (20296):       #13 pc 00acd915  /data/app/~~QckEZK0Kf744ybUorsqZXQ==/app.comaps.fdroid.debug-LLS5fXl-WMqyS_kriKM9eg==/lib/arm/liborganicmaps.so
07-14 10:50:44.462 F/DEBUG   (20296):       #14 pc 00a428ed  /data/app/~~QckEZK0Kf744ybUorsqZXQ==/app.comaps.fdroid.debug-LLS5fXl-WMqyS_kriKM9eg==/lib/arm/liborganicmaps.so
07-14 10:50:44.462 F/DEBUG   (20296):       #15 pc 00a3dc97  /data/app/~~QckEZK0Kf744ybUorsqZXQ==/app.comaps.fdroid.debug-LLS5fXl-WMqyS_kriKM9eg==/lib/arm/liborganicmaps.so
07-14 10:50:44.462 F/DEBUG   (20296):       #16 pc 00a3cca3  /data/app/~~QckEZK0Kf744ybUorsqZXQ==/app.comaps.fdroid.debug-LLS5fXl-WMqyS_kriKM9eg==/lib/arm/liborganicmaps.so
07-14 10:50:44.462 F/DEBUG   (20296):       #17 pc 00a3b1b3  /data/app/~~QckEZK0Kf744ybUorsqZXQ==/app.comaps.fdroid.debug-LLS5fXl-WMqyS_kriKM9eg==/lib/arm/liborganicmaps.so
07-14 10:50:44.462 F/DEBUG   (20296):       #18 pc 00a39465  /data/app/~~QckEZK0Kf744ybUorsqZXQ==/app.comaps.fdroid.debug-LLS5fXl-WMqyS_kriKM9eg==/lib/arm/liborganicmaps.so
07-14 10:50:44.462 F/DEBUG   (20296):       #19 pc 00a37d39  /data/app/~~QckEZK0Kf744ybUorsqZXQ==/app.comaps.fdroid.debug-LLS5fXl-WMqyS_kriKM9eg==/lib/arm/liborganicmaps.so
07-14 10:50:44.462 F/DEBUG   (20296):       #20 pc 00aee5cf  /data/app/~~QckEZK0Kf744ybUorsqZXQ==/app.comaps.fdroid.debug-LLS5fXl-WMqyS_kriKM9eg==/lib/arm/liborganicmaps.so
07-14 10:50:44.462 F/DEBUG   (20296):       #21 pc 00aed04f  /data/app/~~QckEZK0Kf744ybUorsqZXQ==/app.comaps.fdroid.debug-LLS5fXl-WMqyS_kriKM9eg==/lib/arm/liborganicmaps.so
07-14 10:50:44.462 F/DEBUG   (20296):       #22 pc 00b1bd89  /data/app/~~QckEZK0Kf744ybUorsqZXQ==/app.comaps.fdroid.debug-LLS5fXl-WMqyS_kriKM9eg==/lib/arm/liborganicmaps.so
07-14 10:50:44.462 F/DEBUG   (20296):       #23 pc 00b1bd49  /data/app/~~QckEZK0Kf744ybUorsqZXQ==/app.comaps.fdroid.debug-LLS5fXl-WMqyS_kriKM9eg==/lib/arm/liborganicmaps.so
07-14 10:50:44.463 F/DEBUG   (20296):       #24 pc 00b1bd03  /data/app/~~QckEZK0Kf744ybUorsqZXQ==/app.comaps.fdroid.debug-LLS5fXl-WMqyS_kriKM9eg==/lib/arm/liborganicmaps.so
07-14 10:50:44.463 F/DEBUG   (20296):       #25 pc 00b1bcdf  /data/app/~~QckEZK0Kf744ybUorsqZXQ==/app.comaps.fdroid.debug-LLS5fXl-WMqyS_kriKM9eg==/lib/arm/liborganicmaps.so
07-14 10:50:44.463 F/DEBUG   (20296):       #26 pc 00b1bcbb  /data/app/~~QckEZK0Kf744ybUorsqZXQ==/app.comaps.fdroid.debug-LLS5fXl-WMqyS_kriKM9eg==/lib/arm/liborganicmaps.so
07-14 10:50:44.463 F/DEBUG   (20296):       #27 pc 00b1bca9  /data/app/~~QckEZK0Kf744ybUorsqZXQ==/app.comaps.fdroid.debug-LLS5fXl-WMqyS_kriKM9eg==/lib/arm/liborganicmaps.so
07-14 10:50:44.463 F/DEBUG   (20296):       #28 pc 00b1b415  /data/app/~~QckEZK0Kf744ybUorsqZXQ==/app.comaps.fdroid.debug-LLS5fXl-WMqyS_kriKM9eg==/lib/arm/liborganicmaps.so
07-14 10:50:44.463 F/DEBUG   (20296):       #29 pc 004b1121  /data/app/~~QckEZK0Kf744ybUorsqZXQ==/app.comaps.fdroid.debug-LLS5fXl-WMqyS_kriKM9eg==/lib/arm/liborganicmaps.so
07-14 10:50:44.463 F/DEBUG   (20296):       #30 pc 0049722b  /data/app/~~QckEZK0Kf744ybUorsqZXQ==/app.comaps.fdroid.debug-LLS5fXl-WMqyS_kriKM9eg==/lib/arm/liborganicmaps.so
07-14 10:50:44.463 F/DEBUG   (20296):       #31 pc 016c8fbf  /data/app/~~QckEZK0Kf744ybUorsqZXQ==/app.comaps.fdroid.debug-LLS5fXl-WMqyS_kriKM9eg==/lib/arm/liborganicmaps.so
07-14 10:50:44.463 F/DEBUG   (20296):       #32 pc 00b1b003  /data/app/~~QckEZK0Kf744ybUorsqZXQ==/app.comaps.fdroid.debug-LLS5fXl-WMqyS_kriKM9eg==/lib/arm/liborganicmaps.so
07-14 10:50:44.463 F/DEBUG   (20296):       #33 pc 00b1afbf  /data/app/~~QckEZK0Kf744ybUorsqZXQ==/app.comaps.fdroid.debug-LLS5fXl-WMqyS_kriKM9eg==/lib/arm/liborganicmaps.so
07-14 10:50:44.463 F/DEBUG   (20296):       #34 pc 00b1ae61  /data/app/~~QckEZK0Kf744ybUorsqZXQ==/app.comaps.fdroid.debug-LLS5fXl-WMqyS_kriKM9eg==/lib/arm/liborganicmaps.so
07-14 10:50:44.463 F/DEBUG   (20296):       #35 pc 000ade0b  /apex/com.android.runtime/lib/bionic/libc.so (__pthread_start(void*)+40) (BuildId: ab9eb3f965a77a04086244c6ba4e1c11)
07-14 10:50:44.464 F/DEBUG   (20296):       #36 pc 00063e73  /apex/com.android.runtime/lib/bionic/libc.so (__start_thread+30) (BuildId: ab9eb3f965a77a04086244c6ba4e1c11)
--------- beginning of main
07-16 10:13:16.199 I/ViewRootImpl@5a60db7[MwmActivity](11082): handleAppVisibility mAppVisible = false visible = true
07-16 10:13:16.219 I/ViewRootImpl@5a60db7[MwmActivity](11082): stopped(false) old = true
07-16 10:13:16.219 I/ViewRootImpl@5a60db7[MwmActivity](11082): WindowStopped on app.comaps.fdroid.debug/app.organicmaps.MwmActivity set to false
07-16 10:13:16.265 I/CoMapsDebug(11082): sdk/Framework.cpp:916 Java_app_organicmaps_sdk_Framework_nativePlacePageActivationListener () - Set global map object listener
07-16 10:13:16.271 I/OMcore  (11082): (main) sdk/Framework.cpp:916 Java_app_organicmaps_sdk_Framework_nativePlacePageActivationListener(): Set global map object listener
07-16 10:13:16.286 D/LocationState(11082): (main) LocationHelper.java:372 addListener(): listener: app.organicmaps.MwmActivity@ba1c77b count was: 0
07-16 10:13:16.290 I/Utils   (11082): (main) Utils.java:78 keepScreenOn(): KeepScreenOn = false window = com.android.internal.policy.PhoneWindow@7188c92
07-16 10:13:16.294 I/DecorView(11082): notifyKeepScreenOnChanged: keepScreenOn=false
07-16 10:13:16.313 D/MwmApplication(11082): (main) MwmApplication.java:214 onForeground(): 
07-16 10:13:16.317 I/LocationState(11082): (main) LocationHelper.java:432 start(): 
07-16 10:13:16.319 D/SensorHelper(11082): (main) SensorHelper.java:144 start(): 
07-16 10:13:16.338 D/SensorManager(11082): registerListener :: 1936879478, Samsung Rotation Vector Sensor, 66667, 0, 
07-16 10:13:16.340 I/LocationState(11082): (main) LocationHelper.java:440 start(): provider = AndroidNativeProvider mInFirstRun = false oldInterval = 500 interval = 500
07-16 10:13:16.340 D/AndroidNativeProvider(11082): (main) AndroidNativeProvider.java:80 start(): 
07-16 10:13:16.344 D/AndroidNativeProvider(11082): (main) AndroidNativeProvider.java:116 start(): Request Android native provider 'fused' to get locations at this interval = 500 ms
07-16 10:13:16.374 D/MapController[Device](11082): (main) MapController.java:70 onStart(): 
07-16 10:13:16.397 I/MSHandlerLifeCycle(11082): removeMultiSplitHandler: no exist. decor=DecorView@53e5e18[MwmActivity]
07-16 10:13:16.397 I/ViewRootImpl@5a60db7[MwmActivity](11082): stopped(false) old = false
07-16 10:13:16.398 D/MwmApplication(11082): (main) MwmApplication.java:183 onActivityResumed(): activity = app.organicmaps.MwmActivity@ba1c77b
07-16 10:13:16.398 I/Utils   (11082): (main) Utils.java:95 showOnLockScreen(): showOnLockScreen = false window = com.android.internal.policy.PhoneWindow@7188c92
07-16 10:13:16.399 I/SensorHelper(11082): (main) SensorHelper.java:94 setRotation(): rotation = 0
07-16 10:13:16.409 I/DecorView(11082): notifyKeepScreenOnChanged: keepScreenOn=false
07-16 10:13:16.444 D/SensorHelper(11082): (main) SensorHelper.java:105 addListener(): listener: app.organicmaps.MwmActivity@ba1c77b count was: 0
07-16 10:13:16.661 D/MapController[Device](11082): (main) MapController.java:77 onResume(): 
07-16 10:13:16.662 I/DecorView(11082): notifyKeepScreenOnChanged: keepScreenOn=false
07-16 10:13:16.662 I/MSHandlerLifeCycle(11082): removeMultiSplitHandler: no exist. decor=DecorView@53e5e18[MwmActivity]
07-16 10:13:16.666 W/onAccuracyChanged(11082): Sensor android.sensor.rotation_vector has changed accuracy to 3
07-16 10:13:16.668 I/SurfaceView@45f0173(11082): onWindowVisibilityChanged(0) false app.organicmaps.sdk.MapView{45f0173 V.E...... ........ 0,0-1080,2400 #7f090237 app:id/map} of ViewRootImpl@5a60db7[MwmActivity]
07-16 10:13:16.668 D/SurfaceView@45f0173(11082): updateSurface: surface is not valid
07-16 10:13:16.669 I/SurfaceView@45f0173(11082): releaseSurfaces: viewRoot = ViewRootImpl@5a60db7[MwmActivity]
07-16 10:13:16.670 I/SurfaceView@45f0173(11082): applyTransactionOnVriDraw: vri = ViewRootImpl@5a60db7[MwmActivity] fRS = true t = 0xecf42de0 android.view.SurfaceView.releaseSurfaces:858 android.view.SurfaceView.updateSurface:998 android.view.SurfaceView.onWindowVisibilityChanged:371 
07-16 10:13:16.672 I/SurfaceView@45f0173(11082): applyTransactionOnVriDraw: viewRoot.applyTransactionOnDrawFromReleaseSurfaces
07-16 10:13:16.672 I/ViewRootImpl@5a60db7[MwmActivity](11082): applyTransactionOnDraw: mRemoved = false isHardwareEnabled = false t = 0xecf42de0android.view.ViewRootImpl.applyTransactionOnDrawFromReleaseSurfaces:12850 android.view.SurfaceView.applyTransactionOnVriDraw:2046 android.view.SurfaceView.releaseSurfaces:858 android.view.SurfaceView.updateSurface:998 android.view.SurfaceView.onWindowVisibilityChanged:371 
07-16 10:13:16.710 I/ViewRootImpl@5a60db7[MwmActivity](11082): performTraversals params={(0,0)(fillxfill) sim={state=always_hidden adjust=pan forwardNavigation} layoutInDisplayCutoutMode=always ty=BASE_APPLICATION wanim=0x1030309
07-16 10:13:16.710 I/ViewRootImpl@5a60db7[MwmActivity](11082):   fl=81810100
07-16 10:13:16.710 I/ViewRootImpl@5a60db7[MwmActivity](11082):   pfl=16020040
07-16 10:13:16.710 I/ViewRootImpl@5a60db7[MwmActivity](11082):   vsysui=310
07-16 10:13:16.710 I/ViewRootImpl@5a60db7[MwmActivity](11082):   apr=LIGHT_NAVIGATION_BARS
07-16 10:13:16.710 I/ViewRootImpl@5a60db7[MwmActivity](11082):   bhv=DEFAULT
07-16 10:13:16.710 I/ViewRootImpl@5a60db7[MwmActivity](11082):   fitSides= naviIconColor=0}
07-16 10:13:16.711 I/ViewRootImpl@5a60db7[MwmActivity](11082): performTraversals mFirst=false windowShouldResize=false viewVisibilityChanged=true mForceNextWindowRelayout=false params={(0,0)(fillxfill) sim={state=always_hidden adjust=pan forwardNavigation} layoutInDisplayCutoutMode=always ty=BASE_APPLICATION fmt=TRANSLUCENT wanim=0x1030309
07-16 10:13:16.711 I/ViewRootImpl@5a60db7[MwmActivity](11082):   fl=81810100
07-16 10:13:16.711 I/ViewRootImpl@5a60db7[MwmActivity](11082):   pfl=16020040
07-16 10:13:16.711 I/ViewRootImpl@5a60db7[MwmActivity](11082):   vsysui=310
07-16 10:13:16.711 I/ViewRootImpl@5a60db7[MwmActivity](11082):   apr=LIGHT_NAVIGATION_BARS
07-16 10:13:16.711 I/ViewRootImpl@5a60db7[MwmActivity](11082):   bhv=DEFAULT
07-16 10:13:16.711 I/ViewRootImpl@5a60db7[MwmActivity](11082):   fitSides= naviIconColor=0}
07-16 10:13:16.728 I/ViewRootImpl@5a60db7[MwmActivity](11082): updateBlastSurfaceIfNeeded mBlastBufferQueue=null isSameSurfaceControl=false
07-16 10:13:16.732 I/BLASTBufferQueue(11082): new BLASTBufferQueue, mName= ViewRootImpl@5a60db7[MwmActivity] mNativeObject= 0xd7a37f00 sc.mNativeObject= 0xec4786e0 caller= android.view.ViewRootImpl.updateBlastSurfaceIfNeeded:2909 android.view.ViewRootImpl.relayoutWindow:9847 android.view.ViewRootImpl.performTraversals:3884 android.view.ViewRootImpl.doTraversal:3116 android.view.ViewRootImpl$TraversalRunnable.run:10885 android.view.Choreographer$CallbackRecord.run:1301 android.view.Choreographer$CallbackRecord.run:1309 android.view.Choreographer.doCallbacks:923 android.view.Choreographer.doFrame:852 android.view.Choreographer$FrameDisplayEventReceiver.run:1283 
07-16 10:13:16.732 I/BLASTBufferQueue(11082): update, w= 1080 h= 2400 mName = ViewRootImpl@5a60db7[MwmActivity] mNativeObject= 0xd7a37f00 sc.mNativeObject= 0xec4786e0 format= -3 caller= android.graphics.BLASTBufferQueue.<init>:84 android.view.ViewRootImpl.updateBlastSurfaceIfNeeded:2909 android.view.ViewRootImpl.relayoutWindow:9847 android.view.ViewRootImpl.performTraversals:3884 android.view.ViewRootImpl.doTraversal:3116 android.view.ViewRootImpl$TraversalRunnable.run:10885 
07-16 10:13:16.739 I/ViewRootImpl@5a60db7[MwmActivity](11082): Relayout returned: old=(0,0,1080,2400) new=(0,0,1080,2400) req=(1080,2400)0 dur=16 res=0x3 s={true 0xe9382800} ch=true seqId=0
07-16 10:13:16.740 I/ViewRootImpl@5a60db7[MwmActivity](11082): mThreadedRenderer.initialize() mSurface={isValid=true 0xe9382800} hwInitialized=true
07-16 10:13:16.742 I/SurfaceView@45f0173(11082): Changes: creating=false format=false size=false visible=false alpha=false hint=false mUseAlpha=false visible=false left=false top=false
07-16 10:13:16.748 I/SurfaceView@45f0173(11082): windowStopped(false) true app.organicmaps.sdk.MapView{45f0173 V.E...... ........ 0,0-1080,2400 #7f090237 app:id/map} of ViewRootImpl@5a60db7[MwmActivity]
07-16 10:13:16.748 I/SurfaceView@45f0173(11082): Changes: creating=true format=false size=false visible=true alpha=false hint=false mUseAlpha=false visible=true left=false top=false
07-16 10:13:16.751 I/BLASTBufferQueue(11082): update, w= 1080 h= 2400 mName = null mNativeObject= 0xdd68ea00 sc.mNativeObject= 0xe905a210 format= 4 caller= android.view.SurfaceView.createBlastSurfaceControls:1383 android.view.SurfaceView.updateSurface:1079 android.view.SurfaceView.setWindowStopped:335 android.view.SurfaceView.surfaceCreated:1853 android.view.ViewRootImpl.notifySurfaceCreated:2820 android.view.ViewRootImpl.performTraversals:4293 
07-16 10:13:16.751 I/SurfaceView@45f0173(11082): 73335155 Cur surface: Surface(name=null)/@0x929d9ee
07-16 10:13:16.751 I/SurfaceView@45f0173(11082): pST: sr = Rect(0, 0 - 1080, 2400) sw = 1080 sh = 2400
07-16 10:13:16.752 D/SurfaceView@45f0173(11082): performSurfaceTransaction RenderWorker position = [0, 0, 1080, 2400] surfaceSize = 1080x2400
07-16 10:13:16.752 I/SurfaceView@45f0173(11082): applyTransactionOnVriDraw: vri = ViewRootImpl@5a60db7[MwmActivity] fRS = false t = 0xebf32f80 android.view.SurfaceView.performSurfaceTransaction:959 android.view.SurfaceView.updateSurface:1105 android.view.SurfaceView.setWindowStopped:335 
07-16 10:13:16.753 I/ViewRootImpl@5a60db7[MwmActivity](11082): applyTransactionOnDraw: mRemoved = false isHardwareEnabled = true t = 0xebf32f80android.view.SurfaceView.applyTransactionOnVriDraw:2048 android.view.SurfaceView.performSurfaceTransaction:959 android.view.SurfaceView.updateSurface:1105 android.view.SurfaceView.setWindowStopped:335 android.view.SurfaceView.surfaceCreated:1853 
07-16 10:13:16.753 I/SurfaceView@45f0173(11082): updateSurface: mVisible = true mSurface.isValid() = true
07-16 10:13:16.753 I/SurfaceView@45f0173(11082): updateSurface: mSurfaceCreated = false surfaceChanged = true visibleChanged = true
07-16 10:13:16.753 I/SurfaceView@45f0173(11082): visibleChanged -- surfaceCreated
07-16 10:13:16.753 I/SurfaceView@45f0173(11082): surfaceCreated 1 #1 app.organicmaps.sdk.MapView{45f0173 V.E...... ........ 0,0-1080,2400 #7f090237 app:id/map}
07-16 10:13:16.753 D/MapView (11082): (main) MapView.java:28 surfaceCreated(): 
07-16 10:13:16.754 D/Map     (11082): (main) Map.java:154 onSurfaceCreated(): mSurfaceCreated = true
07-16 10:13:16.755 I/CoMapsDebug(11082): sdk/Framework.cpp:337 AttachSurface () - Attach surface started.
07-16 10:13:16.755 I/OMcore  (11082): (main) sdk/Framework.cpp:337 AttachSurface(): Attach surface started.
07-16 10:13:16.762 D/OpenGLRenderer(11082): eglCreateWindowSurface
07-16 10:13:16.774 E/GraphicBufferAllocator(11082): Failed to allocate (4 x 4) layerCount 1 format 56 usage b00: 5
07-16 10:13:16.774 E/AHardwareBuffer(11082): GraphicBuffer(w=4, h=4, lc=1) failed (Unknown error -5), handle=0x0
07-16 10:13:16.778 E/GraphicBufferAllocator(11082): Failed to allocate (4 x 4) layerCount 1 format 56 usage b00: 5
07-16 10:13:16.778 E/AHardwareBuffer(11082): GraphicBuffer(w=4, h=4, lc=1) failed (Unknown error -5), handle=0x0
07-16 10:13:16.813 D/CoMapsDebug(11082): drape_frontend/drape_engine.cpp:374 SetRenderingEnabled () - Rendering enabled
07-16 10:13:16.813 D/OMcore  (11082): (main) drape_frontend/drape_engine.cpp:374 SetRenderingEnabled(): Rendering enabled
07-16 10:13:16.814 I/CoMapsDebug(11082): sdk/Framework.cpp:381 AttachSurface () - Recover surface, viewport size: 1080 2400
07-16 10:13:16.814 I/OMcore  (11082): (main) sdk/Framework.cpp:381 AttachSurface(): Recover surface, viewport size: 1080 2400
07-16 10:13:16.817 I/CoMapsDebug(11082): sdk/Framework.cpp:387 AttachSurface () - Attach surface finished.
07-16 10:13:16.817 I/OMcore  (11082): (main) sdk/Framework.cpp:387 AttachSurface(): Attach surface finished.
07-16 10:13:16.817 I/CoMapsDebug(11082): sdk/Framework.cpp:415 ResumeSurfaceRendering () - Resume surface rendering.
07-16 10:13:16.817 I/OMcore  (11082): (main) sdk/Framework.cpp:415 ResumeSurfaceRendering(): Resume surface rendering.
07-16 10:13:16.817 I/SurfaceView@45f0173(11082): surfaceChanged -- format=4 w=1080 h=2400
07-16 10:13:16.817 I/SurfaceView@45f0173(11082): surfaceChanged (1080,2400) 1 #1 app.organicmaps.sdk.MapView{45f0173 V.E...... ........ 0,0-1080,2400 #7f090237 app:id/map}
07-16 10:13:16.818 D/MapView (11082): (main) MapView.java:36 surfaceChanged(): 
07-16 10:13:16.818 D/Map     (11082): (main) Map.java:209 onSurfaceChanged(): mSurfaceCreated = true
07-16 10:13:16.818 I/SurfaceView@45f0173(11082): surfaceRedrawNeeded
07-16 10:13:16.819 V/SurfaceView@45f0173(11082): Layout: x=0 y=0 w=1080 h=2400, frame=Rect(0, 0 - 1080, 2400)
07-16 10:13:16.820 I/ViewRootImpl@5a60db7[MwmActivity](11082): reportNextDraw android.view.ViewRootImpl.performTraversals:4438 android.view.ViewRootImpl.doTraversal:3116 android.view.ViewRootImpl$TraversalRunnable.run:10885 android.view.Choreographer$CallbackRecord.run:1301 android.view.Choreographer$CallbackRecord.run:1309 
07-16 10:13:16.820 I/ViewRootImpl@5a60db7[MwmActivity](11082): Setup new sync id=3
07-16 10:13:16.820 I/ViewRootImpl@5a60db7[MwmActivity](11082): Setting syncFrameCallback
07-16 10:13:16.821 E/SurfaceSyncer(11082): Failed to find sync for id=0
07-16 10:13:16.821 E/SurfaceSyncer(11082): Failed to find sync for id=1
07-16 10:13:16.821 E/SurfaceSyncer(11082): Failed to find sync for id=2
07-16 10:13:16.821 E/SurfaceSyncer(11082): Failed to find sync for id=3
07-16 10:13:16.821 I/ViewRootImpl@5a60db7[MwmActivity](11082): registerCallbacksForSync syncBuffer=false
07-16 10:13:16.872 D/SurfaceView@45f0173(11082): updateSurfacePosition RenderWorker, frameNr = 1, position = [0, 0, 1080, 2400] surfaceSize = 1080x2400
07-16 10:13:16.872 I/SurfaceView@45f0173(11082): uSP: rtp = Rect(0, 0 - 1080, 2400) rtsw = 1080 rtsh = 2400
07-16 10:13:16.872 I/SurfaceView@45f0173(11082): onSSPAndSRT: pl = 0 pt = 0 sx = 1.0 sy = 1.0
07-16 10:13:16.872 I/SurfaceView@45f0173(11082): aOrMT: ViewRootImpl@5a60db7[MwmActivity] t = android.view.SurfaceControl$Transaction@6dc491 fN = 1 android.view.SurfaceView.-$$Nest$mapplyOrMergeTransaction:0 android.view.SurfaceView$SurfaceViewPositionUpdateListener.positionChanged:1537 android.graphics.RenderNode$CompositePositionUpdateListener.positionChanged:373 
07-16 10:13:16.873 I/ViewRootImpl@5a60db7[MwmActivity](11082): mWNT: t=0xebf33660 mBlastBufferQueue=0xd7a37f00 fn= 1 caller= android.view.SurfaceView.applyOrMergeTransaction:1455 android.view.SurfaceView.-$$Nest$mapplyOrMergeTransaction:0 android.view.SurfaceView$SurfaceViewPositionUpdateListener.positionChanged:1537 
07-16 10:13:16.880 I/ViewRootImpl@5a60db7[MwmActivity](11082): mWNT: t=0xe977d7a0 mBlastBufferQueue=0xd7a37f00 fn= 1 caller= android.view.ViewRootImpl.lambda$applyTransactionOnDraw$11$android-view-ViewRootImpl:12865 android.view.ViewRootImpl$$ExternalSyntheticLambda1.onFrameDraw:4 android.graphics.HardwareRenderer$FrameDrawingCallback.onFrameDraw:924 
07-16 10:13:16.881 I/ViewRootImpl@5a60db7[MwmActivity](11082): mWNT: t=0xebf32f80 mBlastBufferQueue=0xd7a37f00 fn= 1 caller= android.view.ViewRootImpl.lambda$applyTransactionOnDraw$11$android-view-ViewRootImpl:12865 android.view.ViewRootImpl$$ExternalSyntheticLambda1.onFrameDraw:4 android.graphics.HardwareRenderer$FrameDrawingCallback.onFrameDraw:924 
07-16 10:13:16.881 I/ViewRootImpl@5a60db7[MwmActivity](11082): Received frameDrawingCallback syncResult=0 frameNum=1.
07-16 10:13:16.881 I/ViewRootImpl@5a60db7[MwmActivity](11082): Setting up sync and frameCommitCallback
07-16 10:13:16.902 I/BLASTBufferQueue(11082): [SurfaceView[app.comaps.fdroid.debug/app.organicmaps.MwmActivity]@0#8](f:0,a:0) onFrameAvailable the first frame is available
07-16 10:13:16.906 I/BLASTBufferQueue(11082): [ViewRootImpl@5a60db7[MwmActivity]#7](f:0,a:0) onFrameAvailable the first frame is available
07-16 10:13:16.908 I/ViewRootImpl@5a60db7[MwmActivity](11082): Received frameCommittedCallback lastAttemptedDrawFrameNum=1 didProduceBuffer=true
07-16 10:13:16.910 I/ViewRootImpl@5a60db7[MwmActivity](11082): onSyncComplete
07-16 10:13:16.910 I/ViewRootImpl@5a60db7[MwmActivity](11082): setupSync seqId=0 mSyncId=3 fn=1 caller=android.view.ViewRootImpl$$ExternalSyntheticLambda11.accept:6 android.window.SurfaceSyncer.lambda$setupSync$1$android-window-SurfaceSyncer:128 android.window.SurfaceSyncer$$ExternalSyntheticLambda1.accept:8 android.window.SurfaceSyncer$SyncSet.checkIfSyncIsComplete:382 android.window.SurfaceSyncer$SyncSet.markSyncReady:359 android.window.SurfaceSyncer.markSyncReady:151 android.view.ViewRootImpl.performTraversals:4503 
07-16 10:13:16.911 I/ViewRootImpl@5a60db7[MwmActivity](11082): reportDrawFinished seqId=0 mSyncId=-1 fn=1 mSurfaceChangedTransaction=0xde7bdf20
07-16 10:13:16.912 D/LocationState(11082): (main) LocationHelper.java:71 onStarted(): 
07-16 10:13:16.916 I/SurfaceView@45f0173(11082): finishedDrawing
07-16 10:13:16.942 I/ViewRootImpl@5a60db7[MwmActivity](11082): MSG_WINDOW_FOCUS_CHANGED 1 0
07-16 10:13:16.943 I/ViewRootImpl@5a60db7[MwmActivity](11082): mThreadedRenderer.initializeIfNeeded()#2 mSurface={isValid=true 0xe9382800}
07-16 10:13:16.952 D/InputMethodManager(11082): startInputInner - Id : 0
07-16 10:13:16.952 I/InputMethodManager(11082): startInputInner - mService.startInputOrWindowGainedFocus
07-16 10:13:17.381 I/ViewRootImpl@5a60db7[MwmActivity](11082): ViewPostIme pointer 0
07-16 10:13:17.476 I/ViewRootImpl@5a60db7[MwmActivity](11082): ViewPostIme pointer 1
07-16 10:13:17.547 W/OnBackInvokedCallback(11082): OnBackInvokedCallback is not enabled for the application.
07-16 10:13:17.547 W/OnBackInvokedCallback(11082): Set 'android:enableOnBackInvokedCallback="true"' in the application manifest.
07-16 10:13:17.564 I/Dialog  (11082): mIsDeviceDefault = false, mIsSamsungBasicInteraction = false, isMetaDataInActivity = false
07-16 10:13:17.652 I/DecorView(11082): [INFO] isPopOver=false config=false
07-16 10:13:17.652 I/DecorView(11082): updateCaptionType: isFloating=false isApplication=true hasWindowDecorCaption=false this=DecorView@c88a2b6[]
07-16 10:13:17.652 D/DecorView(11082): setCaptionType = 0, this = DecorView@c88a2b6[]
07-16 10:13:17.654 I/DecorView(11082): getCurrentDensityDpi: from app context. densityDpi=420 msg=resources_loaded
07-16 10:13:17.654 I/DecorView(11082): setWindowBackground: isPopOver=false color=0 d=android.graphics.drawable.ColorDrawable@cf44f24
07-16 10:13:17.788 D/NativeCustomFrequencyManager(11082): [NativeCFMS] BpCustomFrequencyManager::BpCustomFrequencyManager()
07-16 10:13:17.789 I/DecorView(11082): notifyKeepScreenOnChanged: keepScreenOn=false
07-16 10:13:17.811 D/InsetsController(11082): onStateChanged: InsetsState: {mDisplayFrame=Rect(0, 0 - 1080, 2400), mDisplayCutout=DisplayCutout{insets=Rect(0, 88 - 0, 0) waterfall=Insets{left=0, top=0, right=0, bottom=0} boundingRect={Bounds=[Rect(0, 0 - 0, 0), Rect(512, 0 - 568, 88), Rect(0, 0 - 0, 0), Rect(0, 0 - 0, 0)]} cutoutPathParserInfo={CutoutPathParserInfo{displayWidth=1080 displayHeight=2400 physicalDisplayWidth=1080 physicalDisplayHeight=2400 density={2.625} cutoutSpec={M 0,0 M 0,12.25101276465640 a 10.60613009248640,10.60613009248640 0 1,0 0,21.21226018497290 a 10.60613009248640,10.60613009248640 0 1,0 0,-21.21226018497290 Z @dp} rotation={0} scale={1.0} physicalPixelDisplaySizeRatio={1.0}}}}, mRoundedCorners=RoundedCorners{[RoundedCorner{position=TopLeft, radius=84, center=Point(84, 84)}, RoundedCorner{position=TopRight, radius=84, center=Point(996, 84)}, RoundedCorner{position=BottomRight, radius=84, center=Point(996, 2316)}, RoundedCorner{position=BottomLeft, radius=84, center=Point(84, 2316)}]}  mRoundedCornerFrame=Rect(0, 0 - 1080, 2400), mPrivacyIndicatorBounds=PrivacyIndicatorBounds {static bounds=Rect(964, 0 - 1080, 88) rotation=0}, mSources= { InsetsSource: {mType=ITYPE_STATUS_BAR, mFrame=[0,0][1080,88], mVisible=true, mInsetsRoundedCornerFrame=false}, InsetsSource: {mType=ITYPE_NAVIGATION_BAR, mFrame=[0,2274][1080,2400], mVisible=true, mInsetsRoundedCornerFrame=false}, InsetsSource: {mType=ITYPE_LEFT_GESTURES, mFrame=[0,0][0,2400], mVisible=true, mInsetsRoundedCornerFrame=false}, InsetsSource: {mType=ITYPE_RIGHT_GESTURES, mFrame=[1080,0][1080,2400], mVisible=true, mInsetsRoundedCornerFrame=false}, InsetsSource: {mType=ITYPE_TOP_MANDATORY_GESTURES, mFrame=[0,0][1080,120], mVisible=true, mInsetsRoundedCornerFrame=false}, InsetsSource: {mType=ITYPE_BOTTOM_MANDATORY_GESTURES, mFrame=[0,2274][1080,2400], mVisible=true, mInsetsRoundedCornerFrame=false}, InsetsSource: {mType=ITYPE_LEFT_DISPLAY_CUTOUT, mFrame=[0,0][-100000,2400], mVisible=true, mInsetsRoundedCornerFrame=false}, InsetsSource: {mType=ITYPE_TOP_DISPLAY_CUTOUT, mFrame=[0,0][1080,88], mVisible=true, mInsetsRoundedCornerFrame=false}, InsetsSource: {mType=ITYPE_RIGHT_DISPLAY_CUTOUT, mFrame=[100000,0][1080,2400], mVisible=true, mInsetsRoundedCornerFrame=false}, InsetsSource: {mType=ITYPE_BOTTOM_DISPLAY_CUTOUT, mFrame=[0,100000][1080,2400], mVisible=true, mInsetsRoundedCornerFrame=false}, InsetsSource: {mType=ITYPE_TOP_TAPPABLE_ELEMENT, mFrame=[0,0][1080,88], mVisible=true, mInsetsRoundedCornerFrame=false}, InsetsSource: {mType=ITYPE_BOTTOM_TAPPABLE_ELEMENT, mFrame=[0,2274][1080,2400], mVisible=true, mInsetsRoundedCornerFrame=false}, InsetsSource: {mType=ITYPE_IME, mFrame=[0,0][0,0], mVisibleFrame=[0,1499][1080,2400], mVisible=false, mInsetsRoundedCornerFrame=false} } host=app.comaps.fdroid.debug/app.organicmaps.MwmActivity from=android.view.ViewRootImpl.setView:1732
07-16 10:13:17.818 I/ViewRootImpl@898099a[MwmActivity](11082): setView = com.android.internal.policy.DecorView@c88a2b6 TM=true
07-16 10:13:17.965 I/ViewRootImpl@898099a[MwmActivity](11082): performTraversals params={(0,0)(fillxfill) gr=CENTER sim={adjust=resize forwardNavigation} layoutInDisplayCutoutMode=shortEdges ty=APPLICATION fmt=TRANSPARENT wanim=0x7f130006 surfaceInsets=Rect(105, 105 - 105, 105)
07-16 10:13:17.965 I/ViewRootImpl@898099a[MwmActivity](11082):   fl=81810102
07-16 10:13:17.965 I/ViewRootImpl@898099a[MwmActivity](11082):   pfl=16020040
07-16 10:13:17.965 I/ViewRootImpl@898099a[MwmActivity](11082):   vsysui=500
07-16 10:13:17.965 I/ViewRootImpl@898099a[MwmActivity](11082):   bhv=DEFAULT
07-16 10:13:17.965 I/ViewRootImpl@898099a[MwmActivity](11082):   fitSides=
07-16 10:13:17.965 I/ViewRootImpl@898099a[MwmActivity](11082):  dimAmount=0.32 naviIconColor=0}
07-16 10:13:17.966 I/ViewRootImpl@898099a[MwmActivity](11082): performTraversals mFirst=true windowShouldResize=true viewVisibilityChanged=false mForceNextWindowRelayout=false params={(0,0)(fillxfill) gr=CENTER sim={adjust=resize forwardNavigation} layoutInDisplayCutoutMode=shortEdges ty=APPLICATION fmt=TRANSPARENT wanim=0x7f130006 surfaceInsets=Rect(105, 105 - 105, 105)
07-16 10:13:17.966 I/ViewRootImpl@898099a[MwmActivity](11082):   fl=81810102
07-16 10:13:17.966 I/ViewRootImpl@898099a[MwmActivity](11082):   pfl=16020040
07-16 10:13:17.966 I/ViewRootImpl@898099a[MwmActivity](11082):   vsysui=500
07-16 10:13:17.966 I/ViewRootImpl@898099a[MwmActivity](11082):   bhv=DEFAULT
07-16 10:13:17.966 I/ViewRootImpl@898099a[MwmActivity](11082):   fitSides=
07-16 10:13:17.966 I/ViewRootImpl@898099a[MwmActivity](11082):  dimAmount=0.32 naviIconColor=0}
07-16 10:13:17.984 I/ViewRootImpl@898099a[MwmActivity](11082): updateBlastSurfaceIfNeeded mBlastBufferQueue=null isSameSurfaceControl=false
07-16 10:13:17.984 I/BLASTBufferQueue(11082): new BLASTBufferQueue, mName= ViewRootImpl@898099a[MwmActivity] mNativeObject= 0xec8bde80 sc.mNativeObject= 0xdd1bfea0 caller= android.view.ViewRootImpl.updateBlastSurfaceIfNeeded:2909 android.view.ViewRootImpl.relayoutWindow:9847 android.view.ViewRootImpl.performTraversals:3884 android.view.ViewRootImpl.doTraversal:3116 android.view.ViewRootImpl$TraversalRunnable.run:10885 android.view.Choreographer$CallbackRecord.run:1301 android.view.Choreographer$CallbackRecord.run:1309 android.view.Choreographer.doCallbacks:923 android.view.Choreographer.doFrame:852 android.view.Choreographer$FrameDisplayEventReceiver.run:1283 
07-16 10:13:17.985 I/BLASTBufferQueue(11082): update, w= 1290 h= 2610 mName = ViewRootImpl@898099a[MwmActivity] mNativeObject= 0xec8bde80 sc.mNativeObject= 0xdd1bfea0 format= -2 caller= android.graphics.BLASTBufferQueue.<init>:84 android.view.ViewRootImpl.updateBlastSurfaceIfNeeded:2909 android.view.ViewRootImpl.relayoutWindow:9847 android.view.ViewRootImpl.performTraversals:3884 android.view.ViewRootImpl.doTraversal:3116 android.view.ViewRootImpl$TraversalRunnable.run:10885 
07-16 10:13:17.985 I/ViewRootImpl@898099a[MwmActivity](11082): Relayout returned: old=(0,0,1080,2400) new=(0,0,1080,2400) req=(1080,2400)0 dur=17 res=0x3 s={true 0xd76ce400} ch=true seqId=0
07-16 10:13:17.986 I/ViewRootImpl@898099a[MwmActivity](11082): mThreadedRenderer.initialize() mSurface={isValid=true 0xd76ce400} hwInitialized=true
07-16 10:13:17.987 D/OpenGLRenderer(11082): eglCreateWindowSurface
07-16 10:13:18.008 I/ViewRootImpl@898099a[MwmActivity](11082): reportNextDraw android.view.ViewRootImpl.performTraversals:4438 android.view.ViewRootImpl.doTraversal:3116 android.view.ViewRootImpl$TraversalRunnable.run:10885 android.view.Choreographer$CallbackRecord.run:1301 android.view.Choreographer$CallbackRecord.run:1309 
07-16 10:13:18.009 I/ViewRootImpl@898099a[MwmActivity](11082): Setup new sync id=0
07-16 10:13:18.009 I/ViewRootImpl@898099a[MwmActivity](11082): Setting syncFrameCallback
07-16 10:13:18.009 I/ViewRootImpl@898099a[MwmActivity](11082): registerCallbacksForSync syncBuffer=false
07-16 10:13:18.035 I/ViewRootImpl@898099a[MwmActivity](11082): Received frameDrawingCallback syncResult=0 frameNum=1.
07-16 10:13:18.036 I/ViewRootImpl@898099a[MwmActivity](11082): Setting up sync and frameCommitCallback
07-16 10:13:18.212 I/BLASTBufferQueue(11082): [ViewRootImpl@898099a[MwmActivity]#9](f:0,a:0) onFrameAvailable the first frame is available
07-16 10:13:18.213 I/ViewRootImpl@898099a[MwmActivity](11082): Received frameCommittedCallback lastAttemptedDrawFrameNum=1 didProduceBuffer=true
07-16 10:13:18.215 D/OpenGLRenderer(11082): CFMS:: SetUp Pid : 11082    Tid : 11222
07-16 10:13:18.219 I/ViewRootImpl@898099a[MwmActivity](11082): onSyncComplete
07-16 10:13:18.219 I/ViewRootImpl@898099a[MwmActivity](11082): setupSync seqId=0 mSyncId=0 fn=1 caller=android.view.ViewRootImpl$$ExternalSyntheticLambda11.accept:6 android.window.SurfaceSyncer.lambda$setupSync$1$android-window-SurfaceSyncer:128 android.window.SurfaceSyncer$$ExternalSyntheticLambda1.accept:8 android.window.SurfaceSyncer$SyncSet.checkIfSyncIsComplete:382 android.window.SurfaceSyncer$SyncSet.markSyncReady:359 android.window.SurfaceSyncer.markSyncReady:151 android.view.ViewRootImpl.performTraversals:4503 
07-16 10:13:18.220 I/ViewRootImpl@898099a[MwmActivity](11082): reportDrawFinished seqId=0 mSyncId=-1 fn=1 mSurfaceChangedTransaction=0xebf33480
07-16 10:13:18.243 I/ViewRootImpl@5a60db7[MwmActivity](11082): MSG_WINDOW_FOCUS_CHANGED 0 0
07-16 10:13:18.285 I/ViewRootImpl@898099a[MwmActivity](11082): MSG_WINDOW_FOCUS_CHANGED 1 0
07-16 10:13:18.286 I/ViewRootImpl@898099a[MwmActivity](11082): mThreadedRenderer.initializeIfNeeded()#2 mSurface={isValid=true 0xd76ce400}
07-16 10:13:18.287 D/InputMethodManager(11082): startInputInner - Id : 0
07-16 10:13:18.287 I/InputMethodManager(11082): startInputInner - mService.startInputOrWindowGainedFocus
07-16 10:13:18.457 D/LocationState(11082): (main) LocationHelper.java:99 onSatelliteStatusChanged(): total = 2 used = 0 fixed = false
07-16 10:13:18.476 D/LocationState(11082): (main) LocationHelper.java:272 updateProviderDecision(): Selected: fused, with acc. 23.055
07-16 10:13:18.477 D/LocationState(11082): (main) LocationHelper.java:216 onLocationChanged(): provider = AndroidNativeProvider location = Location[fused 43.447789,-3.645368 hAcc=23.055 et=+12d16h12m9s383ms alt=138.20001220703125 vAcc=1.2638735]
07-16 10:13:19.066 D/LocationState(11082): (main) LocationHelper.java:99 onSatelliteStatusChanged(): total = 2 used = 0 fixed = false
07-16 10:13:20.068 D/LocationState(11082): (main) LocationHelper.java:99 onSatelliteStatusChanged(): total = 2 used = 0 fixed = false
07-16 10:13:20.252 I/ViewRootImpl@898099a[MwmActivity](11082): MSG_WINDOW_FOCUS_CHANGED 0 0
07-16 10:13:20.777 D/MapController[Device](11082): (main) MapController.java:84 onPause(): 
07-16 10:13:20.777 I/CoMapsDebug(11082): sdk/Framework.cpp:399 PauseSurfaceRendering () - Pause surface rendering.
07-16 10:13:20.777 I/OMcore  (11082): (main) sdk/Framework.cpp:399 PauseSurfaceRendering(): Pause surface rendering.
07-16 10:13:20.778 D/SensorHelper(11082): (main) SensorHelper.java:119 removeListener(): listener: app.organicmaps.MwmActivity@ba1c77b count was: 1
07-16 10:13:20.779 D/MwmApplication(11082): (main) MwmApplication.java:192 onActivityPaused(): activity = app.organicmaps.MwmActivity@ba1c77b
07-16 10:13:20.784 I/ViewRootImpl@898099a[MwmActivity](11082): handleAppVisibility mAppVisible = true visible = false
07-16 10:13:20.784 I/ViewRootImpl@5a60db7[MwmActivity](11082): handleAppVisibility mAppVisible = true visible = false
07-16 10:13:20.803 D/OpenGLRenderer(11082): setSurface called with nullptr
07-16 10:13:20.803 D/OpenGLRenderer(11082): setSurface() destroyed EGLSurface
07-16 10:13:20.803 D/OpenGLRenderer(11082): destroyEglSurface
07-16 10:13:20.809 I/ViewRootImpl@898099a[MwmActivity](11082): performTraversals mFirst=false windowShouldResize=false viewVisibilityChanged=true mForceNextWindowRelayout=false params=null
07-16 10:13:20.829 I/ViewRootImpl@898099a[MwmActivity](11082): Relayout returned: old=(0,0,1080,2400) new=(0,0,1080,2400) req=(1080,2400)8 dur=11 res=0x2 s={false 0x0} ch=true seqId=0
07-16 10:13:20.829 I/SurfaceView@45f0173(11082): onWindowVisibilityChanged(8) false app.organicmaps.sdk.MapView{45f0173 V.E...... ........ 0,0-1080,2400 #7f090237 app:id/map} of ViewRootImpl@5a60db7[MwmActivity]
07-16 10:13:20.830 I/SurfaceView@45f0173(11082): Changes: creating=false format=false size=false visible=true alpha=false hint=false mUseAlpha=false visible=true left=false top=false
07-16 10:13:20.831 I/SurfaceView@45f0173(11082): 73335155 Cur surface: Surface(name=null)/@0x929d9ee
07-16 10:13:20.832 I/SurfaceView@45f0173(11082): applyTransactionOnVriDraw: vri = ViewRootImpl@5a60db7[MwmActivity] fRS = false t = 0xde130000 android.view.SurfaceView.performSurfaceTransaction:959 android.view.SurfaceView.updateSurface:1105 android.view.SurfaceView.onWindowVisibilityChanged:371 
07-16 10:13:20.834 I/ViewRootImpl@5a60db7[MwmActivity](11082): applyTransactionOnDraw: mRemoved = false isHardwareEnabled = true t = 0xde130000android.view.SurfaceView.applyTransactionOnVriDraw:2048 android.view.SurfaceView.performSurfaceTransaction:959 android.view.SurfaceView.updateSurface:1105 android.view.SurfaceView.onWindowVisibilityChanged:371 android.view.View.dispatchWindowVisibilityChanged:15943 
07-16 10:13:20.834 I/SurfaceView@45f0173(11082): surfaceDestroyed
07-16 10:13:20.834 I/SurfaceView@45f0173(11082): surfaceDestroyed callback.size 1 #2 app.organicmaps.sdk.MapView{45f0173 V.E...... ........ 0,0-1080,2400 #7f090237 app:id/map}
07-16 10:13:20.835 D/MapView (11082): (main) MapView.java:44 surfaceDestroyed(): 
07-16 10:13:20.836 D/Map     (11082): (main) Map.java:224 onSurfaceDestroyed(): mSurfaceCreated = true, mSurfaceAttached = true
07-16 10:13:20.837 I/CoMapsDebug(11082): sdk/Framework.cpp:297 DetachSurface () - Detach surface started. destroySurface = 1
07-16 10:13:20.837 I/OMcore  (11082): (main) sdk/Framework.cpp:297 DetachSurface(): Detach surface started. destroySurface = 1
07-16 10:13:20.838 I/CoMapsDebug(11082): sdk/Framework.cpp:310 DetachSurface () - Destroy surface.
07-16 10:13:20.839 I/OMcore  (11082): (main) sdk/Framework.cpp:310 DetachSurface(): Destroy surface.
07-16 10:13:20.846 D/CoMapsDebug(11082): drape_frontend/drape_engine.cpp:382 SetRenderingDisabled () - Rendering disabled
07-16 10:13:20.847 D/OMcore  (11082): (main) drape_frontend/drape_engine.cpp:382 SetRenderingDisabled(): Rendering disabled
07-16 10:13:20.878 I/CoMapsDebug(11082): sdk/Framework.cpp:332 DetachSurface () - Detach surface finished.
07-16 10:13:20.879 I/OMcore  (11082): (main) sdk/Framework.cpp:332 DetachSurface(): Detach surface finished.
07-16 10:13:20.879 I/SurfaceView@45f0173(11082): updateSurface: mVisible = false mSurface.isValid() = true
07-16 10:13:20.887 I/SurfaceView@45f0173(11082): releaseSurfaces: viewRoot = ViewRootImpl@5a60db7[MwmActivity]
07-16 10:13:20.888 I/SurfaceView@45f0173(11082): applyTransactionOnVriDraw: vri = ViewRootImpl@5a60db7[MwmActivity] fRS = true t = 0xea443ba0 android.view.SurfaceView.releaseSurfaces:858 android.view.SurfaceView.updateSurface:1172 android.view.SurfaceView.onWindowVisibilityChanged:371 
07-16 10:13:20.888 I/SurfaceView@45f0173(11082): applyTransactionOnVriDraw: viewRoot.applyTransactionOnDrawFromReleaseSurfaces
07-16 10:13:20.888 I/ViewRootImpl@5a60db7[MwmActivity](11082): from releaseSurfaces t.apply t = 0xea443ba0
07-16 10:13:20.890 V/SurfaceView@45f0173(11082): Layout: x=0 y=0 w=1080 h=2400, frame=Rect(0, 0 - 1080, 2400)
07-16 10:13:20.979 D/SurfaceView@45f0173(11082): windowPositionLost, frameNr = 0
07-16 10:13:20.981 D/OpenGLRenderer(11082): setSurface called with nullptr
07-16 10:13:20.981 D/OpenGLRenderer(11082): setSurface() destroyed EGLSurface
07-16 10:13:20.981 D/OpenGLRenderer(11082): destroyEglSurface
07-16 10:13:20.984 I/ViewRootImpl@5a60db7[MwmActivity](11082): performTraversals mFirst=false windowShouldResize=false viewVisibilityChanged=true mForceNextWindowRelayout=false params=null
07-16 10:13:20.993 I/ViewRootImpl@5a60db7[MwmActivity](11082): Relayout returned: old=(0,0,1080,2400) new=(0,0,1080,2400) req=(1080,2400)8 dur=7 res=0x2 s={false 0x0} ch=true seqId=0
07-16 10:13:20.994 I/SurfaceView@45f0173(11082): windowStopped(true) false app.organicmaps.sdk.MapView{45f0173 V.E...... ........ 0,0-1080,2400 #7f090237 app:id/map} of ViewRootImpl@5a60db7[MwmActivity]
07-16 10:13:20.994 D/SurfaceView@45f0173(11082): updateSurface: surface is not valid
07-16 10:13:20.994 I/SurfaceView@45f0173(11082): releaseSurfaces: viewRoot = ViewRootImpl@5a60db7[MwmActivity]
07-16 10:13:20.994 I/SurfaceView@45f0173(11082): applyTransactionOnVriDraw: vri = ViewRootImpl@5a60db7[MwmActivity] fRS = true t = 0xe9b0f760 android.view.SurfaceView.releaseSurfaces:858 android.view.SurfaceView.updateSurface:998 android.view.SurfaceView.setWindowStopped:335 
07-16 10:13:20.995 I/SurfaceView@45f0173(11082): applyTransactionOnVriDraw: viewRoot.applyTransactionOnDrawFromReleaseSurfaces
07-16 10:13:20.995 I/ViewRootImpl@5a60db7[MwmActivity](11082): from releaseSurfaces t.apply t = 0xe9b0f760
07-16 10:13:20.995 D/SurfaceView@45f0173(11082): updateSurface: surface is not valid
07-16 10:13:20.995 I/SurfaceView@45f0173(11082): releaseSurfaces: viewRoot = ViewRootImpl@5a60db7[MwmActivity]
07-16 10:13:20.996 I/SurfaceView@45f0173(11082): applyTransactionOnVriDraw: vri = ViewRootImpl@5a60db7[MwmActivity] fRS = true t = 0xec955b00 android.view.SurfaceView.releaseSurfaces:858 android.view.SurfaceView.updateSurface:998 android.view.SurfaceView.lambda$new$0$android-view-SurfaceView:200 
07-16 10:13:20.996 I/SurfaceView@45f0173(11082): applyTransactionOnVriDraw: viewRoot.applyTransactionOnDrawFromReleaseSurfaces
07-16 10:13:20.996 I/ViewRootImpl@5a60db7[MwmActivity](11082): from releaseSurfaces t.apply t = 0xec955b00
07-16 10:13:20.999 D/MwmActivity(11082): (main) MwmActivity.java:2573 onTrimMemory(): trim memory, level = 20
07-16 10:13:21.000 I/CoMapsDebug(11082): map/framework.cpp:1241 MemoryWarning () - MemoryWarning
07-16 10:13:21.000 I/OMcore  (11082): (main) map/framework.cpp:1241 MemoryWarning(): MemoryWarning
07-16 10:13:21.013 D/InputTransport(11082): Input channel destroyed: 'ClientS', fd=230
07-16 10:13:21.017 D/MapController[Device](11082): (main) MapController.java:91 onStop(): 
07-16 10:13:21.019 I/ViewRootImpl@898099a[MwmActivity](11082): stopped(true) old = false
07-16 10:13:21.020 I/ViewRootImpl@898099a[MwmActivity](11082): WindowStopped on app.comaps.fdroid.debug/app.organicmaps.MwmActivity set to true
07-16 10:13:21.020 I/ViewRootImpl@5a60db7[MwmActivity](11082): stopped(true) old = false
07-16 10:13:21.020 I/ViewRootImpl@5a60db7[MwmActivity](11082): WindowStopped on app.comaps.fdroid.debug/app.organicmaps.MwmActivity set to true
07-16 10:13:21.031 I/MSHandlerLifeCycle(11082): check: return. pkg=app.comaps.fdroid.debug isActivity=false callers=com.android.internal.policy.DecorView.setVisibility:4412 android.app.Dialog.hide:767 androidx.fragment.app.DialogFragment.onStop:1028 androidx.fragment.app.Fragment.performStop:3346 androidx.fragment.app.FragmentStateManager.stop:700 
07-16 10:13:21.031 I/MSHandlerLifeCycle(11082): removeMultiSplitHandler: no exist. decor=DecorView@c88a2b6[MwmActivity]
07-16 10:13:21.033 I/CoMapsDebug(11082): sdk/Framework.cpp:958 Java_app_organicmaps_sdk_Framework_nativeRemovePlacePageActivationListener () - Remove global map object listener
07-16 10:13:21.033 I/OMcore  (11082): (main) sdk/Framework.cpp:958 Java_app_organicmaps_sdk_Framework_nativeRemovePlacePageActivationListener(): Remove global map object listener
07-16 10:13:21.034 D/LocationState(11082): (main) LocationHelper.java:386 removeListener(): listener: app.organicmaps.MwmActivity@ba1c77b count was: 1
07-16 10:13:21.035 I/Utils   (11082): (main) Utils.java:78 keepScreenOn(): KeepScreenOn = false window = com.android.internal.policy.PhoneWindow@7188c92
07-16 10:13:21.036 I/DecorView(11082): notifyKeepScreenOnChanged: keepScreenOn=false
07-16 10:13:21.048 D/MwmApplication(11082): (main) MwmApplication.java:203 onActivitySaveInstanceState(): activity = app.organicmaps.MwmActivity@ba1c77b outState = Bundle[{has_driving_options_view=true, android:viewHierarchyState=Bundle[{android:views={16908290=android.view.AbsSavedState$1@3bf91cd, 2131296314=android.view.AbsSavedState$1@3bf91cd, 2131296325=android.view.AbsSavedState$1@3bf91cd, 2131296338=android.view.AbsSavedState$1@3bf91cd, 2131296339=android.view.AbsSavedState$1@3bf91cd, 2131296340=android.view.AbsSavedState$1@3bf91cd, 2131296374=android.view.AbsSavedState$1@3bf91cd, 2131296381=CompoundButton.SavedState{2115f6a checked=false}, 2131296427=com.google.android.material.button.MaterialButton$SavedState@2741c5b, 2131296429=com.google.android.material.button.MaterialButton$SavedState@575fcf8, 2131296430=android.view.AbsSavedState$1@3bf91cd, 2131296435=com.google.android.material.button.MaterialButton$SavedState@62075d1, 2131296436=android.view.AbsSavedState$1@3bf91cd, 2131296452=android.view.AbsSavedState$1@3bf91cd, 2131296474=android.view.AbsSavedState$1@3bf91cd, 2131296475=android.view.AbsSavedState$1@3bf91cd, 2131296491=android.view.AbsSavedState$1@3bf91cd, 2131296494=androidx.coordinatorlayout.widget.CoordinatorLayout$SavedState@5e0836, 2131296555=android.view.AbsSavedState$1@3bf91cd, 2131296556=android.view.AbsSavedState$1@3bf91cd, 2131296557=android.view.AbsSavedState$1@3bf91cd, 2131296559=android.view.AbsSavedState$1@3bf91cd, 2131296566=ExtendableSavedState{e4e2337 states={expandableWidgetHelper=Bundle[{expanded=false, expandedComponentIdHint=0}]}}, 2131296567=android.view.AbsSavedState$1@3bf91cd, 2131296568=android.view.AbsSavedState$1@3bf91cd, 2131296571=com.google.android.material.button.MaterialButton$SavedState@989f0a4, 2131296572=android.view.AbsSavedState$1@3bf91cd, 2131296573=android.view.AbsSavedState$1@3bf91cd, 2131296576=android.view.AbsSavedState$1@3bf91cd, 2131296579=android.view.AbsSavedState$1@3bf91cd, 2131296625=android.view.AbsSavedState$1@3bf91cd, 2131296632=android.view.AbsSavedState$1@3bf91cd, 2131296633=android.view.AbsSavedState$1@3bf91cd, 2131296634=android.view.AbsSavedState$1@3bf91cd, 2131296635=android.view.AbsSavedState$1@3bf91cd, 2131296636=android.view.AbsSavedState$1@3bf91cd, 2131296649=android.view.AbsSavedState$1@3bf91cd, 2131296714=android.view.AbsSavedState$1@3bf91cd, 2131296754=android.view.AbsSavedState$1@3bf91cd, 2131296765=android.view.AbsSavedState$1@3bf91cd, 2131296823=android.view.AbsSavedState$1@3bf91cd, 2131296824=android.view.AbsSavedState$1@3bf91cd, 2131296829=android.view.AbsSavedState$1@3bf91cd, 2131296865=android.view.AbsSavedState$1@3bf91cd, 2131296907=android.view.AbsSavedState$1@3bf91cd, 2131296908=android.view.AbsSavedState$1@3bf91cd, 2131296909=android.view.AbsSavedState$1@3bf91cd, 2131296910=androidx.coordinatorlayout.widget.CoordinatorLayout$SavedState@9e59e0d, 2131296911=android.view.AbsSavedState$1@3bf91cd, 2131296912=android.view.AbsSavedState$1@3bf91cd, 2131296913=android.view.AbsSavedState$1@3bf91cd, 2131296914=android.view.AbsSavedState$1@3bf91cd, 2131296915=android.view.AbsSavedState$1@3bf91cd, 2131296916=android.view.AbsSavedState$1@3bf91cd, 2131296917=android.view.AbsSavedState$1@3bf91cd, 2131296926=android.view.AbsSavedState$1@3bf91cd, 2131296928=android.view.AbsSavedState$1@3bf91cd, 2131296933=android.view.AbsSavedState$1@3bf91cd, 2131296946=android.view.AbsSavedState$1@3bf91cd, 2131296955=ScrollView.SavedState{7fa71c2 scrollPosition=0}, 2131296993=CompoundButton.SavedState{257bbd3 checked=true}, 2131296994=android.view.AbsSavedState$1@3bf91cd, 2131297006=android.view.AbsSavedState$1@3bf91cd, 2131297024=android.view.AbsSavedState$1@3bf91cd, 2131297035=android.widget.ProgressBar$SavedState@2c77310, 2131297036=android.view.AbsSavedState$1@3bf91cd, 2131297038=android.view.AbsSavedState$1@3bf91cd, 2131297040=android.widget.ProgressBar$SavedState@25b0e09, 2131297041=android.view.AbsSavedState$1@3bf91cd, 2131297042=android.view.AbsSavedState$1@3bf91cd, 2131297043=android.view.AbsSavedState$1@3bf91cd, 2131297044=android.view.AbsSavedState$1@3
07-16 10:13:21.059 I/MSHandlerLifeCycle(11082): removeMultiSplitHandler: no exist. decor=DecorView@53e5e18[MwmActivity]
07-16 10:13:21.068 I/ViewRootImpl@5a60db7[MwmActivity](11082): performTraversals params={(0,0)(fillxfill) sim={state=always_hidden adjust=pan} layoutInDisplayCutoutMode=always ty=BASE_APPLICATION wanim=0x1030309
07-16 10:13:21.068 I/ViewRootImpl@5a60db7[MwmActivity](11082):   fl=81810100
07-16 10:13:21.068 I/ViewRootImpl@5a60db7[MwmActivity](11082):   pfl=16020040
07-16 10:13:21.068 I/ViewRootImpl@5a60db7[MwmActivity](11082):   vsysui=310
07-16 10:13:21.068 I/ViewRootImpl@5a60db7[MwmActivity](11082):   apr=LIGHT_NAVIGATION_BARS
07-16 10:13:21.068 I/ViewRootImpl@5a60db7[MwmActivity](11082):   bhv=DEFAULT
07-16 10:13:21.068 I/ViewRootImpl@5a60db7[MwmActivity](11082):   fitSides= naviIconColor=0}
07-16 10:13:21.076 I/ViewRootImpl@5a60db7[MwmActivity](11082): performTraversals mFirst=false windowShouldResize=false viewVisibilityChanged=false mForceNextWindowRelayout=false params={(0,0)(fillxfill) sim={state=always_hidden adjust=pan} layoutInDisplayCutoutMode=always ty=BASE_APPLICATION fmt=TRANSLUCENT wanim=0x1030309
07-16 10:13:21.076 I/ViewRootImpl@5a60db7[MwmActivity](11082):   fl=81810100
07-16 10:13:21.076 I/ViewRootImpl@5a60db7[MwmActivity](11082):   pfl=16020040
07-16 10:13:21.076 I/ViewRootImpl@5a60db7[MwmActivity](11082):   vsysui=310
07-16 10:13:21.076 I/ViewRootImpl@5a60db7[MwmActivity](11082):   apr=LIGHT_NAVIGATION_BARS
07-16 10:13:21.076 I/ViewRootImpl@5a60db7[MwmActivity](11082):   bhv=DEFAULT
07-16 10:13:21.076 I/ViewRootImpl@5a60db7[MwmActivity](11082):   fitSides= naviIconColor=0}
07-16 10:13:21.085 I/ViewRootImpl@5a60db7[MwmActivity](11082): Relayout returned: old=(0,0,1080,2400) new=(0,0,1080,2400) req=(1080,2400)8 dur=9 res=0x2 s={false 0x0} ch=false seqId=0
07-16 10:13:21.086 D/SurfaceView@45f0173(11082): updateSurface: surface is not valid
07-16 10:13:21.086 I/SurfaceView@45f0173(11082): releaseSurfaces: viewRoot = ViewRootImpl@5a60db7[MwmActivity]
07-16 10:13:21.086 I/SurfaceView@45f0173(11082): applyTransactionOnVriDraw: vri = ViewRootImpl@5a60db7[MwmActivity] fRS = true t = 0xea440720 android.view.SurfaceView.releaseSurfaces:858 android.view.SurfaceView.updateSurface:998 android.view.SurfaceView.lambda$new$0$android-view-SurfaceView:200 
07-16 10:13:21.087 I/SurfaceView@45f0173(11082): applyTransactionOnVriDraw: viewRoot.applyTransactionOnDrawFromReleaseSurfaces
07-16 10:13:21.087 I/ViewRootImpl@5a60db7[MwmActivity](11082): from releaseSurfaces t.apply t = 0xea440720
07-16 10:13:21.126 D/InputTransport(11082): Input channel destroyed: 'ClientS', fd=339
07-16 10:13:21.481 D/MwmApplication(11082): (main) MwmApplication.java:221 onBackground(): 
07-16 10:13:21.501 I/LocationState(11082): (main) MwmApplication.java:235 onBackground(): Stopping location in the background
07-16 10:13:21.502 I/LocationState(11082): (main) LocationHelper.java:459 stop(): 
07-16 10:13:21.502 D/AndroidNativeProvider(11082): (main) AndroidNativeProvider.java:128 stop(): 
07-16 10:13:21.510 D/SensorHelper(11082): (main) SensorHelper.java:152 stop(): 
07-16 10:13:21.515 D/SensorManager(11082): unregisterListener
07-16 10:14:52.601 I/ViewRootImpl@898099a[MwmActivity](11082): handleAppVisibility mAppVisible = false visible = true
07-16 10:14:52.603 I/ViewRootImpl@5a60db7[MwmActivity](11082): handleAppVisibility mAppVisible = false visible = true
07-16 10:14:52.604 I/ViewRootImpl@898099a[MwmActivity](11082): stopped(false) old = true
07-16 10:14:52.605 I/ViewRootImpl@898099a[MwmActivity](11082): WindowStopped on app.comaps.fdroid.debug/app.organicmaps.MwmActivity set to false
07-16 10:14:52.607 I/ViewRootImpl@5a60db7[MwmActivity](11082): stopped(false) old = true
07-16 10:14:52.607 I/ViewRootImpl@5a60db7[MwmActivity](11082): WindowStopped on app.comaps.fdroid.debug/app.organicmaps.MwmActivity set to false
07-16 10:14:52.640 I/MSHandlerLifeCycle(11082): check: return. pkg=app.comaps.fdroid.debug isActivity=false callers=com.android.internal.policy.DecorView.setVisibility:4412 android.app.Dialog.show:454 androidx.fragment.app.DialogFragment.onStart:988 androidx.fragment.app.Fragment.performStart:3192 androidx.fragment.app.FragmentStateManager.start:648 
07-16 10:14:52.641 I/MSHandlerLifeCycle(11082): removeMultiSplitHandler: no exist. decor=DecorView@c88a2b6[MwmActivity]
07-16 10:14:52.645 I/CoMapsDebug(11082): sdk/Framework.cpp:916 Java_app_organicmaps_sdk_Framework_nativePlacePageActivationListener () - Set global map object listener
07-16 10:14:52.645 I/OMcore  (11082): (main) sdk/Framework.cpp:916 Java_app_organicmaps_sdk_Framework_nativePlacePageActivationListener(): Set global map object listener
07-16 10:14:52.647 D/LocationState(11082): (main) LocationHelper.java:372 addListener(): listener: app.organicmaps.MwmActivity@ba1c77b count was: 0
07-16 10:14:52.648 I/Utils   (11082): (main) Utils.java:78 keepScreenOn(): KeepScreenOn = false window = com.android.internal.policy.PhoneWindow@7188c92
07-16 10:14:52.650 I/DecorView(11082): notifyKeepScreenOnChanged: keepScreenOn=false
07-16 10:14:52.654 D/MwmApplication(11082): (main) MwmApplication.java:214 onForeground(): 
07-16 10:14:52.656 I/LocationState(11082): (main) LocationHelper.java:432 start(): 
07-16 10:14:52.658 D/SensorHelper(11082): (main) SensorHelper.java:144 start(): 
07-16 10:14:52.664 D/SensorManager(11082): registerListener :: 1936879478, Samsung Rotation Vector Sensor, 66667, 0, 
07-16 10:14:52.665 I/LocationState(11082): (main) LocationHelper.java:440 start(): provider = AndroidNativeProvider mInFirstRun = false oldInterval = 500 interval = 500
07-16 10:14:52.665 D/AndroidNativeProvider(11082): (main) AndroidNativeProvider.java:80 start(): 
07-16 10:14:52.667 D/AndroidNativeProvider(11082): (main) AndroidNativeProvider.java:116 start(): Request Android native provider 'fused' to get locations at this interval = 500 ms
07-16 10:14:52.677 D/MapController[Device](11082): (main) MapController.java:70 onStart(): 
07-16 10:14:52.690 I/MSHandlerLifeCycle(11082): removeMultiSplitHandler: no exist. decor=DecorView@53e5e18[MwmActivity]
07-16 10:14:52.690 I/ViewRootImpl@898099a[MwmActivity](11082): stopped(false) old = false
07-16 10:14:52.690 I/ViewRootImpl@5a60db7[MwmActivity](11082): stopped(false) old = false
07-16 10:14:52.691 D/MwmApplication(11082): (main) MwmApplication.java:183 onActivityResumed(): activity = app.organicmaps.MwmActivity@ba1c77b
07-16 10:14:52.691 I/Utils   (11082): (main) Utils.java:95 showOnLockScreen(): showOnLockScreen = false window = com.android.internal.policy.PhoneWindow@7188c92
07-16 10:14:52.692 I/SensorHelper(11082): (main) SensorHelper.java:94 setRotation(): rotation = 0
07-16 10:14:52.695 I/DecorView(11082): notifyKeepScreenOnChanged: keepScreenOn=false
07-16 10:14:52.712 D/SensorHelper(11082): (main) SensorHelper.java:105 addListener(): listener: app.organicmaps.MwmActivity@ba1c77b count was: 0
07-16 10:14:52.856 D/MapController[Device](11082): (main) MapController.java:77 onResume(): 
07-16 10:14:52.857 I/DecorView(11082): notifyKeepScreenOnChanged: keepScreenOn=false
07-16 10:14:52.858 I/MSHandlerLifeCycle(11082): removeMultiSplitHandler: no exist. decor=DecorView@53e5e18[MwmActivity]
07-16 10:14:52.858 W/onAccuracyChanged(11082): Sensor android.sensor.rotation_vector has changed accuracy to 3
07-16 10:14:52.863 I/ViewRootImpl@898099a[MwmActivity](11082): performTraversals mFirst=false windowShouldResize=false viewVisibilityChanged=true mForceNextWindowRelayout=false params=null
07-16 10:14:52.875 I/ViewRootImpl@898099a[MwmActivity](11082): updateBlastSurfaceIfNeeded mBlastBufferQueue=null isSameSurfaceControl=false
07-16 10:14:52.876 I/BLASTBufferQueue(11082): new BLASTBufferQueue, mName= ViewRootImpl@898099a[MwmActivity] mNativeObject= 0xd7a37f00 sc.mNativeObject= 0xec478730 caller= android.view.ViewRootImpl.updateBlastSurfaceIfNeeded:2909 android.view.ViewRootImpl.relayoutWindow:9847 android.view.ViewRootImpl.performTraversals:3884 android.view.ViewRootImpl.doTraversal:3116 android.view.ViewRootImpl$TraversalRunnable.run:10885 android.view.Choreographer$CallbackRecord.run:1301 android.view.Choreographer$CallbackRecord.run:1309 android.view.Choreographer.doCallbacks:923 android.view.Choreographer.doFrame:852 android.view.Choreographer$FrameDisplayEventReceiver.run:1283 
07-16 10:14:52.876 I/BLASTBufferQueue(11082): update, w= 1290 h= 2610 mName = ViewRootImpl@898099a[MwmActivity] mNativeObject= 0xd7a37f00 sc.mNativeObject= 0xec478730 format= -2 caller= android.graphics.BLASTBufferQueue.<init>:84 android.view.ViewRootImpl.updateBlastSurfaceIfNeeded:2909 android.view.ViewRootImpl.relayoutWindow:9847 android.view.ViewRootImpl.performTraversals:3884 android.view.ViewRootImpl.doTraversal:3116 android.view.ViewRootImpl$TraversalRunnable.run:10885 
07-16 10:14:52.877 I/ViewRootImpl@898099a[MwmActivity](11082): Relayout returned: old=(0,0,1080,2400) new=(0,0,1080,2400) req=(1080,2400)0 dur=12 res=0x3 s={true 0xe9382800} ch=true seqId=0
07-16 10:14:52.878 I/ViewRootImpl@898099a[MwmActivity](11082): mThreadedRenderer.initialize() mSurface={isValid=true 0xe9382800} hwInitialized=true
07-16 10:14:52.878 I/ViewRootImpl@898099a[MwmActivity](11082): reportNextDraw android.view.ViewRootImpl.performTraversals:4438 android.view.ViewRootImpl.doTraversal:3116 android.view.ViewRootImpl$TraversalRunnable.run:10885 android.view.Choreographer$CallbackRecord.run:1301 android.view.Choreographer$CallbackRecord.run:1309 
07-16 10:14:52.878 I/ViewRootImpl@898099a[MwmActivity](11082): Setup new sync id=1
07-16 10:14:52.878 I/ViewRootImpl@898099a[MwmActivity](11082): Setting syncFrameCallback
07-16 10:14:52.879 I/ViewRootImpl@898099a[MwmActivity](11082): registerCallbacksForSync syncBuffer=false
07-16 10:14:52.879 D/OpenGLRenderer(11082): eglCreateWindowSurface
07-16 10:14:52.904 I/ViewRootImpl@898099a[MwmActivity](11082): Received frameDrawingCallback syncResult=0 frameNum=1.
07-16 10:14:52.905 I/ViewRootImpl@898099a[MwmActivity](11082): Setting up sync and frameCommitCallback
07-16 10:14:52.927 I/BLASTBufferQueue(11082): [ViewRootImpl@898099a[MwmActivity]#10](f:0,a:0) onFrameAvailable the first frame is available
07-16 10:14:52.928 I/ViewRootImpl@898099a[MwmActivity](11082): Received frameCommittedCallback lastAttemptedDrawFrameNum=1 didProduceBuffer=true
07-16 10:14:52.929 I/ViewRootImpl@898099a[MwmActivity](11082): onSyncComplete
07-16 10:14:52.929 I/ViewRootImpl@898099a[MwmActivity](11082): setupSync seqId=0 mSyncId=1 fn=1 caller=android.view.ViewRootImpl$$ExternalSyntheticLambda11.accept:6 android.window.SurfaceSyncer.lambda$setupSync$1$android-window-SurfaceSyncer:128 android.window.SurfaceSyncer$$ExternalSyntheticLambda1.accept:8 android.window.SurfaceSyncer$SyncSet.checkIfSyncIsComplete:382 android.window.SurfaceSyncer$SyncSet.markSyncReady:359 android.window.SurfaceSyncer.markSyncReady:151 android.view.ViewRootImpl.performTraversals:4503 
07-16 10:14:52.930 I/SurfaceView@45f0173(11082): onWindowVisibilityChanged(0) false app.organicmaps.sdk.MapView{45f0173 V.E...... ........ 0,0-1080,2400 #7f090237 app:id/map} of ViewRootImpl@5a60db7[MwmActivity]
07-16 10:14:52.930 D/SurfaceView@45f0173(11082): updateSurface: surface is not valid
07-16 10:14:52.930 I/SurfaceView@45f0173(11082): releaseSurfaces: viewRoot = ViewRootImpl@5a60db7[MwmActivity]
07-16 10:14:52.930 I/SurfaceView@45f0173(11082): applyTransactionOnVriDraw: vri = ViewRootImpl@5a60db7[MwmActivity] fRS = true t = 0xea443c40 android.view.SurfaceView.releaseSurfaces:858 android.view.SurfaceView.updateSurface:998 android.view.SurfaceView.onWindowVisibilityChanged:371 
07-16 10:14:52.930 I/SurfaceView@45f0173(11082): applyTransactionOnVriDraw: viewRoot.applyTransactionOnDrawFromReleaseSurfaces
07-16 10:14:52.931 I/ViewRootImpl@5a60db7[MwmActivity](11082): applyTransactionOnDraw: mRemoved = false isHardwareEnabled = false t = 0xea443c40android.view.ViewRootImpl.applyTransactionOnDrawFromReleaseSurfaces:12850 android.view.SurfaceView.applyTransactionOnVriDraw:2046 android.view.SurfaceView.releaseSurfaces:858 android.view.SurfaceView.updateSurface:998 android.view.SurfaceView.onWindowVisibilityChanged:371 
07-16 10:14:52.960 I/ViewRootImpl@5a60db7[MwmActivity](11082): performTraversals params={(0,0)(fillxfill) sim={state=always_hidden adjust=pan forwardNavigation} layoutInDisplayCutoutMode=always ty=BASE_APPLICATION wanim=0x1030309
07-16 10:14:52.960 I/ViewRootImpl@5a60db7[MwmActivity](11082):   fl=81810100
07-16 10:14:52.960 I/ViewRootImpl@5a60db7[MwmActivity](11082):   pfl=16020040
07-16 10:14:52.960 I/ViewRootImpl@5a60db7[MwmActivity](11082):   vsysui=310
07-16 10:14:52.960 I/ViewRootImpl@5a60db7[MwmActivity](11082):   apr=LIGHT_NAVIGATION_BARS
07-16 10:14:52.960 I/ViewRootImpl@5a60db7[MwmActivity](11082):   bhv=DEFAULT
07-16 10:14:52.960 I/ViewRootImpl@5a60db7[MwmActivity](11082):   fitSides= naviIconColor=0}
07-16 10:14:52.962 I/ViewRootImpl@5a60db7[MwmActivity](11082): performTraversals mFirst=false windowShouldResize=false viewVisibilityChanged=true mForceNextWindowRelayout=false params={(0,0)(fillxfill) sim={state=always_hidden adjust=pan forwardNavigation} layoutInDisplayCutoutMode=always ty=BASE_APPLICATION fmt=TRANSLUCENT wanim=0x1030309
07-16 10:14:52.962 I/ViewRootImpl@5a60db7[MwmActivity](11082):   fl=81810100
07-16 10:14:52.962 I/ViewRootImpl@5a60db7[MwmActivity](11082):   pfl=16020040
07-16 10:14:52.962 I/ViewRootImpl@5a60db7[MwmActivity](11082):   vsysui=310
07-16 10:14:52.962 I/ViewRootImpl@5a60db7[MwmActivity](11082):   apr=LIGHT_NAVIGATION_BARS
07-16 10:14:52.962 I/ViewRootImpl@5a60db7[MwmActivity](11082):   bhv=DEFAULT
07-16 10:14:52.962 I/ViewRootImpl@5a60db7[MwmActivity](11082):   fitSides= naviIconColor=0}
07-16 10:14:52.970 I/ViewRootImpl@5a60db7[MwmActivity](11082): updateBlastSurfaceIfNeeded mBlastBufferQueue=null isSameSurfaceControl=false
07-16 10:14:52.971 I/BLASTBufferQueue(11082): new BLASTBufferQueue, mName= ViewRootImpl@5a60db7[MwmActivity] mNativeObject= 0xdd68ea00 sc.mNativeObject= 0xe905c330 caller= android.view.ViewRootImpl.updateBlastSurfaceIfNeeded:2909 android.view.ViewRootImpl.relayoutWindow:9847 android.view.ViewRootImpl.performTraversals:3884 android.view.ViewRootImpl.doTraversal:3116 android.view.ViewRootImpl$TraversalRunnable.run:10885 android.view.Choreographer$CallbackRecord.run:1301 android.view.Choreographer$CallbackRecord.run:1309 android.view.Choreographer.doCallbacks:923 android.view.Choreographer.doFrame:852 android.view.Choreographer$FrameDisplayEventReceiver.run:1283 
07-16 10:14:52.971 I/BLASTBufferQueue(11082): update, w= 1080 h= 2400 mName = ViewRootImpl@5a60db7[MwmActivity] mNativeObject= 0xdd68ea00 sc.mNativeObject= 0xe905c330 format= -3 caller= android.graphics.BLASTBufferQueue.<init>:84 android.view.ViewRootImpl.updateBlastSurfaceIfNeeded:2909 android.view.ViewRootImpl.relayoutWindow:9847 android.view.ViewRootImpl.performTraversals:3884 android.view.ViewRootImpl.doTraversal:3116 android.view.ViewRootImpl$TraversalRunnable.run:10885 
07-16 10:14:52.972 I/ViewRootImpl@5a60db7[MwmActivity](11082): Relayout returned: old=(0,0,1080,2400) new=(0,0,1080,2400) req=(1080,2400)0 dur=8 res=0x3 s={true 0xe937f000} ch=true seqId=0
07-16 10:14:52.972 I/ViewRootImpl@5a60db7[MwmActivity](11082): mThreadedRenderer.initialize() mSurface={isValid=true 0xe937f000} hwInitialized=true
07-16 10:14:52.973 D/OpenGLRenderer(11082): eglCreateWindowSurface
07-16 10:14:52.973 I/SurfaceView@45f0173(11082): Changes: creating=false format=false size=false visible=false alpha=false hint=false mUseAlpha=false visible=false left=false top=false
07-16 10:14:52.977 I/SurfaceView@45f0173(11082): windowStopped(false) true app.organicmaps.sdk.MapView{45f0173 V.E...... ........ 0,0-1080,2400 #7f090237 app:id/map} of ViewRootImpl@5a60db7[MwmActivity]
07-16 10:14:52.977 I/SurfaceView@45f0173(11082): Changes: creating=true format=false size=false visible=true alpha=false hint=false mUseAlpha=false visible=true left=false top=false
07-16 10:14:52.981 I/BLASTBufferQueue(11082): update, w= 1080 h= 2400 mName = null mNativeObject= 0xe9235080 sc.mNativeObject= 0xe8c96870 format= 4 caller= android.view.SurfaceView.createBlastSurfaceControls:1383 android.view.SurfaceView.updateSurface:1079 android.view.SurfaceView.setWindowStopped:335 android.view.SurfaceView.surfaceCreated:1853 android.view.ViewRootImpl.notifySurfaceCreated:2820 android.view.ViewRootImpl.performTraversals:4293 
07-16 10:14:52.981 I/SurfaceView@45f0173(11082): 73335155 Cur surface: Surface(name=null)/@0x929d9ee
07-16 10:14:52.981 I/SurfaceView@45f0173(11082): pST: sr = Rect(0, 0 - 1080, 2400) sw = 1080 sh = 2400
07-16 10:14:52.982 D/SurfaceView@45f0173(11082): performSurfaceTransaction RenderWorker position = [0, 0, 1080, 2400] surfaceSize = 1080x2400
07-16 10:14:52.982 I/SurfaceView@45f0173(11082): applyTransactionOnVriDraw: vri = ViewRootImpl@5a60db7[MwmActivity] fRS = false t = 0xe9c42140 android.view.SurfaceView.performSurfaceTransaction:959 android.view.SurfaceView.updateSurface:1105 android.view.SurfaceView.setWindowStopped:335 
07-16 10:14:52.982 I/ViewRootImpl@5a60db7[MwmActivity](11082): applyTransactionOnDraw: mRemoved = false isHardwareEnabled = true t = 0xe9c42140android.view.SurfaceView.applyTransactionOnVriDraw:2048 android.view.SurfaceView.performSurfaceTransaction:959 android.view.SurfaceView.updateSurface:1105 android.view.SurfaceView.setWindowStopped:335 android.view.SurfaceView.surfaceCreated:1853 
07-16 10:14:52.982 I/SurfaceView@45f0173(11082): updateSurface: mVisible = true mSurface.isValid() = true
07-16 10:14:52.982 I/SurfaceView@45f0173(11082): updateSurface: mSurfaceCreated = false surfaceChanged = true visibleChanged = true
07-16 10:14:52.982 I/SurfaceView@45f0173(11082): visibleChanged -- surfaceCreated
07-16 10:14:52.983 I/SurfaceView@45f0173(11082): surfaceCreated 1 #1 app.organicmaps.sdk.MapView{45f0173 V.E...... ........ 0,0-1080,2400 #7f090237 app:id/map}
07-16 10:14:52.983 D/MapView (11082): (main) MapView.java:28 surfaceCreated(): 
07-16 10:14:52.983 D/Map     (11082): (main) Map.java:154 onSurfaceCreated(): mSurfaceCreated = true
07-16 10:14:52.983 I/CoMapsDebug(11082): sdk/Framework.cpp:337 AttachSurface () - Attach surface started.
07-16 10:14:52.983 I/OMcore  (11082): (main) sdk/Framework.cpp:337 AttachSurface(): Attach surface started.
07-16 10:14:52.986 E/GraphicBufferAllocator(11082): Failed to allocate (4 x 4) layerCount 1 format 56 usage b00: 5
07-16 10:14:52.986 E/AHardwareBuffer(11082): GraphicBuffer(w=4, h=4, lc=1) failed (Unknown error -5), handle=0x0
07-16 10:14:52.989 E/GraphicBufferAllocator(11082): Failed to allocate (4 x 4) layerCount 1 format 56 usage b00: 5
07-16 10:14:52.989 E/AHardwareBuffer(11082): GraphicBuffer(w=4, h=4, lc=1) failed (Unknown error -5), handle=0x0
07-16 10:14:53.025 D/CoMapsDebug(11082): drape_frontend/drape_engine.cpp:374 SetRenderingEnabled () - Rendering enabled
07-16 10:14:53.025 D/OMcore  (11082): (main) drape_frontend/drape_engine.cpp:374 SetRenderingEnabled(): Rendering enabled
07-16 10:14:53.025 I/CoMapsDebug(11082): sdk/Framework.cpp:381 AttachSurface () - Recover surface, viewport size: 1080 2400
07-16 10:14:53.026 I/OMcore  (11082): (main) sdk/Framework.cpp:381 AttachSurface(): Recover surface, viewport size: 1080 2400
07-16 10:14:53.026 I/CoMapsDebug(11082): sdk/Framework.cpp:387 AttachSurface () - Attach surface finished.
07-16 10:14:53.026 I/OMcore  (11082): (main) sdk/Framework.cpp:387 AttachSurface(): Attach surface finished.
07-16 10:14:53.026 I/CoMapsDebug(11082): sdk/Framework.cpp:415 ResumeSurfaceRendering () - Resume surface rendering.
07-16 10:14:53.026 I/OMcore  (11082): (main) sdk/Framework.cpp:415 ResumeSurfaceRendering(): Resume surface rendering.
07-16 10:14:53.026 I/SurfaceView@45f0173(11082): surfaceChanged -- format=4 w=1080 h=2400
07-16 10:14:53.027 I/SurfaceView@45f0173(11082): surfaceChanged (1080,2400) 1 #1 app.organicmaps.sdk.MapView{45f0173 V.E...... ........ 0,0-1080,2400 #7f090237 app:id/map}
07-16 10:14:53.027 D/MapView (11082): (main) MapView.java:36 surfaceChanged(): 
07-16 10:14:53.027 D/Map     (11082): (main) Map.java:209 onSurfaceChanged(): mSurfaceCreated = true
07-16 10:14:53.028 I/SurfaceView@45f0173(11082): surfaceRedrawNeeded
07-16 10:14:53.029 V/SurfaceView@45f0173(11082): Layout: x=0 y=0 w=1080 h=2400, frame=Rect(0, 0 - 1080, 2400)
07-16 10:14:53.029 I/ViewRootImpl@5a60db7[MwmActivity](11082): reportNextDraw android.view.ViewRootImpl.performTraversals:4438 android.view.ViewRootImpl.doTraversal:3116 android.view.ViewRootImpl$TraversalRunnable.run:10885 android.view.Choreographer$CallbackRecord.run:1301 android.view.Choreographer$CallbackRecord.run:1309 
07-16 10:14:53.030 I/ViewRootImpl@5a60db7[MwmActivity](11082): Setup new sync id=4
07-16 10:14:53.030 I/ViewRootImpl@5a60db7[MwmActivity](11082): Setting syncFrameCallback
07-16 10:14:53.030 E/SurfaceSyncer(11082): Failed to find sync for id=0
07-16 10:14:53.030 E/SurfaceSyncer(11082): Failed to find sync for id=1
07-16 10:14:53.030 E/SurfaceSyncer(11082): Failed to find sync for id=2
07-16 10:14:53.030 E/SurfaceSyncer(11082): Failed to find sync for id=3
07-16 10:14:53.030 E/SurfaceSyncer(11082): Failed to find sync for id=4
07-16 10:14:53.030 I/ViewRootImpl@5a60db7[MwmActivity](11082): registerCallbacksForSync syncBuffer=false
07-16 10:14:53.079 D/SurfaceView@45f0173(11082): updateSurfacePosition RenderWorker, frameNr = 1, position = [0, 0, 1080, 2400] surfaceSize = 1080x2400
07-16 10:14:53.079 I/SurfaceView@45f0173(11082): uSP: rtp = Rect(0, 0 - 1080, 2400) rtsw = 1080 rtsh = 2400
07-16 10:14:53.079 I/SurfaceView@45f0173(11082): onSSPAndSRT: pl = 0 pt = 0 sx = 1.0 sy = 1.0
07-16 10:14:53.080 I/SurfaceView@45f0173(11082): aOrMT: ViewRootImpl@5a60db7[MwmActivity] t = android.view.SurfaceControl$Transaction@e07cdda fN = 1 android.view.SurfaceView.-$$Nest$mapplyOrMergeTransaction:0 android.view.SurfaceView$SurfaceViewPositionUpdateListener.positionChanged:1537 android.graphics.RenderNode$CompositePositionUpdateListener.positionChanged:373 
07-16 10:14:53.080 I/ViewRootImpl@5a60db7[MwmActivity](11082): mWNT: t=0xe977d3e0 mBlastBufferQueue=0xdd68ea00 fn= 1 caller= android.view.SurfaceView.applyOrMergeTransaction:1455 android.view.SurfaceView.-$$Nest$mapplyOrMergeTransaction:0 android.view.SurfaceView$SurfaceViewPositionUpdateListener.positionChanged:1537 
07-16 10:14:53.081 I/ViewRootImpl@5a60db7[MwmActivity](11082): mWNT: t=0xde130000 mBlastBufferQueue=0xdd68ea00 fn= 1 caller= android.view.ViewRootImpl.lambda$applyTransactionOnDraw$11$android-view-ViewRootImpl:12865 android.view.ViewRootImpl$$ExternalSyntheticLambda1.onFrameDraw:4 android.graphics.HardwareRenderer$FrameDrawingCallback.onFrameDraw:924 
07-16 10:14:53.082 I/ViewRootImpl@5a60db7[MwmActivity](11082): mWNT: t=0xe9c42140 mBlastBufferQueue=0xdd68ea00 fn= 1 caller= android.view.ViewRootImpl.lambda$applyTransactionOnDraw$11$android-view-ViewRootImpl:12865 android.view.ViewRootImpl$$ExternalSyntheticLambda1.onFrameDraw:4 android.graphics.HardwareRenderer$FrameDrawingCallback.onFrameDraw:924 
07-16 10:14:53.082 I/ViewRootImpl@5a60db7[MwmActivity](11082): Received frameDrawingCallback syncResult=0 frameNum=1.
07-16 10:14:53.082 I/ViewRootImpl@5a60db7[MwmActivity](11082): Setting up sync and frameCommitCallback
07-16 10:14:53.089 I/BLASTBufferQueue(11082): [SurfaceView[app.comaps.fdroid.debug/app.organicmaps.MwmActivity]@0#12](f:0,a:0) onFrameAvailable the first frame is available
07-16 10:14:53.094 I/BLASTBufferQueue(11082): [ViewRootImpl@5a60db7[MwmActivity]#11](f:0,a:0) onFrameAvailable the first frame is available
07-16 10:14:53.095 I/ViewRootImpl@5a60db7[MwmActivity](11082): Received frameCommittedCallback lastAttemptedDrawFrameNum=1 didProduceBuffer=true
07-16 10:14:53.097 I/ViewRootImpl@5a60db7[MwmActivity](11082): onSyncComplete
07-16 10:14:53.098 I/ViewRootImpl@5a60db7[MwmActivity](11082): setupSync seqId=0 mSyncId=4 fn=1 caller=android.view.ViewRootImpl$$ExternalSyntheticLambda11.accept:6 android.window.SurfaceSyncer.lambda$setupSync$1$android-window-SurfaceSyncer:128 android.window.SurfaceSyncer$$ExternalSyntheticLambda1.accept:8 android.window.SurfaceSyncer$SyncSet.checkIfSyncIsComplete:382 android.window.SurfaceSyncer$SyncSet.markSyncReady:359 android.window.SurfaceSyncer.markSyncReady:151 android.view.ViewRootImpl.performTraversals:4503 
07-16 10:14:53.099 I/ViewRootImpl@5a60db7[MwmActivity](11082): reportDrawFinished seqId=0 mSyncId=-1 fn=1 mSurfaceChangedTransaction=0xde7bdf20
07-16 10:14:53.099 I/ViewRootImpl@898099a[MwmActivity](11082): reportDrawFinished seqId=0 mSyncId=-1 fn=1 mSurfaceChangedTransaction=0xebf33480
07-16 10:14:53.101 D/LocationState(11082): (main) LocationHelper.java:71 onStarted(): 
07-16 10:14:53.104 I/SurfaceView@45f0173(11082): finishedDrawing
07-16 10:14:53.134 I/ViewRootImpl@898099a[MwmActivity](11082): MSG_WINDOW_FOCUS_CHANGED 1 0
07-16 10:14:53.135 I/ViewRootImpl@898099a[MwmActivity](11082): mThreadedRenderer.initializeIfNeeded()#2 mSurface={isValid=true 0xe9382800}
07-16 10:14:53.138 D/InputMethodManager(11082): startInputInner - Id : 0
07-16 10:14:53.138 I/InputMethodManager(11082): startInputInner - mService.startInputOrWindowGainedFocus
07-16 10:14:53.748 I/ViewRootImpl@898099a[MwmActivity](11082): ViewPostIme pointer 0
07-16 10:14:53.800 I/ViewRootImpl@898099a[MwmActivity](11082): ViewPostIme pointer 1
07-16 10:14:54.252 D/LocationState(11082): (main) LocationHelper.java:99 onSatelliteStatusChanged(): total = 1 used = 0 fixed = false
07-16 10:14:55.071 D/LocationState(11082): (main) LocationHelper.java:99 onSatelliteStatusChanged(): total = 2 used = 0 fixed = false
07-16 10:14:55.248 W/ps.fdroid.debug(11082): Monitor::Inflate: Install failed 0x6fd2daf8
07-16 10:14:55.270 I/ViewRootImpl@898099a[MwmActivity](11082): ViewPostIme key 0
07-16 10:14:55.280 I/ViewRootImpl@898099a[MwmActivity](11082): ViewPostIme key 1
07-16 10:14:55.297 I/MSHandlerLifeCycle(11082): removeMultiSplitHandler: no exist. decor=DecorView@c88a2b6[MwmActivity]
07-16 10:14:55.299 D/OpenGLRenderer(11082): setSurface called with nullptr
07-16 10:14:55.299 D/OpenGLRenderer(11082): setSurface() destroyed EGLSurface
07-16 10:14:55.299 D/OpenGLRenderer(11082): destroyEglSurface
07-16 10:14:55.301 I/ViewRootImpl@898099a[MwmActivity](11082): dispatchDetachedFromWindow
07-16 10:14:55.326 D/InputTransport(11082): Input channel destroyed: 'ae3105c', fd=283
07-16 10:14:55.329 W/OnBackInvokedCallback(11082): OnBackInvokedCallback is not enabled for the application.
07-16 10:14:55.329 W/OnBackInvokedCallback(11082): Set 'android:enableOnBackInvokedCallback="true"' in the application manifest.
07-16 10:14:55.329 W/InputEventReceiver(11082): Attempted to finish an input event but the input event receiver has already been disposed.
07-16 10:14:55.331 D/InsetsController(11082): onStateChanged: InsetsState: {mDisplayFrame=Rect(0, 0 - 1080, 2400), mDisplayCutout=DisplayCutout{insets=Rect(0, 88 - 0, 0) waterfall=Insets{left=0, top=0, right=0, bottom=0} boundingRect={Bounds=[Rect(0, 0 - 0, 0), Rect(512, 0 - 568, 88), Rect(0, 0 - 0, 0), Rect(0, 0 - 0, 0)]} cutoutPathParserInfo={CutoutPathParserInfo{displayWidth=1080 displayHeight=2400 physicalDisplayWidth=1080 physicalDisplayHeight=2400 density={2.625} cutoutSpec={M 0,0 M 0,12.25101276465640 a 10.60613009248640,10.60613009248640 0 1,0 0,21.21226018497290 a 10.60613009248640,10.60613009248640 0 1,0 0,-21.21226018497290 Z @dp} rotation={0} scale={1.0} physicalPixelDisplaySizeRatio={1.0}}}}, mRoundedCorners=RoundedCorners{[RoundedCorner{position=TopLeft, radius=84, center=Point(84, 84)}, RoundedCorner{position=TopRight, radius=84, center=Point(996, 84)}, RoundedCorner{position=BottomRight, radius=84, center=Point(996, 2316)}, RoundedCorner{position=BottomLeft, radius=84, center=Point(84, 2316)}]}  mRoundedCornerFrame=Rect(0, 0 - 1080, 2400), mPrivacyIndicatorBounds=PrivacyIndicatorBounds {static bounds=Rect(964, 0 - 1080, 88) rotation=0}, mSources= { InsetsSource: {mType=ITYPE_STATUS_BAR, mFrame=[0,0][1080,88], mVisible=true, mInsetsRoundedCornerFrame=false}, InsetsSource: {mType=ITYPE_NAVIGATION_BAR, mFrame=[0,2274][1080,2400], mVisible=true, mInsetsRoundedCornerFrame=false}, InsetsSource: {mType=ITYPE_LEFT_GESTURES, mFrame=[0,0][0,2400], mVisible=true, mInsetsRoundedCornerFrame=false}, InsetsSource: {mType=ITYPE_RIGHT_GESTURES, mFrame=[1080,0][1080,2400], mVisible=true, mInsetsRoundedCornerFrame=false}, InsetsSource: {mType=ITYPE_TOP_MANDATORY_GESTURES, mFrame=[0,0][1080,120], mVisible=true, mInsetsRoundedCornerFrame=false}, InsetsSource: {mType=ITYPE_BOTTOM_MANDATORY_GESTURES, mFrame=[0,2274][1080,2400], mVisible=true, mInsetsRoundedCornerFrame=false}, InsetsSource: {mType=ITYPE_LEFT_DISPLAY_CUTOUT, mFrame=[0,0][-100000,2400], mVisible=true, mInsetsRoundedCornerFrame=false}, InsetsSource: {mType=ITYPE_TOP_DISPLAY_CUTOUT, mFrame=[0,0][1080,88], mVisible=true, mInsetsRoundedCornerFrame=false}, InsetsSource: {mType=ITYPE_RIGHT_DISPLAY_CUTOUT, mFrame=[100000,0][1080,2400], mVisible=true, mInsetsRoundedCornerFrame=false}, InsetsSource: {mType=ITYPE_BOTTOM_DISPLAY_CUTOUT, mFrame=[0,100000][1080,2400], mVisible=true, mInsetsRoundedCornerFrame=false}, InsetsSource: {mType=ITYPE_TOP_TAPPABLE_ELEMENT, mFrame=[0,0][1080,88], mVisible=true, mInsetsRoundedCornerFrame=false}, InsetsSource: {mType=ITYPE_BOTTOM_TAPPABLE_ELEMENT, mFrame=[0,2274][1080,2400], mVisible=true, mInsetsRoundedCornerFrame=false} } host=app.comaps.fdroid.debug/app.organicmaps.MwmActivity from=android.view.ViewRootImpl$ViewRootHandler.handleMessageImpl:6740
07-16 10:14:55.364 I/ViewRootImpl@5a60db7[MwmActivity](11082): MSG_WINDOW_FOCUS_CHANGED 1 0
07-16 10:14:55.364 I/ViewRootImpl@5a60db7[MwmActivity](11082): mThreadedRenderer.initializeIfNeeded()#2 mSurface={isValid=true 0xe937f000}
07-16 10:14:55.378 D/InputMethodManager(11082): startInputInner - Id : 0
07-16 10:14:55.378 I/InputMethodManager(11082): startInputInner - mService.startInputOrWindowGainedFocus
07-16 10:14:56.066 D/LocationState(11082): (main) LocationHelper.java:99 onSatelliteStatusChanged(): total = 2 used = 0 fixed = false
07-16 10:14:56.448 I/ViewRootImpl@5a60db7[MwmActivity](11082): ViewPostIme key 0
--------- beginning of system
07-16 10:14:56.450 D/Activity(11082): onKeyDown(KEYCODE_BACK)
07-16 10:14:56.507 I/ViewRootImpl@5a60db7[MwmActivity](11082): ViewPostIme key 1
07-16 10:14:56.509 D/Activity(11082): onKeyUp(KEYCODE_BACK) isTracking()=true isCanceled()=false hasCallback=false
07-16 10:14:56.517 D/RoutingController(11082): (main) RoutingController.java:462 cancel(): cancel: planning
07-16 10:14:56.519 D/RoutingController(11082): (main) RoutingController.java:446 cancelInternal(): cancelInternal
07-16 10:14:56.521 D/RoutingController(11082): (main) RoutingController.java:199 setBuildState(): [B] State: PREPARE, BuildState: BUILT -> NONE
07-16 10:14:56.525 D/RoutingController(11082): (main) RoutingController.java:190 setState(): [S] State: PREPARE -> NONE, BuildState: NONE
07-16 10:14:56.582 W/OnBackInvokedCallback(11082): OnBackInvokedCallback is not enabled for the application.
07-16 10:14:56.582 W/OnBackInvokedCallback(11082): Set 'android:enableOnBackInvokedCallback="true"' in the application manifest.
07-16 10:14:56.586 I/DecorView(11082): notifyKeepScreenOnChanged: keepScreenOn=false
07-16 10:14:56.589 I/ViewRootImpl@5a60db7[MwmActivity](11082): performTraversals params={(0,0)(fillxfill) sim={state=always_hidden adjust=pan} layoutInDisplayCutoutMode=always ty=BASE_APPLICATION fmt=TRANSLUCENT wanim=0x1030309
07-16 10:14:56.589 I/ViewRootImpl@5a60db7[MwmActivity](11082):   fl=81810100
07-16 10:14:56.589 I/ViewRootImpl@5a60db7[MwmActivity](11082):   pfl=16020040
07-16 10:14:56.589 I/ViewRootImpl@5a60db7[MwmActivity](11082):   vsysui=2310
07-16 10:14:56.589 I/ViewRootImpl@5a60db7[MwmActivity](11082):   apr=LIGHT_STATUS_BARS LIGHT_NAVIGATION_BARS
07-16 10:14:56.589 I/ViewRootImpl@5a60db7[MwmActivity](11082):   bhv=DEFAULT
07-16 10:14:56.589 I/ViewRootImpl@5a60db7[MwmActivity](11082):   fitSides= naviIconColor=0}
07-16 10:14:56.591 I/ViewRootImpl@5a60db7[MwmActivity](11082): performTraversals mFirst=false windowShouldResize=false viewVisibilityChanged=false mForceNextWindowRelayout=false params={(0,0)(fillxfill) sim={state=always_hidden adjust=pan} layoutInDisplayCutoutMode=always ty=BASE_APPLICATION fmt=TRANSLUCENT wanim=0x1030309
07-16 10:14:56.591 I/ViewRootImpl@5a60db7[MwmActivity](11082):   fl=81810100
07-16 10:14:56.591 I/ViewRootImpl@5a60db7[MwmActivity](11082):   pfl=16020040
07-16 10:14:56.591 I/ViewRootImpl@5a60db7[MwmActivity](11082):   vsysui=2310
07-16 10:14:56.591 I/ViewRootImpl@5a60db7[MwmActivity](11082):   apr=LIGHT_STATUS_BARS LIGHT_NAVIGATION_BARS
07-16 10:14:56.591 I/ViewRootImpl@5a60db7[MwmActivity](11082):   bhv=DEFAULT
07-16 10:14:56.591 I/ViewRootImpl@5a60db7[MwmActivity](11082):   fitSides= naviIconColor=0}
07-16 10:14:56.603 I/ViewRootImpl@5a60db7[MwmActivity](11082): updateBlastSurfaceIfNeeded mBlastBufferQueue=0xdd68ea00 isSameSurfaceControl=true
07-16 10:14:56.604 I/BLASTBufferQueue(11082): update, w= 1080 h= 2400 mName = ViewRootImpl@5a60db7[MwmActivity] mNativeObject= 0xdd68ea00 sc.mNativeObject= 0xdcf0a330 format= -3 caller= android.view.ViewRootImpl.updateBlastSurfaceIfNeeded:2898 android.view.ViewRootImpl.relayoutWindow:9847 android.view.ViewRootImpl.performTraversals:3884 android.view.ViewRootImpl.doTraversal:3116 android.view.ViewRootImpl$TraversalRunnable.run:10885 android.view.Choreographer$CallbackRecord.run:1301 
07-16 10:14:56.604 I/ViewRootImpl@5a60db7[MwmActivity](11082): Relayout returned: old=(0,0,1080,2400) new=(0,0,1080,2400) req=(1080,2400)0 dur=12 res=0x0 s={true 0xe937f000} ch=false seqId=0
07-16 10:14:56.606 I/ViewRootImpl@5a60db7[MwmActivity](11082): updateBoundsLayer: t = android.view.SurfaceControl$Transaction@7d42a5a sc = Surface(name=Bounds for - app.comaps.fdroid.debug/app.organicmaps.MwmActivity@4)/@0xcd0d939 frame = 5
07-16 10:14:56.607 I/ViewRootImpl@5a60db7[MwmActivity](11082): mWNT: t=0xde7bdfc0 mBlastBufferQueue=0xdd68ea00 fn= 5 caller= android.view.ViewRootImpl.prepareSurfaces:2985 android.view.ViewRootImpl.performTraversals:4233 android.view.ViewRootImpl.doTraversal:3116 
07-16 10:14:57.064 D/LocationState(11082): (main) LocationHelper.java:99 onSatelliteStatusChanged(): total = 2 used = 0 fixed = false
07-16 10:14:58.065 D/LocationState(11082): (main) LocationHelper.java:99 onSatelliteStatusChanged(): total = 3 used = 0 fixed = false
07-16 10:14:59.077 D/LocationState(11082): (main) LocationHelper.java:99 onSatelliteStatusChanged(): total = 3 used = 0 fixed = false
07-16 10:14:59.602 I/ViewRootImpl@5a60db7[MwmActivity](11082): ViewPostIme pointer 0
07-16 10:14:59.695 I/ViewRootImpl@5a60db7[MwmActivity](11082): ViewPostIme pointer 1
07-16 10:14:59.732 W/OnBackInvokedCallback(11082): OnBackInvokedCallback is not enabled for the application.
07-16 10:14:59.732 W/OnBackInvokedCallback(11082): Set 'android:enableOnBackInvokedCallback="true"' in the application manifest.
07-16 10:14:59.755 I/Dialog  (11082): mIsDeviceDefault = false, mIsSamsungBasicInteraction = false, isMetaDataInActivity = false
07-16 10:14:59.798 I/DecorView(11082): [INFO] isPopOver=false config=false
07-16 10:14:59.798 I/DecorView(11082): updateCaptionType: isFloating=false isApplication=true hasWindowDecorCaption=false this=DecorView@c8813aa[]
07-16 10:14:59.798 D/DecorView(11082): setCaptionType = 0, this = DecorView@c8813aa[]
07-16 10:14:59.800 I/DecorView(11082): getCurrentDensityDpi: from app context. densityDpi=420 msg=resources_loaded
07-16 10:14:59.801 I/DecorView(11082): setWindowBackground: isPopOver=false color=0 d=android.graphics.drawable.ColorDrawable@9146b38
07-16 10:14:59.835 D/NativeCustomFrequencyManager(11082): [NativeCFMS] BpCustomFrequencyManager::BpCustomFrequencyManager()
07-16 10:14:59.836 I/DecorView(11082): notifyKeepScreenOnChanged: keepScreenOn=false
07-16 10:14:59.847 D/InsetsController(11082): onStateChanged: InsetsState: {mDisplayFrame=Rect(0, 0 - 1080, 2400), mDisplayCutout=DisplayCutout{insets=Rect(0, 88 - 0, 0) waterfall=Insets{left=0, top=0, right=0, bottom=0} boundingRect={Bounds=[Rect(0, 0 - 0, 0), Rect(512, 0 - 568, 88), Rect(0, 0 - 0, 0), Rect(0, 0 - 0, 0)]} cutoutPathParserInfo={CutoutPathParserInfo{displayWidth=1080 displayHeight=2400 physicalDisplayWidth=1080 physicalDisplayHeight=2400 density={2.625} cutoutSpec={M 0,0 M 0,12.25101276465640 a 10.60613009248640,10.60613009248640 0 1,0 0,21.21226018497290 a 10.60613009248640,10.60613009248640 0 1,0 0,-21.21226018497290 Z @dp} rotation={0} scale={1.0} physicalPixelDisplaySizeRatio={1.0}}}}, mRoundedCorners=RoundedCorners{[RoundedCorner{position=TopLeft, radius=84, center=Point(84, 84)}, RoundedCorner{position=TopRight, radius=84, center=Point(996, 84)}, RoundedCorner{position=BottomRight, radius=84, center=Point(996, 2316)}, RoundedCorner{position=BottomLeft, radius=84, center=Point(84, 2316)}]}  mRoundedCornerFrame=Rect(0, 0 - 1080, 2400), mPrivacyIndicatorBounds=PrivacyIndicatorBounds {static bounds=Rect(964, 0 - 1080, 88) rotation=0}, mSources= { InsetsSource: {mType=ITYPE_STATUS_BAR, mFrame=[0,0][1080,88], mVisible=true, mInsetsRoundedCornerFrame=false}, InsetsSource: {mType=ITYPE_NAVIGATION_BAR, mFrame=[0,2274][1080,2400], mVisible=true, mInsetsRoundedCornerFrame=false}, InsetsSource: {mType=ITYPE_LEFT_GESTURES, mFrame=[0,0][0,2400], mVisible=true, mInsetsRoundedCornerFrame=false}, InsetsSource: {mType=ITYPE_RIGHT_GESTURES, mFrame=[1080,0][1080,2400], mVisible=true, mInsetsRoundedCornerFrame=false}, InsetsSource: {mType=ITYPE_TOP_MANDATORY_GESTURES, mFrame=[0,0][1080,120], mVisible=true, mInsetsRoundedCornerFrame=false}, InsetsSource: {mType=ITYPE_BOTTOM_MANDATORY_GESTURES, mFrame=[0,2274][1080,2400], mVisible=true, mInsetsRoundedCornerFrame=false}, InsetsSource: {mType=ITYPE_LEFT_DISPLAY_CUTOUT, mFrame=[0,0][-100000,2400], mVisible=true, mInsetsRoundedCornerFrame=false}, InsetsSource: {mType=ITYPE_TOP_DISPLAY_CUTOUT, mFrame=[0,0][1080,88], mVisible=true, mInsetsRoundedCornerFrame=false}, InsetsSource: {mType=ITYPE_RIGHT_DISPLAY_CUTOUT, mFrame=[100000,0][1080,2400], mVisible=true, mInsetsRoundedCornerFrame=false}, InsetsSource: {mType=ITYPE_BOTTOM_DISPLAY_CUTOUT, mFrame=[0,100000][1080,2400], mVisible=true, mInsetsRoundedCornerFrame=false}, InsetsSource: {mType=ITYPE_TOP_TAPPABLE_ELEMENT, mFrame=[0,0][1080,88], mVisible=true, mInsetsRoundedCornerFrame=false}, InsetsSource: {mType=ITYPE_BOTTOM_TAPPABLE_ELEMENT, mFrame=[0,2274][1080,2400], mVisible=true, mInsetsRoundedCornerFrame=false}, InsetsSource: {mType=ITYPE_IME, mFrame=[0,0][0,0], mVisibleFrame=[0,1499][1080,2400], mVisible=false, mInsetsRoundedCornerFrame=false} } host=app.comaps.fdroid.debug/app.organicmaps.MwmActivity from=android.view.ViewRootImpl.setView:1732
07-16 10:14:59.850 I/ViewRootImpl@e46684e[MwmActivity](11082): setView = com.android.internal.policy.DecorView@c8813aa TM=true
07-16 10:14:59.853 W/OnBackInvokedCallback(11082): OnBackInvokedCallback is not enabled for the application.
07-16 10:14:59.853 W/OnBackInvokedCallback(11082): Set 'android:enableOnBackInvokedCallback="true"' in the application manifest.
07-16 10:14:59.928 I/ViewRootImpl@e46684e[MwmActivity](11082): performTraversals params={(0,0)(fillxfill) gr=CENTER sim={adjust=resize forwardNavigation} layoutInDisplayCutoutMode=shortEdges ty=APPLICATION fmt=TRANSPARENT wanim=0x7f130006 surfaceInsets=Rect(105, 105 - 105, 105)
07-16 10:14:59.928 I/ViewRootImpl@e46684e[MwmActivity](11082):   fl=81810102
07-16 10:14:59.928 I/ViewRootImpl@e46684e[MwmActivity](11082):   pfl=16020040
07-16 10:14:59.928 I/ViewRootImpl@e46684e[MwmActivity](11082):   vsysui=500
07-16 10:14:59.928 I/ViewRootImpl@e46684e[MwmActivity](11082):   bhv=DEFAULT
07-16 10:14:59.928 I/ViewRootImpl@e46684e[MwmActivity](11082):   fitSides=
07-16 10:14:59.928 I/ViewRootImpl@e46684e[MwmActivity](11082):  dimAmount=0.32 naviIconColor=0}
07-16 10:14:59.929 I/ViewRootImpl@e46684e[MwmActivity](11082): performTraversals mFirst=true windowShouldResize=true viewVisibilityChanged=false mForceNextWindowRelayout=false params={(0,0)(fillxfill) gr=CENTER sim={adjust=resize forwardNavigation} layoutInDisplayCutoutMode=shortEdges ty=APPLICATION fmt=TRANSPARENT wanim=0x7f130006 surfaceInsets=Rect(105, 105 - 105, 105)
07-16 10:14:59.929 I/ViewRootImpl@e46684e[MwmActivity](11082):   fl=81810102
07-16 10:14:59.929 I/ViewRootImpl@e46684e[MwmActivity](11082):   pfl=16020040
07-16 10:14:59.929 I/ViewRootImpl@e46684e[MwmActivity](11082):   vsysui=500
07-16 10:14:59.929 I/ViewRootImpl@e46684e[MwmActivity](11082):   bhv=DEFAULT
07-16 10:14:59.929 I/ViewRootImpl@e46684e[MwmActivity](11082):   fitSides=
07-16 10:14:59.929 I/ViewRootImpl@e46684e[MwmActivity](11082):  dimAmount=0.32 naviIconColor=0}
07-16 10:14:59.946 I/ViewRootImpl@e46684e[MwmActivity](11082): updateBlastSurfaceIfNeeded mBlastBufferQueue=null isSameSurfaceControl=false
07-16 10:14:59.947 I/BLASTBufferQueue(11082): new BLASTBufferQueue, mName= ViewRootImpl@e46684e[MwmActivity] mNativeObject= 0xd732d680 sc.mNativeObject= 0xdd1c1570 caller= android.view.ViewRootImpl.updateBlastSurfaceIfNeeded:2909 android.view.ViewRootImpl.relayoutWindow:9847 android.view.ViewRootImpl.performTraversals:3884 android.view.ViewRootImpl.doTraversal:3116 android.view.ViewRootImpl$TraversalRunnable.run:10885 android.view.Choreographer$CallbackRecord.run:1301 android.view.Choreographer$CallbackRecord.run:1309 android.view.Choreographer.doCallbacks:923 android.view.Choreographer.doFrame:852 android.view.Choreographer$FrameDisplayEventReceiver.run:1283 
07-16 10:14:59.947 I/BLASTBufferQueue(11082): update, w= 1290 h= 2610 mName = ViewRootImpl@e46684e[MwmActivity] mNativeObject= 0xd732d680 sc.mNativeObject= 0xdd1c1570 format= -2 caller= android.graphics.BLASTBufferQueue.<init>:84 android.view.ViewRootImpl.updateBlastSurfaceIfNeeded:2909 android.view.ViewRootImpl.relayoutWindow:9847 android.view.ViewRootImpl.performTraversals:3884 android.view.ViewRootImpl.doTraversal:3116 android.view.ViewRootImpl$TraversalRunnable.run:10885 
07-16 10:14:59.947 I/ViewRootImpl@e46684e[MwmActivity](11082): Relayout returned: old=(0,0,1080,2400) new=(0,0,1080,2400) req=(1080,2400)0 dur=17 res=0x3 s={true 0xd5beac00} ch=true seqId=0
07-16 10:14:59.948 I/ViewRootImpl@e46684e[MwmActivity](11082): mThreadedRenderer.initialize() mSurface={isValid=true 0xd5beac00} hwInitialized=true
07-16 10:14:59.949 D/OpenGLRenderer(11082): eglCreateWindowSurface
07-16 10:14:59.961 I/ViewRootImpl@e46684e[MwmActivity](11082): reportNextDraw android.view.ViewRootImpl.performTraversals:4438 android.view.ViewRootImpl.doTraversal:3116 android.view.ViewRootImpl$TraversalRunnable.run:10885 android.view.Choreographer$CallbackRecord.run:1301 android.view.Choreographer$CallbackRecord.run:1309 
07-16 10:14:59.961 I/ViewRootImpl@e46684e[MwmActivity](11082): Setup new sync id=0
07-16 10:14:59.961 I/ViewRootImpl@e46684e[MwmActivity](11082): Setting syncFrameCallback
07-16 10:14:59.961 I/ViewRootImpl@e46684e[MwmActivity](11082): registerCallbacksForSync syncBuffer=false
07-16 10:14:59.972 I/ViewRootImpl@e46684e[MwmActivity](11082): Received frameDrawingCallback syncResult=0 frameNum=1.
07-16 10:14:59.972 I/ViewRootImpl@e46684e[MwmActivity](11082): Setting up sync and frameCommitCallback
07-16 10:15:00.000 I/BLASTBufferQueue(11082): [ViewRootImpl@e46684e[MwmActivity]#13](f:0,a:0) onFrameAvailable the first frame is available
07-16 10:15:00.000 I/ViewRootImpl@e46684e[MwmActivity](11082): Received frameCommittedCallback lastAttemptedDrawFrameNum=1 didProduceBuffer=true
07-16 10:15:00.001 D/OpenGLRenderer(11082): CFMS:: SetUp Pid : 11082    Tid : 11222
07-16 10:15:00.008 I/ViewRootImpl@e46684e[MwmActivity](11082): onSyncComplete
07-16 10:15:00.009 I/ViewRootImpl@e46684e[MwmActivity](11082): setupSync seqId=0 mSyncId=0 fn=1 caller=android.view.ViewRootImpl$$ExternalSyntheticLambda11.accept:6 android.window.SurfaceSyncer.lambda$setupSync$1$android-window-SurfaceSyncer:128 android.window.SurfaceSyncer$$ExternalSyntheticLambda1.accept:8 android.window.SurfaceSyncer$SyncSet.checkIfSyncIsComplete:382 android.window.SurfaceSyncer$SyncSet.markSyncReady:359 android.window.SurfaceSyncer.markSyncReady:151 android.view.ViewRootImpl.performTraversals:4503 
07-16 10:15:00.010 I/ViewRootImpl@e46684e[MwmActivity](11082): reportDrawFinished seqId=0 mSyncId=-1 fn=1 mSurfaceChangedTransaction=0xde132da0
07-16 10:15:00.025 I/ViewRootImpl@5a60db7[MwmActivity](11082): MSG_WINDOW_FOCUS_CHANGED 0 0
07-16 10:15:00.059 D/LocationState(11082): (main) LocationHelper.java:99 onSatelliteStatusChanged(): total = 3 used = 0 fixed = false
07-16 10:15:00.074 I/ViewRootImpl@e46684e[MwmActivity](11082): MSG_WINDOW_FOCUS_CHANGED 1 0
07-16 10:15:00.075 I/ViewRootImpl@e46684e[MwmActivity](11082): mThreadedRenderer.initializeIfNeeded()#2 mSurface={isValid=true 0xd5beac00}
07-16 10:15:00.075 D/InputMethodManager(11082): startInputInner - Id : 0
07-16 10:15:00.075 I/InputMethodManager(11082): startInputInner - mService.startInputOrWindowGainedFocus
07-16 10:15:00.367 D/LocationState(11082): (main) LocationHelper.java:99 onSatelliteStatusChanged(): total = 3 used = 0 fixed = false
07-16 10:15:01.052 D/LocationState(11082): (main) LocationHelper.java:99 onSatelliteStatusChanged(): total = 3 used = 0 fixed = false
07-16 10:15:01.477 I/ViewRootImpl@e46684e[MwmActivity](11082): ViewPostIme pointer 0
07-16 10:15:01.545 I/ViewRootImpl@e46684e[MwmActivity](11082): ViewPostIme pointer 1
07-16 10:15:01.559 I/MSHandlerLifeCycle(11082): removeMultiSplitHandler: no exist. decor=DecorView@c8813aa[MwmActivity]
07-16 10:15:01.560 D/OpenGLRenderer(11082): setSurface called with nullptr
07-16 10:15:01.561 D/OpenGLRenderer(11082): setSurface() destroyed EGLSurface
07-16 10:15:01.561 D/OpenGLRenderer(11082): destroyEglSurface
07-16 10:15:01.564 I/ViewRootImpl@e46684e[MwmActivity](11082): dispatchDetachedFromWindow
07-16 10:15:01.597 D/InputTransport(11082): Input channel destroyed: 'd6ddce4', fd=291
07-16 10:15:01.599 W/OnBackInvokedCallback(11082): OnBackInvokedCallback is not enabled for the application.
07-16 10:15:01.599 W/OnBackInvokedCallback(11082): Set 'android:enableOnBackInvokedCallback="true"' in the application manifest.
07-16 10:15:01.628 D/InsetsController(11082): onStateChanged: InsetsState: {mDisplayFrame=Rect(0, 0 - 1080, 2400), mDisplayCutout=DisplayCutout{insets=Rect(0, 88 - 0, 0) waterfall=Insets{left=0, top=0, right=0, bottom=0} boundingRect={Bounds=[Rect(0, 0 - 0, 0), Rect(512, 0 - 568, 88), Rect(0, 0 - 0, 0), Rect(0, 0 - 0, 0)]} cutoutPathParserInfo={CutoutPathParserInfo{displayWidth=1080 displayHeight=2400 physicalDisplayWidth=1080 physicalDisplayHeight=2400 density={2.625} cutoutSpec={M 0,0 M 0,12.25101276465640 a 10.60613009248640,10.60613009248640 0 1,0 0,21.21226018497290 a 10.60613009248640,10.60613009248640 0 1,0 0,-21.21226018497290 Z @dp} rotation={0} scale={1.0} physicalPixelDisplaySizeRatio={1.0}}}}, mRoundedCorners=RoundedCorners{[RoundedCorner{position=TopLeft, radius=84, center=Point(84, 84)}, RoundedCorner{position=TopRight, radius=84, center=Point(996, 84)}, RoundedCorner{position=BottomRight, radius=84, center=Point(996, 2316)}, RoundedCorner{position=BottomLeft, radius=84, center=Point(84, 2316)}]}  mRoundedCornerFrame=Rect(0, 0 - 1080, 2400), mPrivacyIndicatorBounds=PrivacyIndicatorBounds {static bounds=Rect(964, 0 - 1080, 88) rotation=0}, mSources= { InsetsSource: {mType=ITYPE_STATUS_BAR, mFrame=[0,0][1080,88], mVisible=true, mInsetsRoundedCornerFrame=false}, InsetsSource: {mType=ITYPE_NAVIGATION_BAR, mFrame=[0,2274][1080,2400], mVisible=true, mInsetsRoundedCornerFrame=false}, InsetsSource: {mType=ITYPE_LEFT_GESTURES, mFrame=[0,0][0,2400], mVisible=true, mInsetsRoundedCornerFrame=false}, InsetsSource: {mType=ITYPE_RIGHT_GESTURES, mFrame=[1080,0][1080,2400], mVisible=true, mInsetsRoundedCornerFrame=false}, InsetsSource: {mType=ITYPE_TOP_MANDATORY_GESTURES, mFrame=[0,0][1080,120], mVisible=true, mInsetsRoundedCornerFrame=false}, InsetsSource: {mType=ITYPE_BOTTOM_MANDATORY_GESTURES, mFrame=[0,2274][1080,2400], mVisible=true, mInsetsRoundedCornerFrame=false}, InsetsSource: {mType=ITYPE_LEFT_DISPLAY_CUTOUT, mFrame=[0,0][-100000,2400], mVisible=true, mInsetsRoundedCornerFrame=false}, InsetsSource: {mType=ITYPE_TOP_DISPLAY_CUTOUT, mFrame=[0,0][1080,88], mVisible=true, mInsetsRoundedCornerFrame=false}, InsetsSource: {mType=ITYPE_RIGHT_DISPLAY_CUTOUT, mFrame=[100000,0][1080,2400], mVisible=true, mInsetsRoundedCornerFrame=false}, InsetsSource: {mType=ITYPE_BOTTOM_DISPLAY_CUTOUT, mFrame=[0,100000][1080,2400], mVisible=true, mInsetsRoundedCornerFrame=false}, InsetsSource: {mType=ITYPE_TOP_TAPPABLE_ELEMENT, mFrame=[0,0][1080,88], mVisible=true, mInsetsRoundedCornerFrame=false}, InsetsSource: {mType=ITYPE_BOTTOM_TAPPABLE_ELEMENT, mFrame=[0,2274][1080,2400], mVisible=true, mInsetsRoundedCornerFrame=false} } host=app.comaps.fdroid.debug/app.organicmaps.MwmActivity from=android.view.ViewRootImpl$ViewRootHandler.handleMessageImpl:6740
07-16 10:15:01.633 D/LocationState(11082): (main) LocationHelper.java:272 updateProviderDecision(): Selected: fused, with acc. 21.907
07-16 10:15:01.634 D/LocationState(11082): (main) LocationHelper.java:216 onLocationChanged(): provider = AndroidNativeProvider location = Location[fused 43.447782,-3.645368 hAcc=21.907 et=+12d16h13m52s543ms alt=138.20001220703125 vAcc=1.9552089 vel=1.620738 sAcc=1.5 bear=60.651287 bAcc=45.0]
07-16 10:15:01.637 D/MapController[Device](11082): (main) MapController.java:84 onPause(): 
07-16 10:15:01.637 I/CoMapsDebug(11082): sdk/Framework.cpp:399 PauseSurfaceRendering () - Pause surface rendering.
07-16 10:15:01.637 I/OMcore  (11082): (main) sdk/Framework.cpp:399 PauseSurfaceRendering(): Pause surface rendering.
07-16 10:15:01.638 D/SensorHelper(11082): (main) SensorHelper.java:119 removeListener(): listener: app.organicmaps.MwmActivity@ba1c77b count was: 1
07-16 10:15:01.638 D/MwmApplication(11082): (main) MwmApplication.java:192 onActivityPaused(): activity = app.organicmaps.MwmActivity@ba1c77b
07-16 10:15:01.657 I/ViewRootImpl@5a60db7[MwmActivity](11082): MSG_WINDOW_FOCUS_CHANGED 1 0
07-16 10:15:01.658 I/ViewRootImpl@5a60db7[MwmActivity](11082): mThreadedRenderer.initializeIfNeeded()#2 mSurface={isValid=true 0xe937f000}
07-16 10:15:01.664 D/InputMethodManager(11082): startInputInner - Id : 0
07-16 10:15:01.665 I/InputMethodManager(11082): startInputInner - mService.startInputOrWindowGainedFocus
07-16 10:15:01.730 I/DecorView(11082): [INFO] isPopOver=false config=true
07-16 10:15:01.731 I/DecorView(11082): updateCaptionType: isFloating=false isApplication=true hasWindowDecorCaption=false this=DecorView@46ea58[]
07-16 10:15:01.731 D/DecorView(11082): setCaptionType = 0, this = DecorView@46ea58[]
07-16 10:15:01.732 I/DecorView(11082): getCurrentDensityDpi: from real metrics. densityDpi=420 msg=resources_loaded
07-16 10:15:01.732 I/DecorView(11082): setWindowBackground: isPopOver=false color=ffffffff d=android.graphics.drawable.ColorDrawable@59b2496
07-16 10:15:01.735 D/PhoneWindow(11082): forceLight changed to false [] from com.android.internal.policy.PhoneWindow.updateForceLightNavigationBar:4314 com.android.internal.policy.PhoneWindow.setNavigationBarColor:4033 androidx.activity.EdgeToEdgeApi29.setUp:322 androidx.activity.EdgeToEdge.enable:95 androidx.activity.EdgeToEdge.enable$default:69 
07-16 10:15:01.797 D/MwmApplication(11082): (main) MwmApplication.java:183 onActivityResumed(): activity = app.organicmaps.settings.SettingsActivity@d45f340
07-16 10:15:01.797 I/Utils   (11082): (main) Utils.java:95 showOnLockScreen(): showOnLockScreen = false window = com.android.internal.policy.PhoneWindow@6312b82
07-16 10:15:01.797 I/SensorHelper(11082): (main) SensorHelper.java:94 setRotation(): rotation = 0
07-16 10:15:01.801 I/MSHandlerLifeCycle(11082): check: return. pkg=app.comaps.fdroid.debug parent=null callers=com.android.internal.policy.DecorView.setVisibility:4412 android.app.ActivityThread.handleResumeActivity:5476 android.app.servertransaction.ResumeActivityItem.execute:54 android.app.servertransaction.ActivityTransactionItem.execute:45 android.app.servertransaction.TransactionExecutor.executeLifecycleState:176 
07-16 10:15:01.801 I/MSHandlerLifeCycle(11082): removeMultiSplitHandler: no exist. decor=DecorView@46ea58[]
07-16 10:15:01.803 D/NativeCustomFrequencyManager(11082): [NativeCFMS] BpCustomFrequencyManager::BpCustomFrequencyManager()
07-16 10:15:01.804 I/DecorView(11082): notifyKeepScreenOnChanged: keepScreenOn=false
07-16 10:15:01.808 D/InsetsController(11082): onStateChanged: InsetsState: {mDisplayFrame=Rect(0, 0 - 1080, 2400), mDisplayCutout=DisplayCutout{insets=Rect(0, 88 - 0, 0) waterfall=Insets{left=0, top=0, right=0, bottom=0} boundingRect={Bounds=[Rect(0, 0 - 0, 0), Rect(512, 0 - 568, 88), Rect(0, 0 - 0, 0), Rect(0, 0 - 0, 0)]} cutoutPathParserInfo={CutoutPathParserInfo{displayWidth=1080 displayHeight=2400 physicalDisplayWidth=1080 physicalDisplayHeight=2400 density={2.625} cutoutSpec={M 0,0 M 0,12.25101276465640 a 10.60613009248640,10.60613009248640 0 1,0 0,21.21226018497290 a 10.60613009248640,10.60613009248640 0 1,0 0,-21.21226018497290 Z @dp} rotation={0} scale={1.0} physicalPixelDisplaySizeRatio={1.0}}}}, mRoundedCorners=RoundedCorners{[RoundedCorner{position=TopLeft, radius=84, center=Point(84, 84)}, RoundedCorner{position=TopRight, radius=84, center=Point(996, 84)}, RoundedCorner{position=BottomRight, radius=84, center=Point(996, 2316)}, RoundedCorner{position=BottomLeft, radius=84, center=Point(84, 2316)}]}  mRoundedCornerFrame=Rect(0, 0 - 1080, 2400), mPrivacyIndicatorBounds=PrivacyIndicatorBounds {static bounds=Rect(964, 0 - 1080, 88) rotation=0}, mSources= { InsetsSource: {mType=ITYPE_STATUS_BAR, mFrame=[0,0][1080,88], mVisible=true, mInsetsRoundedCornerFrame=false}, InsetsSource: {mType=ITYPE_NAVIGATION_BAR, mFrame=[0,2274][1080,2400], mVisible=true, mInsetsRoundedCornerFrame=false}, InsetsSource: {mType=ITYPE_LEFT_GESTURES, mFrame=[0,0][0,2400], mVisible=true, mInsetsRoundedCornerFrame=false}, InsetsSource: {mType=ITYPE_RIGHT_GESTURES, mFrame=[1080,0][1080,2400], mVisible=true, mInsetsRoundedCornerFrame=false}, InsetsSource: {mType=ITYPE_TOP_MANDATORY_GESTURES, mFrame=[0,0][1080,120], mVisible=true, mInsetsRoundedCornerFrame=false}, InsetsSource: {mType=ITYPE_BOTTOM_MANDATORY_GESTURES, mFrame=[0,2274][1080,2400], mVisible=true, mInsetsRoundedCornerFrame=false}, InsetsSource: {mType=ITYPE_LEFT_DISPLAY_CUTOUT, mFrame=[0,0][-100000,2400], mVisible=true, mInsetsRoundedCornerFrame=false}, InsetsSource: {mType=ITYPE_TOP_DISPLAY_CUTOUT, mFrame=[0,0][1080,88], mVisible=true, mInsetsRoundedCornerFrame=false}, InsetsSource: {mType=ITYPE_RIGHT_DISPLAY_CUTOUT, mFrame=[100000,0][1080,2400], mVisible=true, mInsetsRoundedCornerFrame=false}, InsetsSource: {mType=ITYPE_BOTTOM_DISPLAY_CUTOUT, mFrame=[0,100000][1080,2400], mVisible=true, mInsetsRoundedCornerFrame=false}, InsetsSource: {mType=ITYPE_TOP_TAPPABLE_ELEMENT, mFrame=[0,0][1080,88], mVisible=true, mInsetsRoundedCornerFrame=false}, InsetsSource: {mType=ITYPE_BOTTOM_TAPPABLE_ELEMENT, mFrame=[0,2274][1080,2400], mVisible=true, mInsetsRoundedCornerFrame=false} } host=app.comaps.fdroid.debug/app.organicmaps.settings.SettingsActivity from=android.view.ViewRootImpl.setView:1732
07-16 10:15:01.810 I/ViewRootImpl@e6084ef[SettingsActivity](11082): setView = com.android.internal.policy.DecorView@46ea58 TM=true
07-16 10:15:01.810 I/MSHandlerLifeCycle(11082): removeMultiSplitHandler: no exist. decor=DecorView@46ea58[SettingsActivity]
07-16 10:15:01.824 I/ViewRootImpl@e6084ef[SettingsActivity](11082): performTraversals params={(0,0)(fillxfill) sim={adjust=pan forwardNavigation} layoutInDisplayCutoutMode=always ty=BASE_APPLICATION wanim=0x1030309
07-16 10:15:01.824 I/ViewRootImpl@e6084ef[SettingsActivity](11082):   fl=81810100
07-16 10:15:01.824 I/ViewRootImpl@e6084ef[SettingsActivity](11082):   pfl=16020040
07-16 10:15:01.824 I/ViewRootImpl@e6084ef[SettingsActivity](11082):   vsysui=110
07-16 10:15:01.824 I/ViewRootImpl@e6084ef[SettingsActivity](11082):   apr=LIGHT_NAVIGATION_BARS
07-16 10:15:01.824 I/ViewRootImpl@e6084ef[SettingsActivity](11082):   bhv=DEFAULT
07-16 10:15:01.824 I/ViewRootImpl@e6084ef[SettingsActivity](11082):   fitSides= naviIconColor=0}
07-16 10:15:01.826 I/ViewRootImpl@e6084ef[SettingsActivity](11082): performTraversals mFirst=true windowShouldResize=true viewVisibilityChanged=false mForceNextWindowRelayout=false params={(0,0)(fillxfill) sim={adjust=pan forwardNavigation} layoutInDisplayCutoutMode=always ty=BASE_APPLICATION wanim=0x1030309
07-16 10:15:01.826 I/ViewRootImpl@e6084ef[SettingsActivity](11082):   fl=81810100
07-16 10:15:01.826 I/ViewRootImpl@e6084ef[SettingsActivity](11082):   pfl=16020040
07-16 10:15:01.826 I/ViewRootImpl@e6084ef[SettingsActivity](11082):   vsysui=110
07-16 10:15:01.826 I/ViewRootImpl@e6084ef[SettingsActivity](11082):   apr=LIGHT_NAVIGATION_BARS
07-16 10:15:01.826 I/ViewRootImpl@e6084ef[SettingsActivity](11082):   bhv=DEFAULT
07-16 10:15:01.826 I/ViewRootImpl@e6084ef[SettingsActivity](11082):   fitSides= naviIconColor=0}
07-16 10:15:01.835 D/InsetsController(11082): onStateChanged: InsetsState: {mDisplayFrame=Rect(0, 0 - 1080, 2400), mDisplayCutout=DisplayCutout{insets=Rect(0, 88 - 0, 0) waterfall=Insets{left=0, top=0, right=0, bottom=0} boundingRect={Bounds=[Rect(0, 0 - 0, 0), Rect(512, 0 - 568, 88), Rect(0, 0 - 0, 0), Rect(0, 0 - 0, 0)]} cutoutPathParserInfo={CutoutPathParserInfo{displayWidth=1080 displayHeight=2400 physicalDisplayWidth=1080 physicalDisplayHeight=2400 density={2.625} cutoutSpec={M 0,0 M 0,12.25101276465640 a 10.60613009248640,10.60613009248640 0 1,0 0,21.21226018497290 a 10.60613009248640,10.60613009248640 0 1,0 0,-21.21226018497290 Z @dp} rotation={0} scale={1.0} physicalPixelDisplaySizeRatio={1.0}}}}, mRoundedCorners=RoundedCorners{[RoundedCorner{position=TopLeft, radius=84, center=Point(84, 84)}, RoundedCorner{position=TopRight, radius=84, center=Point(996, 84)}, RoundedCorner{position=BottomRight, radius=84, center=Point(996, 2316)}, RoundedCorner{position=BottomLeft, radius=84, center=Point(84, 2316)}]}  mRoundedCornerFrame=Rect(0, 0 - 1080, 2400), mPrivacyIndicatorBounds=PrivacyIndicatorBounds {static bounds=Rect(964, 0 - 1080, 88) rotation=0}, mSources= { InsetsSource: {mType=ITYPE_STATUS_BAR, mFrame=[0,0][1080,88], mVisible=true, mInsetsRoundedCornerFrame=false}, InsetsSource: {mType=ITYPE_NAVIGATION_BAR, mFrame=[0,2274][1080,2400], mVisible=true, mInsetsRoundedCornerFrame=false}, InsetsSource: {mType=ITYPE_LEFT_GESTURES, mFrame=[0,0][0,2400], mVisible=true, mInsetsRoundedCornerFrame=false}, InsetsSource: {mType=ITYPE_RIGHT_GESTURES, mFrame=[1080,0][1080,2400], mVisible=true, mInsetsRoundedCornerFrame=false}, InsetsSource: {mType=ITYPE_TOP_MANDATORY_GESTURES, mFrame=[0,0][1080,120], mVisible=true, mInsetsRoundedCornerFrame=false}, InsetsSource: {mType=ITYPE_BOTTOM_MANDATORY_GESTURES, mFrame=[0,2274][1080,2400], mVisible=true, mInsetsRoundedCornerFrame=false}, InsetsSource: {mType=ITYPE_LEFT_DISPLAY_CUTOUT, mFrame=[0,0][-100000,2400], mVisible=true, mInsetsRoundedCornerFrame=false}, InsetsSource: {mType=ITYPE_TOP_DISPLAY_CUTOUT, mFrame=[0,0][1080,88], mVisible=true, mInsetsRoundedCornerFrame=false}, InsetsSource: {mType=ITYPE_RIGHT_DISPLAY_CUTOUT, mFrame=[100000,0][1080,2400], mVisible=true, mInsetsRoundedCornerFrame=false}, InsetsSource: {mType=ITYPE_BOTTOM_DISPLAY_CUTOUT, mFrame=[0,100000][1080,2400], mVisible=true, mInsetsRoundedCornerFrame=false}, InsetsSource: {mType=ITYPE_TOP_TAPPABLE_ELEMENT, mFrame=[0,0][1080,88], mVisible=true, mInsetsRoundedCornerFrame=false}, InsetsSource: {mType=ITYPE_BOTTOM_TAPPABLE_ELEMENT, mFrame=[0,2274][1080,2400], mVisible=true, mInsetsRoundedCornerFrame=false}, InsetsSource: {mType=ITYPE_IME, mFrame=[0,0][0,0], mVisibleFrame=[0,1499][1080,2400], mVisible=false, mInsetsRoundedCornerFrame=false} } host=app.comaps.fdroid.debug/app.organicmaps.settings.SettingsActivity from=android.view.ViewRootImpl.relayoutWindow:9802
07-16 10:15:01.836 I/ViewRootImpl@e6084ef[SettingsActivity](11082): updateBlastSurfaceIfNeeded mBlastBufferQueue=null isSameSurfaceControl=false
07-16 10:15:01.837 I/BLASTBufferQueue(11082): new BLASTBufferQueue, mName= ViewRootImpl@e6084ef[SettingsActivity] mNativeObject= 0xd6d0ab00 sc.mNativeObject= 0xdd1c1660 caller= android.view.ViewRootImpl.updateBlastSurfaceIfNeeded:2909 android.view.ViewRootImpl.relayoutWindow:9847 android.view.ViewRootImpl.performTraversals:3884 android.view.ViewRootImpl.doTraversal:3116 android.view.ViewRootImpl$TraversalRunnable.run:10885 android.view.Choreographer$CallbackRecord.run:1301 android.view.Choreographer$CallbackRecord.run:1309 android.view.Choreographer.doCallbacks:923 android.view.Choreographer.doFrame:852 android.view.Choreographer$FrameDisplayEventReceiver.run:1283 
07-16 10:15:01.837 I/BLASTBufferQueue(11082): update, w= 1080 h= 2400 mName = ViewRootImpl@e6084ef[SettingsActivity] mNativeObject= 0xd6d0ab00 sc.mNativeObject= 0xdd1c1660 format= -1 caller= android.graphics.BLASTBufferQueue.<init>:84 android.view.ViewRootImpl.updateBlastSurfaceIfNeeded:2909 android.view.ViewRootImpl.relayoutWindow:9847 android.view.ViewRootImpl.performTraversals:3884 android.view.ViewRootImpl.doTraversal:3116 android.view.ViewRootImpl$TraversalRunnable.run:10885 
07-16 10:15:01.838 I/ViewRootImpl@e6084ef[SettingsActivity](11082): Relayout returned: old=(0,0,1080,2400) new=(0,0,1080,2400) req=(1080,2400)0 dur=10 res=0x3 s={true 0xe9382800} ch=true seqId=0
07-16 10:15:01.839 I/ViewRootImpl@e6084ef[SettingsActivity](11082): mThreadedRenderer.initialize() mSurface={isValid=true 0xe9382800} hwInitialized=true
07-16 10:15:01.839 D/OpenGLRenderer(11082): eglCreateWindowSurface
07-16 10:15:01.963 I/ViewRootImpl@e6084ef[SettingsActivity](11082): reportNextDraw android.view.ViewRootImpl.performTraversals:4438 android.view.ViewRootImpl.doTraversal:3116 android.view.ViewRootImpl$TraversalRunnable.run:10885 android.view.Choreographer$CallbackRecord.run:1301 android.view.Choreographer$CallbackRecord.run:1309 
07-16 10:15:01.963 I/ViewRootImpl@e6084ef[SettingsActivity](11082): Setup new sync id=0
07-16 10:15:01.963 I/ViewRootImpl@e6084ef[SettingsActivity](11082): Setting syncFrameCallback
07-16 10:15:01.963 I/ViewRootImpl@e6084ef[SettingsActivity](11082): registerCallbacksForSync syncBuffer=false
07-16 10:15:01.973 I/ViewRootImpl@e6084ef[SettingsActivity](11082): Received frameDrawingCallback syncResult=0 frameNum=1.
07-16 10:15:01.973 I/ViewRootImpl@e6084ef[SettingsActivity](11082): Setting up sync and frameCommitCallback
07-16 10:15:01.983 I/BLASTBufferQueue(11082): [ViewRootImpl@e6084ef[SettingsActivity]#14](f:0,a:0) onFrameAvailable the first frame is available
07-16 10:15:01.984 I/ViewRootImpl@e6084ef[SettingsActivity](11082): Received frameCommittedCallback lastAttemptedDrawFrameNum=1 didProduceBuffer=true
07-16 10:15:01.985 D/OpenGLRenderer(11082): CFMS:: SetUp Pid : 11082    Tid : 11222
07-16 10:15:01.988 I/ViewRootImpl@e6084ef[SettingsActivity](11082): onSyncComplete
07-16 10:15:01.988 I/ViewRootImpl@e6084ef[SettingsActivity](11082): setupSync seqId=0 mSyncId=0 fn=1 caller=android.view.ViewRootImpl$$ExternalSyntheticLambda11.accept:6 android.window.SurfaceSyncer.lambda$setupSync$1$android-window-SurfaceSyncer:128 android.window.SurfaceSyncer$$ExternalSyntheticLambda1.accept:8 android.window.SurfaceSyncer$SyncSet.checkIfSyncIsComplete:382 android.window.SurfaceSyncer$SyncSet.markSyncReady:359 android.window.SurfaceSyncer.markSyncReady:151 android.view.ViewRootImpl.performTraversals:4503 
07-16 10:15:01.989 I/ViewRootImpl@e6084ef[SettingsActivity](11082): reportDrawFinished seqId=0 mSyncId=-1 fn=1 mSurfaceChangedTransaction=0xde1349c0
07-16 10:15:01.989 I/ViewRootImpl@5a60db7[MwmActivity](11082): MSG_WINDOW_FOCUS_CHANGED 0 0
07-16 10:15:02.046 D/LocationState(11082): (main) LocationHelper.java:99 onSatelliteStatusChanged(): total = 3 used = 0 fixed = false
07-16 10:15:02.070 I/ViewRootImpl@e6084ef[SettingsActivity](11082): MSG_WINDOW_FOCUS_CHANGED 1 0
07-16 10:15:02.070 I/ViewRootImpl@e6084ef[SettingsActivity](11082): mThreadedRenderer.initializeIfNeeded()#2 mSurface={isValid=true 0xe9382800}
07-16 10:15:02.071 D/InputMethodManager(11082): startInputInner - Id : 0
07-16 10:15:02.071 I/InputMethodManager(11082): startInputInner - mService.startInputOrWindowGainedFocus
07-16 10:15:02.452 I/ViewRootImpl@5a60db7[MwmActivity](11082): handleAppVisibility mAppVisible = true visible = false
07-16 10:15:02.468 I/SurfaceView@45f0173(11082): onWindowVisibilityChanged(8) false app.organicmaps.sdk.MapView{45f0173 V.E...... ........ 0,0-1080,2400 #7f090237 app:id/map} of ViewRootImpl@5a60db7[MwmActivity]
07-16 10:15:02.468 I/SurfaceView@45f0173(11082): Changes: creating=false format=false size=false visible=true alpha=false hint=false mUseAlpha=false visible=true left=false top=false
07-16 10:15:02.468 I/SurfaceView@45f0173(11082): 73335155 Cur surface: Surface(name=null)/@0x929d9ee
07-16 10:15:02.469 I/SurfaceView@45f0173(11082): applyTransactionOnVriDraw: vri = ViewRootImpl@5a60db7[MwmActivity] fRS = false t = 0xde18cea0 android.view.SurfaceView.performSurfaceTransaction:959 android.view.SurfaceView.updateSurface:1105 android.view.SurfaceView.onWindowVisibilityChanged:371 
07-16 10:15:02.469 I/ViewRootImpl@5a60db7[MwmActivity](11082): applyTransactionOnDraw: mRemoved = false isHardwareEnabled = true t = 0xde18cea0android.view.SurfaceView.applyTransactionOnVriDraw:2048 android.view.SurfaceView.performSurfaceTransaction:959 android.view.SurfaceView.updateSurface:1105 android.view.SurfaceView.onWindowVisibilityChanged:371 android.view.View.dispatchWindowVisibilityChanged:15943 
07-16 10:15:02.469 I/SurfaceView@45f0173(11082): surfaceDestroyed
07-16 10:15:02.469 I/SurfaceView@45f0173(11082): surfaceDestroyed callback.size 1 #2 app.organicmaps.sdk.MapView{45f0173 V.E...... ........ 0,0-1080,2400 #7f090237 app:id/map}
07-16 10:15:02.469 D/MapView (11082): (main) MapView.java:44 surfaceDestroyed(): 
07-16 10:15:02.469 D/Map     (11082): (main) Map.java:224 onSurfaceDestroyed(): mSurfaceCreated = true, mSurfaceAttached = true
07-16 10:15:02.470 I/CoMapsDebug(11082): sdk/Framework.cpp:297 DetachSurface () - Detach surface started. destroySurface = 1
07-16 10:15:02.470 I/OMcore  (11082): (main) sdk/Framework.cpp:297 DetachSurface(): Detach surface started. destroySurface = 1
07-16 10:15:02.470 I/CoMapsDebug(11082): sdk/Framework.cpp:310 DetachSurface () - Destroy surface.
07-16 10:15:02.470 I/OMcore  (11082): (main) sdk/Framework.cpp:310 DetachSurface(): Destroy surface.
07-16 10:15:02.470 D/CoMapsDebug(11082): drape_frontend/drape_engine.cpp:382 SetRenderingDisabled () - Rendering disabled
07-16 10:15:02.470 D/OMcore  (11082): (main) drape_frontend/drape_engine.cpp:382 SetRenderingDisabled(): Rendering disabled
07-16 10:15:02.477 I/CoMapsDebug(11082): sdk/Framework.cpp:332 DetachSurface () - Detach surface finished.
07-16 10:15:02.477 I/OMcore  (11082): (main) sdk/Framework.cpp:332 DetachSurface(): Detach surface finished.
07-16 10:15:02.477 I/SurfaceView@45f0173(11082): updateSurface: mVisible = false mSurface.isValid() = true
07-16 10:15:02.478 I/SurfaceView@45f0173(11082): releaseSurfaces: viewRoot = ViewRootImpl@5a60db7[MwmActivity]
07-16 10:15:02.478 I/SurfaceView@45f0173(11082): applyTransactionOnVriDraw: vri = ViewRootImpl@5a60db7[MwmActivity] fRS = true t = 0xe977d7a0 android.view.SurfaceView.releaseSurfaces:858 android.view.SurfaceView.updateSurface:1172 android.view.SurfaceView.onWindowVisibilityChanged:371 
07-16 10:15:02.479 I/SurfaceView@45f0173(11082): applyTransactionOnVriDraw: viewRoot.applyTransactionOnDrawFromReleaseSurfaces
07-16 10:15:02.479 I/ViewRootImpl@5a60db7[MwmActivity](11082): from releaseSurfaces t.apply t = 0xe977d7a0
07-16 10:15:02.479 V/SurfaceView@45f0173(11082): Layout: x=0 y=0 w=1080 h=2400, frame=Rect(0, 0 - 1080, 2400)
07-16 10:15:02.489 D/SurfaceView@45f0173(11082): windowPositionLost, frameNr = 0
07-16 10:15:02.490 D/OpenGLRenderer(11082): setSurface called with nullptr
07-16 10:15:02.490 D/OpenGLRenderer(11082): setSurface() destroyed EGLSurface
07-16 10:15:02.490 D/OpenGLRenderer(11082): destroyEglSurface
07-16 10:15:02.491 I/ViewRootImpl@5a60db7[MwmActivity](11082): performTraversals mFirst=false windowShouldResize=false viewVisibilityChanged=true mForceNextWindowRelayout=false params=null
07-16 10:15:02.498 I/ViewRootImpl@5a60db7[MwmActivity](11082): Relayout returned: old=(0,0,1080,2400) new=(0,0,1080,2400) req=(1080,2400)8 dur=6 res=0x2 s={false 0x0} ch=true seqId=0
07-16 10:15:02.498 I/SurfaceView@45f0173(11082): windowStopped(true) false app.organicmaps.sdk.MapView{45f0173 V.E...... ........ 0,0-1080,2400 #7f090237 app:id/map} of ViewRootImpl@5a60db7[MwmActivity]
07-16 10:15:02.498 D/SurfaceView@45f0173(11082): updateSurface: surface is not valid
07-16 10:15:02.498 I/SurfaceView@45f0173(11082): releaseSurfaces: viewRoot = ViewRootImpl@5a60db7[MwmActivity]
07-16 10:15:02.498 I/SurfaceView@45f0173(11082): applyTransactionOnVriDraw: vri = ViewRootImpl@5a60db7[MwmActivity] fRS = true t = 0xd6d10480 android.view.SurfaceView.releaseSurfaces:858 android.view.SurfaceView.updateSurface:998 android.view.SurfaceView.setWindowStopped:335 
07-16 10:15:02.498 I/SurfaceView@45f0173(11082): applyTransactionOnVriDraw: viewRoot.applyTransactionOnDrawFromReleaseSurfaces
07-16 10:15:02.498 I/ViewRootImpl@5a60db7[MwmActivity](11082): from releaseSurfaces t.apply t = 0xd6d10480
07-16 10:15:02.499 D/SurfaceView@45f0173(11082): updateSurface: surface is not valid
07-16 10:15:02.499 I/SurfaceView@45f0173(11082): releaseSurfaces: viewRoot = ViewRootImpl@5a60db7[MwmActivity]
07-16 10:15:02.499 I/SurfaceView@45f0173(11082): applyTransactionOnVriDraw: vri = ViewRootImpl@5a60db7[MwmActivity] fRS = true t = 0xe9e32100 android.view.SurfaceView.releaseSurfaces:858 android.view.SurfaceView.updateSurface:998 android.view.SurfaceView.lambda$new$0$android-view-SurfaceView:200 
07-16 10:15:02.499 I/SurfaceView@45f0173(11082): applyTransactionOnVriDraw: viewRoot.applyTransactionOnDrawFromReleaseSurfaces
07-16 10:15:02.499 I/ViewRootImpl@5a60db7[MwmActivity](11082): from releaseSurfaces t.apply t = 0xe9e32100
07-16 10:15:02.501 D/MapController[Device](11082): (main) MapController.java:91 onStop(): 
07-16 10:15:02.502 I/ViewRootImpl@5a60db7[MwmActivity](11082): stopped(true) old = false
07-16 10:15:02.502 I/ViewRootImpl@5a60db7[MwmActivity](11082): WindowStopped on app.comaps.fdroid.debug/app.organicmaps.MwmActivity set to true
07-16 10:15:02.505 I/CoMapsDebug(11082): sdk/Framework.cpp:958 Java_app_organicmaps_sdk_Framework_nativeRemovePlacePageActivationListener () - Remove global map object listener
07-16 10:15:02.505 I/OMcore  (11082): (main) sdk/Framework.cpp:958 Java_app_organicmaps_sdk_Framework_nativeRemovePlacePageActivationListener(): Remove global map object listener
07-16 10:15:02.505 D/LocationState(11082): (main) LocationHelper.java:386 removeListener(): listener: app.organicmaps.MwmActivity@ba1c77b count was: 1
07-16 10:15:02.506 I/Utils   (11082): (main) Utils.java:78 keepScreenOn(): KeepScreenOn = false window = com.android.internal.policy.PhoneWindow@7188c92
07-16 10:15:02.506 I/DecorView(11082): notifyKeepScreenOnChanged: keepScreenOn=false
07-16 10:15:02.509 D/MwmApplication(11082): (main) MwmApplication.java:203 onActivitySaveInstanceState(): activity = app.organicmaps.MwmActivity@ba1c77b outState = Bundle[{android:viewHierarchyState=Bundle[{android:views={16908290=android.view.AbsSavedState$1@3bf91cd, 2131296314=android.view.AbsSavedState$1@3bf91cd, 2131296325=android.view.AbsSavedState$1@3bf91cd, 2131296338=android.view.AbsSavedState$1@3bf91cd, 2131296339=android.view.AbsSavedState$1@3bf91cd, 2131296340=android.view.AbsSavedState$1@3bf91cd, 2131296374=android.view.AbsSavedState$1@3bf91cd, 2131296381=CompoundButton.SavedState{63f2a42 checked=false}, 2131296427=com.google.android.material.button.MaterialButton$SavedState@8d14a53, 2131296429=com.google.android.material.button.MaterialButton$SavedState@4f41f90, 2131296430=android.view.AbsSavedState$1@3bf91cd, 2131296435=com.google.android.material.button.MaterialButton$SavedState@6ef8089, 2131296436=android.view.AbsSavedState$1@3bf91cd, 2131296452=android.view.AbsSavedState$1@3bf91cd, 2131296474=android.view.AbsSavedState$1@3bf91cd, 2131296475=android.view.AbsSavedState$1@3bf91cd, 2131296491=android.view.AbsSavedState$1@3bf91cd, 2131296494=androidx.coordinatorlayout.widget.CoordinatorLayout$SavedState@19a88e, 2131296555=android.view.AbsSavedState$1@3bf91cd, 2131296556=android.view.AbsSavedState$1@3bf91cd, 2131296557=android.view.AbsSavedState$1@3bf91cd, 2131296559=android.view.AbsSavedState$1@3bf91cd, 2131296566=ExtendableSavedState{81c38af states={expandableWidgetHelper=Bundle[{expanded=false, expandedComponentIdHint=0}]}}, 2131296567=android.view.AbsSavedState$1@3bf91cd, 2131296568=android.view.AbsSavedState$1@3bf91cd, 2131296571=com.google.android.material.button.MaterialButton$SavedState@3a3a4bc, 2131296572=android.view.AbsSavedState$1@3bf91cd, 2131296573=android.view.AbsSavedState$1@3bf91cd, 2131296576=android.view.AbsSavedState$1@3bf91cd, 2131296579=android.view.AbsSavedState$1@3bf91cd, 2131296625=android.view.AbsSavedState$1@3bf91cd, 2131296632=android.view.AbsSavedState$1@3bf91cd, 2131296633=android.view.AbsSavedState$1@3bf91cd, 2131296634=android.view.AbsSavedState$1@3bf91cd, 2131296635=android.view.AbsSavedState$1@3bf91cd, 2131296636=android.view.AbsSavedState$1@3bf91cd, 2131296649=android.view.AbsSavedState$1@3bf91cd, 2131296714=android.view.AbsSavedState$1@3bf91cd, 2131296754=android.view.AbsSavedState$1@3bf91cd, 2131296765=android.view.AbsSavedState$1@3bf91cd, 2131296823=android.view.AbsSavedState$1@3bf91cd, 2131296824=android.view.AbsSavedState$1@3bf91cd, 2131296829=android.view.AbsSavedState$1@3bf91cd, 2131296865=android.view.AbsSavedState$1@3bf91cd, 2131296907=android.view.AbsSavedState$1@3bf91cd, 2131296908=android.view.AbsSavedState$1@3bf91cd, 2131296909=android.view.AbsSavedState$1@3bf91cd, 2131296910=androidx.coordinatorlayout.widget.CoordinatorLayout$SavedState@e469c45, 2131296911=android.view.AbsSavedState$1@3bf91cd, 2131296912=android.view.AbsSavedState$1@3bf91cd, 2131296913=android.view.AbsSavedState$1@3bf91cd, 2131296914=android.view.AbsSavedState$1@3bf91cd, 2131296915=android.view.AbsSavedState$1@3bf91cd, 2131296916=android.view.AbsSavedState$1@3bf91cd, 2131296917=android.view.AbsSavedState$1@3bf91cd, 2131296926=android.view.AbsSavedState$1@3bf91cd, 2131296928=android.view.AbsSavedState$1@3bf91cd, 2131296933=android.view.AbsSavedState$1@3bf91cd, 2131296946=android.view.AbsSavedState$1@3bf91cd, 2131296955=ScrollView.SavedState{a0bbf9a scrollPosition=0}, 2131296993=CompoundButton.SavedState{67db0cb checked=true}, 2131296994=android.view.AbsSavedState$1@3bf91cd, 2131297006=android.view.AbsSavedState$1@3bf91cd, 2131297024=android.view.AbsSavedState$1@3bf91cd, 2131297035=android.widget.ProgressBar$SavedState@76450a8, 2131297036=android.view.AbsSavedState$1@3bf91cd, 2131297038=android.view.AbsSavedState$1@3bf91cd, 2131297040=android.widget.ProgressBar$SavedState@39b7c1, 2131297041=android.view.AbsSavedState$1@3bf91cd, 2131297042=android.view.AbsSavedState$1@3bf91cd, 2131297043=android.view.AbsSavedState$1@3bf91cd, 2131297044=android.view.AbsSavedState$1@3bf91cd, 2131297047=TextView.Save
07-16 10:15:02.512 I/MSHandlerLifeCycle(11082): removeMultiSplitHandler: no exist. decor=DecorView@53e5e18[MwmActivity]
07-16 10:15:02.519 I/ViewRootImpl@5a60db7[MwmActivity](11082): performTraversals params={(0,0)(fillxfill) sim={state=always_hidden adjust=pan} layoutInDisplayCutoutMode=always ty=BASE_APPLICATION wanim=0x1030309
07-16 10:15:02.519 I/ViewRootImpl@5a60db7[MwmActivity](11082):   fl=81810100
07-16 10:15:02.519 I/ViewRootImpl@5a60db7[MwmActivity](11082):   pfl=16020040
07-16 10:15:02.519 I/ViewRootImpl@5a60db7[MwmActivity](11082):   vsysui=2310
07-16 10:15:02.519 I/ViewRootImpl@5a60db7[MwmActivity](11082):   apr=LIGHT_STATUS_BARS LIGHT_NAVIGATION_BARS
07-16 10:15:02.519 I/ViewRootImpl@5a60db7[MwmActivity](11082):   bhv=DEFAULT
07-16 10:15:02.519 I/ViewRootImpl@5a60db7[MwmActivity](11082):   fitSides= naviIconColor=0}
07-16 10:15:02.520 I/ViewRootImpl@5a60db7[MwmActivity](11082): performTraversals mFirst=false windowShouldResize=false viewVisibilityChanged=false mForceNextWindowRelayout=false params={(0,0)(fillxfill) sim={state=always_hidden adjust=pan} layoutInDisplayCutoutMode=always ty=BASE_APPLICATION fmt=TRANSLUCENT wanim=0x1030309
07-16 10:15:02.520 I/ViewRootImpl@5a60db7[MwmActivity](11082):   fl=81810100
07-16 10:15:02.520 I/ViewRootImpl@5a60db7[MwmActivity](11082):   pfl=16020040
07-16 10:15:02.520 I/ViewRootImpl@5a60db7[MwmActivity](11082):   vsysui=2310
07-16 10:15:02.520 I/ViewRootImpl@5a60db7[MwmActivity](11082):   apr=LIGHT_STATUS_BARS LIGHT_NAVIGATION_BARS
07-16 10:15:02.520 I/ViewRootImpl@5a60db7[MwmActivity](11082):   bhv=DEFAULT
07-16 10:15:02.520 I/ViewRootImpl@5a60db7[MwmActivity](11082):   fitSides= naviIconColor=0}
07-16 10:15:02.525 I/ViewRootImpl@5a60db7[MwmActivity](11082): Relayout returned: old=(0,0,1080,2400) new=(0,0,1080,2400) req=(1080,2400)8 dur=4 res=0x2 s={false 0x0} ch=false seqId=0
07-16 10:15:02.525 D/SurfaceView@45f0173(11082): updateSurface: surface is not valid
07-16 10:15:02.525 I/SurfaceView@45f0173(11082): releaseSurfaces: viewRoot = ViewRootImpl@5a60db7[MwmActivity]
07-16 10:15:02.526 I/SurfaceView@45f0173(11082): applyTransactionOnVriDraw: vri = ViewRootImpl@5a60db7[MwmActivity] fRS = true t = 0xe977d660 android.view.SurfaceView.releaseSurfaces:858 android.view.SurfaceView.updateSurface:998 android.view.SurfaceView.lambda$new$0$android-view-SurfaceView:200 
07-16 10:15:02.526 I/SurfaceView@45f0173(11082): applyTransactionOnVriDraw: viewRoot.applyTransactionOnDrawFromReleaseSurfaces
07-16 10:15:02.526 I/ViewRootImpl@5a60db7[MwmActivity](11082): from releaseSurfaces t.apply t = 0xe977d660
07-16 10:15:03.073 D/LocationState(11082): (main) LocationHelper.java:99 onSatelliteStatusChanged(): total = 3 used = 0 fixed = false
07-16 10:15:03.690 I/ViewRootImpl@e6084ef[SettingsActivity](11082): ViewPostIme pointer 0
07-16 10:15:03.738 I/ViewRootImpl@e6084ef[SettingsActivity](11082): ViewPostIme pointer 1
07-16 10:15:03.765 W/OnBackInvokedCallback(11082): OnBackInvokedCallback is not enabled for the application.
07-16 10:15:03.765 W/OnBackInvokedCallback(11082): Set 'android:enableOnBackInvokedCallback="true"' in the application manifest.
07-16 10:15:03.944 I/IMM_LC  (11082): closeCurrentInput: mService.hideSoftInput
07-16 10:15:04.062 D/LocationState(11082): (main) LocationHelper.java:99 onSatelliteStatusChanged(): total = 3 used = 0 fixed = false
07-16 10:15:05.073 D/LocationState(11082): (main) LocationHelper.java:99 onSatelliteStatusChanged(): total = 3 used = 0 fixed = false
07-16 10:15:05.825 I/ViewRootImpl@e6084ef[SettingsActivity](11082): ViewPostIme pointer 0
07-16 10:15:05.911 I/ViewRootImpl@e6084ef[SettingsActivity](11082): ViewPostIme pointer 1
07-16 10:15:05.930 I/LogsManager(11082): Switching isFileLoggingEnabled to true
07-16 10:15:05.938 I/LogsManager(11082): Creating logs folder /storage/emulated/0/Android/data/app.comaps.fdroid.debug/files/logs
07-16 10:15:05.944 I/LogsManager(11082): Logging to logs folder /storage/emulated/0/Android/data/app.comaps.fdroid.debug/files/logs
07-16 10:15:06.072 D/LocationState(11082): (main) LocationHelper.java:99 onSatelliteStatusChanged(): total = 3 used = 0 fixed = false
07-16 10:15:07.073 D/LocationState(11082): (main) LocationHelper.java:99 onSatelliteStatusChanged(): total = 3 used = 0 fixed = false
07-16 10:15:08.081 D/LocationState(11082): (main) LocationHelper.java:99 onSatelliteStatusChanged(): total = 4 used = 0 fixed = false
07-16 10:15:09.069 D/LocationState(11082): (main) LocationHelper.java:99 onSatelliteStatusChanged(): total = 4 used = 0 fixed = false
07-16 10:15:10.076 D/LocationState(11082): (main) LocationHelper.java:99 onSatelliteStatusChanged(): total = 4 used = 0 fixed = false
07-16 10:15:10.425 D/LocationState(11082): (main) LocationHelper.java:272 updateProviderDecision(): Selected: fused, with acc. 37.622
07-16 10:15:10.427 D/LocationState(11082): (main) LocationHelper.java:216 onLocationChanged(): provider = AndroidNativeProvider location = Location[fused 43.447782,-3.645356 hAcc=37.622 et=+12d16h14m1s405ms alt=138.40000915527344 vAcc=1.2434123 vel=0.12118237 sAcc=1.5 bear=90.75347 bAcc=180.0]
07-16 10:15:11.079 D/LocationState(11082): (main) LocationHelper.java:99 onSatelliteStatusChanged(): total = 4 used = 0 fixed = false
07-16 10:15:11.902 I/ViewRootImpl@e6084ef[SettingsActivity](11082): ViewPostIme pointer 0
07-16 10:15:11.973 I/ViewRootImpl@e6084ef[SettingsActivity](11082): ViewPostIme pointer 1
07-16 10:15:11.987 I/BaseMwmFragmentActivity(11082): (main) BaseMwmFragmentActivity.java:169 onBackPressedInternal(): Fragment 'SettingsPrefsFragment{a0ea9d2} (79b723f8-8274-4799-be54-ddd70e96afb6 id=0x7f090197 tag=app.organicmaps.settings.SettingsPrefsFragment)' doesn't handle back press by itself.
07-16 10:15:12.142 D/LocationState(11082): (main) LocationHelper.java:99 onSatelliteStatusChanged(): total = 4 used = 0 fixed = false
07-16 10:15:13.107 D/LocationState(11082): (main) LocationHelper.java:99 onSatelliteStatusChanged(): total = 4 used = 0 fixed = false
07-16 10:15:13.595 I/ViewRootImpl@e6084ef[SettingsActivity](11082): ViewPostIme pointer 0
07-16 10:15:13.662 I/ViewRootImpl@e6084ef[SettingsActivity](11082): ViewPostIme pointer 1
07-16 10:15:13.675 I/BaseMwmFragmentActivity(11082): (main) BaseMwmFragmentActivity.java:169 onBackPressedInternal(): Fragment 'SettingsPrefsFragment{a0ea9d2} (79b723f8-8274-4799-be54-ddd70e96afb6 id=0x7f090197 tag=app.organicmaps.settings.SettingsPrefsFragment)' doesn't handle back press by itself.
07-16 10:15:13.676 D/Activity(11082): onBackPressed
07-16 10:15:13.703 D/MwmApplication(11082): (main) MwmApplication.java:192 onActivityPaused(): activity = app.organicmaps.settings.SettingsActivity@d45f340
07-16 10:15:13.731 I/ViewRootImpl@5a60db7[MwmActivity](11082): handleAppVisibility mAppVisible = false visible = true
07-16 10:15:13.732 D/CompatibilityChangeReporter(11082): Compat change id reported: 78294732; UID 10451; state: ENABLED
07-16 10:15:13.732 I/ViewRootImpl@5a60db7[MwmActivity](11082): stopped(false) old = true
07-16 10:15:13.733 I/ViewRootImpl@5a60db7[MwmActivity](11082): WindowStopped on app.comaps.fdroid.debug/app.organicmaps.MwmActivity set to false
07-16 10:15:13.736 I/CoMapsDebug(11082): sdk/Framework.cpp:916 Java_app_organicmaps_sdk_Framework_nativePlacePageActivationListener () - Set global map object listener
07-16 10:15:13.736 I/OMcore  (11082): (main) sdk/Framework.cpp:916 Java_app_organicmaps_sdk_Framework_nativePlacePageActivationListener(): Set global map object listener
07-16 10:15:13.737 D/LocationState(11082): (main) LocationHelper.java:372 addListener(): listener: app.organicmaps.MwmActivity@ba1c77b count was: 0
07-16 10:15:13.738 I/Utils   (11082): (main) Utils.java:78 keepScreenOn(): KeepScreenOn = false window = com.android.internal.policy.PhoneWindow@7188c92
07-16 10:15:13.738 I/DecorView(11082): notifyKeepScreenOnChanged: keepScreenOn=false
07-16 10:15:13.740 D/MapController[Device](11082): (main) MapController.java:70 onStart(): 
07-16 10:15:13.744 I/MSHandlerLifeCycle(11082): removeMultiSplitHandler: no exist. decor=DecorView@53e5e18[MwmActivity]
07-16 10:15:13.749 I/ViewRootImpl@5a60db7[MwmActivity](11082): stopped(false) old = false
07-16 10:15:13.750 D/MwmApplication(11082): (main) MwmApplication.java:183 onActivityResumed(): activity = app.organicmaps.MwmActivity@ba1c77b
07-16 10:15:13.751 I/Utils   (11082): (main) Utils.java:95 showOnLockScreen(): showOnLockScreen = false window = com.android.internal.policy.PhoneWindow@7188c92
07-16 10:15:13.752 I/SensorHelper(11082): (main) SensorHelper.java:94 setRotation(): rotation = 0
07-16 10:15:13.754 I/DecorView(11082): notifyKeepScreenOnChanged: keepScreenOn=false
07-16 10:15:13.757 D/SensorHelper(11082): (main) SensorHelper.java:105 addListener(): listener: app.organicmaps.MwmActivity@ba1c77b count was: 0
07-16 10:15:13.793 D/MapController[Device](11082): (main) MapController.java:77 onResume(): 
07-16 10:15:13.795 I/MSHandlerLifeCycle(11082): removeMultiSplitHandler: no exist. decor=DecorView@53e5e18[MwmActivity]
07-16 10:15:13.797 I/SurfaceView@45f0173(11082): onWindowVisibilityChanged(0) false app.organicmaps.sdk.MapView{45f0173 V.E...... ........ 0,0-1080,2400 #7f090237 app:id/map} of ViewRootImpl@5a60db7[MwmActivity]
07-16 10:15:13.797 D/SurfaceView@45f0173(11082): updateSurface: surface is not valid
07-16 10:15:13.797 I/SurfaceView@45f0173(11082): releaseSurfaces: viewRoot = ViewRootImpl@5a60db7[MwmActivity]
07-16 10:15:13.797 I/SurfaceView@45f0173(11082): applyTransactionOnVriDraw: vri = ViewRootImpl@5a60db7[MwmActivity] fRS = true t = 0xdccc7f40 android.view.SurfaceView.releaseSurfaces:858 android.view.SurfaceView.updateSurface:998 android.view.SurfaceView.onWindowVisibilityChanged:371 
07-16 10:15:13.797 I/SurfaceView@45f0173(11082): applyTransactionOnVriDraw: viewRoot.applyTransactionOnDrawFromReleaseSurfaces
07-16 10:15:13.798 I/ViewRootImpl@5a60db7[MwmActivity](11082): applyTransactionOnDraw: mRemoved = false isHardwareEnabled = false t = 0xdccc7f40android.view.ViewRootImpl.applyTransactionOnDrawFromReleaseSurfaces:12850 android.view.SurfaceView.applyTransactionOnVriDraw:2046 android.view.SurfaceView.releaseSurfaces:858 android.view.SurfaceView.updateSurface:998 android.view.SurfaceView.onWindowVisibilityChanged:371 
07-16 10:15:13.817 I/ViewRootImpl@5a60db7[MwmActivity](11082): performTraversals params={(0,0)(fillxfill) sim={state=always_hidden adjust=pan} layoutInDisplayCutoutMode=always ty=BASE_APPLICATION wanim=0x1030309
07-16 10:15:13.817 I/ViewRootImpl@5a60db7[MwmActivity](11082):   fl=81810100
07-16 10:15:13.817 I/ViewRootImpl@5a60db7[MwmActivity](11082):   pfl=16020040
07-16 10:15:13.817 I/ViewRootImpl@5a60db7[MwmActivity](11082):   vsysui=2310
07-16 10:15:13.817 I/ViewRootImpl@5a60db7[MwmActivity](11082):   apr=LIGHT_STATUS_BARS LIGHT_NAVIGATION_BARS
07-16 10:15:13.817 I/ViewRootImpl@5a60db7[MwmActivity](11082):   bhv=DEFAULT
07-16 10:15:13.817 I/ViewRootImpl@5a60db7[MwmActivity](11082):   fitSides= naviIconColor=0}
07-16 10:15:13.818 I/ViewRootImpl@5a60db7[MwmActivity](11082): performTraversals mFirst=false windowShouldResize=false viewVisibilityChanged=true mForceNextWindowRelayout=false params={(0,0)(fillxfill) sim={state=always_hidden adjust=pan} layoutInDisplayCutoutMode=always ty=BASE_APPLICATION fmt=TRANSLUCENT wanim=0x1030309
07-16 10:15:13.818 I/ViewRootImpl@5a60db7[MwmActivity](11082):   fl=81810100
07-16 10:15:13.818 I/ViewRootImpl@5a60db7[MwmActivity](11082):   pfl=16020040
07-16 10:15:13.818 I/ViewRootImpl@5a60db7[MwmActivity](11082):   vsysui=2310
07-16 10:15:13.818 I/ViewRootImpl@5a60db7[MwmActivity](11082):   apr=LIGHT_STATUS_BARS LIGHT_NAVIGATION_BARS
07-16 10:15:13.818 I/ViewRootImpl@5a60db7[MwmActivity](11082):   bhv=DEFAULT
07-16 10:15:13.818 I/ViewRootImpl@5a60db7[MwmActivity](11082):   fitSides= naviIconColor=0}
07-16 10:15:13.829 I/ViewRootImpl@5a60db7[MwmActivity](11082): updateBlastSurfaceIfNeeded mBlastBufferQueue=null isSameSurfaceControl=false
07-16 10:15:13.830 I/BLASTBufferQueue(11082): new BLASTBufferQueue, mName= ViewRootImpl@5a60db7[MwmActivity] mNativeObject= 0xd6bf0500 sc.mNativeObject= 0xec478730 caller= android.view.ViewRootImpl.updateBlastSurfaceIfNeeded:2909 android.view.ViewRootImpl.relayoutWindow:9847 android.view.ViewRootImpl.performTraversals:3884 android.view.ViewRootImpl.doTraversal:3116 android.view.ViewRootImpl$TraversalRunnable.run:10885 android.view.Choreographer$CallbackRecord.run:1301 android.view.Choreographer$CallbackRecord.run:1309 android.view.Choreographer.doCallbacks:923 android.view.Choreographer.doFrame:852 android.view.Choreographer$FrameDisplayEventReceiver.run:1283 
07-16 10:15:13.830 I/BLASTBufferQueue(11082): update, w= 1080 h= 2400 mName = ViewRootImpl@5a60db7[MwmActivity] mNativeObject= 0xd6bf0500 sc.mNativeObject= 0xec478730 format= -3 caller= android.graphics.BLASTBufferQueue.<init>:84 android.view.ViewRootImpl.updateBlastSurfaceIfNeeded:2909 android.view.ViewRootImpl.relayoutWindow:9847 android.view.ViewRootImpl.performTraversals:3884 android.view.ViewRootImpl.doTraversal:3116 android.view.ViewRootImpl$TraversalRunnable.run:10885 
07-16 10:15:13.831 I/ViewRootImpl@5a60db7[MwmActivity](11082): Relayout returned: old=(0,0,1080,2400) new=(0,0,1080,2400) req=(1080,2400)0 dur=11 res=0x3 s={true 0xd76ce400} ch=true seqId=0
07-16 10:15:13.832 I/ViewRootImpl@5a60db7[MwmActivity](11082): mThreadedRenderer.initialize() mSurface={isValid=true 0xd76ce400} hwInitialized=true
07-16 10:15:13.832 D/OpenGLRenderer(11082): eglCreateWindowSurface
07-16 10:15:13.832 I/SurfaceView@45f0173(11082): Changes: creating=false format=false size=false visible=false alpha=false hint=false mUseAlpha=false visible=false left=false top=false
07-16 10:15:13.835 I/SurfaceView@45f0173(11082): windowStopped(false) true app.organicmaps.sdk.MapView{45f0173 V.E...... ........ 0,0-1080,2400 #7f090237 app:id/map} of ViewRootImpl@5a60db7[MwmActivity]
07-16 10:15:13.835 I/SurfaceView@45f0173(11082): Changes: creating=true format=false size=false visible=true alpha=false hint=false mUseAlpha=false visible=true left=false top=false
07-16 10:15:13.838 I/BLASTBufferQueue(11082): update, w= 1080 h= 2400 mName = null mNativeObject= 0xd6bf0980 sc.mNativeObject= 0xde7a62e0 format= 4 caller= android.view.SurfaceView.createBlastSurfaceControls:1383 android.view.SurfaceView.updateSurface:1079 android.view.SurfaceView.setWindowStopped:335 android.view.SurfaceView.surfaceCreated:1853 android.view.ViewRootImpl.notifySurfaceCreated:2820 android.view.ViewRootImpl.performTraversals:4293 
07-16 10:15:13.838 I/SurfaceView@45f0173(11082): 73335155 Cur surface: Surface(name=null)/@0x929d9ee
07-16 10:15:13.838 I/SurfaceView@45f0173(11082): pST: sr = Rect(0, 0 - 1080, 2400) sw = 1080 sh = 2400
07-16 10:15:13.838 D/SurfaceView@45f0173(11082): performSurfaceTransaction RenderWorker position = [0, 0, 1080, 2400] surfaceSize = 1080x2400
07-16 10:15:13.839 I/SurfaceView@45f0173(11082): applyTransactionOnVriDraw: vri = ViewRootImpl@5a60db7[MwmActivity] fRS = false t = 0xdccc8300 android.view.SurfaceView.performSurfaceTransaction:959 android.view.SurfaceView.updateSurface:1105 android.view.SurfaceView.setWindowStopped:335 
07-16 10:15:13.839 I/ViewRootImpl@5a60db7[MwmActivity](11082): applyTransactionOnDraw: mRemoved = false isHardwareEnabled = true t = 0xdccc8300android.view.SurfaceView.applyTransactionOnVriDraw:2048 android.view.SurfaceView.performSurfaceTransaction:959 android.view.SurfaceView.updateSurface:1105 android.view.SurfaceView.setWindowStopped:335 android.view.SurfaceView.surfaceCreated:1853 
07-16 10:15:13.839 I/SurfaceView@45f0173(11082): updateSurface: mVisible = true mSurface.isValid() = true
07-16 10:15:13.839 I/SurfaceView@45f0173(11082): updateSurface: mSurfaceCreated = false surfaceChanged = true visibleChanged = true
07-16 10:15:13.839 I/SurfaceView@45f0173(11082): visibleChanged -- surfaceCreated
07-16 10:15:13.839 I/SurfaceView@45f0173(11082): surfaceCreated 1 #1 app.organicmaps.sdk.MapView{45f0173 V.E...... ........ 0,0-1080,2400 #7f090237 app:id/map}
07-16 10:15:13.840 D/MapView (11082): (main) MapView.java:28 surfaceCreated(): 
07-16 10:15:13.840 D/Map     (11082): (main) Map.java:154 onSurfaceCreated(): mSurfaceCreated = true
07-16 10:15:13.840 I/CoMapsDebug(11082): sdk/Framework.cpp:337 AttachSurface () - Attach surface started.
07-16 10:15:13.841 I/OMcore  (11082): (main) sdk/Framework.cpp:337 AttachSurface(): Attach surface started.
07-16 10:15:13.847 E/GraphicBufferAllocator(11082): Failed to allocate (4 x 4) layerCount 1 format 56 usage b00: 5
07-16 10:15:13.847 E/AHardwareBuffer(11082): GraphicBuffer(w=4, h=4, lc=1) failed (Unknown error -5), handle=0x0
07-16 10:15:13.850 E/GraphicBufferAllocator(11082): Failed to allocate (4 x 4) layerCount 1 format 56 usage b00: 5
07-16 10:15:13.850 E/AHardwareBuffer(11082): GraphicBuffer(w=4, h=4, lc=1) failed (Unknown error -5), handle=0x0
07-16 10:15:13.864 D/CoMapsDebug(11082): drape_frontend/drape_engine.cpp:374 SetRenderingEnabled () - Rendering enabled
07-16 10:15:13.864 D/OMcore  (11082): (main) drape_frontend/drape_engine.cpp:374 SetRenderingEnabled(): Rendering enabled
07-16 10:15:13.864 I/CoMapsDebug(11082): sdk/Framework.cpp:381 AttachSurface () - Recover surface, viewport size: 1080 2400
07-16 10:15:13.865 I/OMcore  (11082): (main) sdk/Framework.cpp:381 AttachSurface(): Recover surface, viewport size: 1080 2400
07-16 10:15:13.865 I/CoMapsDebug(11082): sdk/Framework.cpp:387 AttachSurface () - Attach surface finished.
07-16 10:15:13.865 I/OMcore  (11082): (main) sdk/Framework.cpp:387 AttachSurface(): Attach surface finished.
07-16 10:15:13.865 I/CoMapsDebug(11082): sdk/Framework.cpp:415 ResumeSurfaceRendering () - Resume surface rendering.
07-16 10:15:13.866 I/OMcore  (11082): (main) sdk/Framework.cpp:415 ResumeSurfaceRendering(): Resume surface rendering.
07-16 10:15:13.866 I/SurfaceView@45f0173(11082): surfaceChanged -- format=4 w=1080 h=2400
07-16 10:15:13.866 I/SurfaceView@45f0173(11082): surfaceChanged (1080,2400) 1 #1 app.organicmaps.sdk.MapView{45f0173 V.E...... ........ 0,0-1080,2400 #7f090237 app:id/map}
07-16 10:15:13.867 D/MapView (11082): (main) MapView.java:36 surfaceChanged(): 
07-16 10:15:13.867 D/Map     (11082): (main) Map.java:209 onSurfaceChanged(): mSurfaceCreated = true
07-16 10:15:13.868 I/SurfaceView@45f0173(11082): surfaceRedrawNeeded
07-16 10:15:13.869 V/SurfaceView@45f0173(11082): Layout: x=0 y=0 w=1080 h=2400, frame=Rect(0, 0 - 1080, 2400)
07-16 10:15:13.869 I/ViewRootImpl@5a60db7[MwmActivity](11082): reportNextDraw android.view.ViewRootImpl.performTraversals:4438 android.view.ViewRootImpl.doTraversal:3116 android.view.ViewRootImpl$TraversalRunnable.run:10885 android.view.Choreographer$CallbackRecord.run:1301 android.view.Choreographer$CallbackRecord.run:1309 
07-16 10:15:13.869 I/ViewRootImpl@5a60db7[MwmActivity](11082): Setup new sync id=5
07-16 10:15:13.869 I/ViewRootImpl@5a60db7[MwmActivity](11082): Setting syncFrameCallback
07-16 10:15:13.869 E/SurfaceSyncer(11082): Failed to find sync for id=0
07-16 10:15:13.869 E/SurfaceSyncer(11082): Failed to find sync for id=1
07-16 10:15:13.869 E/SurfaceSyncer(11082): Failed to find sync for id=2
07-16 10:15:13.869 E/SurfaceSyncer(11082): Failed to find sync for id=3
07-16 10:15:13.869 E/SurfaceSyncer(11082): Failed to find sync for id=4
07-16 10:15:13.869 E/SurfaceSyncer(11082): Failed to find sync for id=5
07-16 10:15:13.870 I/ViewRootImpl@5a60db7[MwmActivity](11082): registerCallbacksForSync syncBuffer=false
07-16 10:15:13.882 W/ps.fdroid.debug(11082): Cleared Reference was only reachable from finalizer (only reported once)
07-16 10:15:13.888 D/SurfaceView@45f0173(11082): updateSurfacePosition RenderWorker, frameNr = 1, position = [0, 0, 1080, 2400] surfaceSize = 1080x2400
07-16 10:15:13.888 I/SurfaceView@45f0173(11082): uSP: rtp = Rect(0, 0 - 1080, 2400) rtsw = 1080 rtsh = 2400
07-16 10:15:13.888 I/SurfaceView@45f0173(11082): onSSPAndSRT: pl = 0 pt = 0 sx = 1.0 sy = 1.0
07-16 10:15:13.888 I/SurfaceView@45f0173(11082): aOrMT: ViewRootImpl@5a60db7[MwmActivity] t = android.view.SurfaceControl$Transaction@aeff0bf fN = 1 android.view.SurfaceView.-$$Nest$mapplyOrMergeTransaction:0 android.view.SurfaceView$SurfaceViewPositionUpdateListener.positionChanged:1537 android.graphics.RenderNode$CompositePositionUpdateListener.positionChanged:373 
07-16 10:15:13.888 I/ViewRootImpl@5a60db7[MwmActivity](11082): mWNT: t=0xdccc83a0 mBlastBufferQueue=0xd6bf0500 fn= 1 caller= android.view.SurfaceView.applyOrMergeTransaction:1455 android.view.SurfaceView.-$$Nest$mapplyOrMergeTransaction:0 android.view.SurfaceView$SurfaceViewPositionUpdateListener.positionChanged:1537 
07-16 10:15:13.889 I/ViewRootImpl@5a60db7[MwmActivity](11082): mWNT: t=0xde18cea0 mBlastBufferQueue=0xd6bf0500 fn= 1 caller= android.view.ViewRootImpl.lambda$applyTransactionOnDraw$11$android-view-ViewRootImpl:12865 android.view.ViewRootImpl$$ExternalSyntheticLambda1.onFrameDraw:4 android.graphics.HardwareRenderer$FrameDrawingCallback.onFrameDraw:924 
07-16 10:15:13.889 I/ViewRootImpl@5a60db7[MwmActivity](11082): mWNT: t=0xdccc8300 mBlastBufferQueue=0xd6bf0500 fn= 1 caller= android.view.ViewRootImpl.lambda$applyTransactionOnDraw$11$android-view-ViewRootImpl:12865 android.view.ViewRootImpl$$ExternalSyntheticLambda1.onFrameDraw:4 android.graphics.HardwareRenderer$FrameDrawingCallback.onFrameDraw:924 
07-16 10:15:13.889 I/ViewRootImpl@5a60db7[MwmActivity](11082): Received frameDrawingCallback syncResult=0 frameNum=1.
07-16 10:15:13.889 I/ViewRootImpl@5a60db7[MwmActivity](11082): Setting up sync and frameCommitCallback
07-16 10:15:13.928 I/BLASTBufferQueue(11082): [SurfaceView[app.comaps.fdroid.debug/app.organicmaps.MwmActivity]@0#16](f:0,a:0) onFrameAvailable the first frame is available
07-16 10:15:13.929 D/InputTransport(11082): Input channel destroyed: 'ClientS', fd=292
07-16 10:15:13.930 D/InputTransport(11082): Input channel destroyed: 'ClientS', fd=126
07-16 10:15:13.931 D/InputTransport(11082): Input channel destroyed: 'ClientS', fd=280
07-16 10:15:13.931 I/BLASTBufferQueue(11082): [ViewRootImpl@5a60db7[MwmActivity]#15](f:0,a:0) onFrameAvailable the first frame is available
07-16 10:15:13.932 I/ViewRootImpl@5a60db7[MwmActivity](11082): Received frameCommittedCallback lastAttemptedDrawFrameNum=1 didProduceBuffer=true
07-16 10:15:13.932 D/OpenGLRenderer(11082): setSurface called with nullptr
07-16 10:15:13.933 I/ViewRootImpl@5a60db7[MwmActivity](11082): onSyncComplete
07-16 10:15:13.933 I/ViewRootImpl@5a60db7[MwmActivity](11082): setupSync seqId=0 mSyncId=5 fn=1 caller=android.view.ViewRootImpl$$ExternalSyntheticLambda11.accept:6 android.window.SurfaceSyncer.lambda$setupSync$1$android-window-SurfaceSyncer:128 android.window.SurfaceSyncer$$ExternalSyntheticLambda1.accept:8 android.window.SurfaceSyncer$SyncSet.checkIfSyncIsComplete:382 android.window.SurfaceSyncer$SyncSet.markSyncReady:359 android.window.SurfaceSyncer.markSyncReady:151 android.view.ViewRootImpl.performTraversals:4503 
07-16 10:15:13.934 D/InputTransport(11082): Input channel destroyed: 'ClientS', fd=117
07-16 10:15:13.936 D/OpenGLRenderer(11082): setSurface called with nullptr
07-16 10:15:13.937 I/ViewRootImpl@5a60db7[MwmActivity](11082): reportDrawFinished seqId=0 mSyncId=-1 fn=1 mSurfaceChangedTransaction=0xde7bdf20
07-16 10:15:13.938 I/ViewRootImpl@e6084ef[SettingsActivity](11082): MSG_WINDOW_FOCUS_CHANGED 0 0
07-16 10:15:13.952 I/SurfaceView@45f0173(11082): finishedDrawing
07-16 10:15:14.009 I/ViewRootImpl@5a60db7[MwmActivity](11082): MSG_WINDOW_FOCUS_CHANGED 1 0
07-16 10:15:14.009 I/ViewRootImpl@5a60db7[MwmActivity](11082): mThreadedRenderer.initializeIfNeeded()#2 mSurface={isValid=true 0xd76ce400}
07-16 10:15:14.016 D/InputMethodManager(11082): startInputInner - Id : 0
07-16 10:15:14.016 I/InputMethodManager(11082): startInputInner - mService.startInputOrWindowGainedFocus
07-16 10:15:14.052 D/LocationState(11082): (main) LocationHelper.java:99 onSatelliteStatusChanged(): total = 4 used = 0 fixed = false
07-16 10:15:14.292 I/ViewRootImpl@e6084ef[SettingsActivity](11082): handleAppVisibility mAppVisible = true visible = false
07-16 10:15:14.310 D/OpenGLRenderer(11082): setSurface called with nullptr
07-16 10:15:14.310 D/OpenGLRenderer(11082): setSurface() destroyed EGLSurface
07-16 10:15:14.311 D/OpenGLRenderer(11082): destroyEglSurface
07-16 10:15:14.314 I/ViewRootImpl@e6084ef[SettingsActivity](11082): performTraversals mFirst=false windowShouldResize=false viewVisibilityChanged=true mForceNextWindowRelayout=false params=null
07-16 10:15:14.329 I/ViewRootImpl@e6084ef[SettingsActivity](11082): Relayout returned: old=(0,0,1080,2400) new=(0,0,1080,2400) req=(1080,2400)8 dur=12 res=0x2 s={false 0x0} ch=true seqId=0
07-16 10:15:14.335 I/ViewRootImpl@e6084ef[SettingsActivity](11082): stopped(true) old = false
07-16 10:15:14.335 I/ViewRootImpl@e6084ef[SettingsActivity](11082): WindowStopped on app.comaps.fdroid.debug/app.organicmaps.settings.SettingsActivity set to true
07-16 10:15:14.343 I/MSHandlerLifeCycle(11082): removeMultiSplitHandler: no exist. decor=DecorView@46ea58[SettingsActivity]
07-16 10:15:14.349 D/MwmApplication(11082): (main) MwmApplication.java:209 onActivityDestroyed(): activity = app.organicmaps.settings.SettingsActivity@d45f340
07-16 10:15:14.368 I/MSHandlerLifeCycle(11082): removeMultiSplitHandler: no exist. decor=DecorView@46ea58[SettingsActivity]
07-16 10:15:14.370 D/OpenGLRenderer(11082): setSurface called with nullptr
07-16 10:15:14.370 I/ViewRootImpl@e6084ef[SettingsActivity](11082): dispatchDetachedFromWindow
07-16 10:15:14.379 D/InputTransport(11082): Input channel destroyed: 'fbff927', fd=133
07-16 10:15:15.063 D/LocationState(11082): (main) LocationHelper.java:99 onSatelliteStatusChanged(): total = 4 used = 0 fixed = false
07-16 10:15:16.075 D/LocationState(11082): (main) LocationHelper.java:99 onSatelliteStatusChanged(): total = 4 used = 0 fixed = false
07-16 10:15:17.074 D/LocationState(11082): (main) LocationHelper.java:99 onSatelliteStatusChanged(): total = 4 used = 0 fixed = false
07-16 10:15:18.072 D/LocationState(11082): (main) LocationHelper.java:99 onSatelliteStatusChanged(): total = 4 used = 0 fixed = false
07-16 10:15:18.772 I/ViewRootImpl@5a60db7[MwmActivity](11082): ViewPostIme pointer 0
07-16 10:15:18.801 I/ViewRootImpl@5a60db7[MwmActivity](11082): ViewPostIme pointer 1
07-16 10:15:19.041 D/CoMapsDebug(11082): platform/platform_android.cpp:36 ~DbgLogger () - Source for file /storage/emulated/0/Android/data/app.comaps.fdroid.debug/files/260603/Spain_Cantabria.mwm is f
07-16 10:15:19.042 D/OMcore  (11082): (main) platform/platform_android.cpp:36 ~DbgLogger(): Source for file /storage/emulated/0/Android/data/app.comaps.fdroid.debug/files/260603/Spain_Cantabria.mwm is f
07-16 10:15:19.110 D/CoMapsDebug(11082): platform/platform_android.cpp:36 ~DbgLogger () - Source for file subtypes.csv is r
07-16 10:15:19.110 D/OMcore  (11082): (main) platform/platform_android.cpp:36 ~DbgLogger(): Source for file subtypes.csv is r
07-16 10:15:19.137 D/CoMapsDebug(11082): platform/platform_android.cpp:36 ~DbgLogger () - Source for file /storage/emulated/0/Android/data/app.comaps.fdroid.debug/files/260603/Spain_Cantabria.mwm is f
07-16 10:15:19.137 D/OMcore  (11082): (main) platform/platform_android.cpp:36 ~DbgLogger(): Source for file /storage/emulated/0/Android/data/app.comaps.fdroid.debug/files/260603/Spain_Cantabria.mwm is f
07-16 10:15:19.168 W/OnBackInvokedCallback(11082): OnBackInvokedCallback is not enabled for the application.
07-16 10:15:19.168 W/OnBackInvokedCallback(11082): Set 'android:enableOnBackInvokedCallback="true"' in the application manifest.
07-16 10:15:19.171 D/LocationState(11082): (main) LocationHelper.java:99 onSatelliteStatusChanged(): total = 4 used = 0 fixed = false
07-16 10:15:19.448 D/LocationState(11082): (main) LocationHelper.java:372 addListener(): listener: PlacePageView{ba4ad21} (378a7708-0cb5-41cf-ab28-5e20065066d0 id=0x7f0902fb tag=PLACE_PAGE) count was: 1
07-16 10:15:19.449 D/SensorHelper(11082): (main) SensorHelper.java:105 addListener(): listener: PlacePageView{ba4ad21} (378a7708-0cb5-41cf-ab28-5e20065066d0 id=0x7f0902fb tag=PLACE_PAGE) count was: 1
07-16 10:15:19.583 D/LocationState(11082): (main) LocationHelper.java:272 updateProviderDecision(): Selected: fused, with acc. 16.625
07-16 10:15:19.584 D/LocationState(11082): (main) LocationHelper.java:216 onLocationChanged(): provider = AndroidNativeProvider location = Location[fused 43.447761,-3.645381 hAcc=16.625 et=+12d16h14m10s193ms alt=138.20001220703125 vAcc=1.248075 vel=0.17377333 sAcc=1.5 bear=210.07597 bAcc=180.0]
07-16 10:15:19.664 D/PlacePageController(11082): (main) PlacePageController.java:133 onStateChanged(): State change, new = SETTLING
07-16 10:15:19.936 D/PlacePageController(11082): (main) PlacePageController.java:133 onStateChanged(): State change, new = COLLAPSED
07-16 10:15:20.075 D/LocationState(11082): (main) LocationHelper.java:99 onSatelliteStatusChanged(): total = 4 used = 0 fixed = false
07-16 10:15:21.089 D/LocationState(11082): (main) LocationHelper.java:99 onSatelliteStatusChanged(): total = 4 used = 0 fixed = false
07-16 10:15:22.007 I/ViewRootImpl@5a60db7[MwmActivity](11082): ViewPostIme pointer 0
07-16 10:15:22.072 D/LocationState(11082): (main) LocationHelper.java:99 onSatelliteStatusChanged(): total = 4 used = 0 fixed = false
07-16 10:15:22.076 I/ViewRootImpl@5a60db7[MwmActivity](11082): ViewPostIme pointer 1
07-16 10:15:22.092 D/PlacePageController(11082): (main) PlacePageController.java:133 onStateChanged(): State change, new = SETTLING
07-16 10:15:22.095 D/RoutingController(11082): (main) RoutingController.java:326 prepare(): prepare (p2p)
07-16 10:15:22.096 D/RoutingController(11082): (main) RoutingController.java:482 cancel(): cancel: none
07-16 10:15:22.097 D/RoutingController(11082): (main) RoutingController.java:190 setState(): [S] State: NONE -> PREPARE, BuildState: NONE
07-16 10:15:22.108 D/RoutingController(11082): (main) RoutingController.java:284 build(): build
07-16 10:15:22.109 D/RoutingController(11082): (main) RoutingController.java:199 setBuildState(): [B] State: PREPARE, BuildState: NONE -> BUILDING
07-16 10:15:22.116 W/OnBackInvokedCallback(11082): OnBackInvokedCallback is not enabled for the application.
07-16 10:15:22.116 W/OnBackInvokedCallback(11082): Set 'android:enableOnBackInvokedCallback="true"' in the application manifest.
07-16 10:15:22.120 I/CoMapsDebug(11082): routing/async_router.cpp:310 CalculateRoute () - Calculating the route of direct length 7785.89 m. checkpoints: Checkpoints(ms::LatLon(43.4477614, -3.645381); ms::LatLon(43.4534751, -3.741404); passed: 0) startDirection: m2::Point<d>(0, 0) router name: astar-bidirectional-Pedestrian
07-16 10:15:22.121 I/OMcore  (11082): (Thread-9) routing/async_router.cpp:310 CalculateRoute(): Calculating the route of direct length 7785.89 m. checkpoints: Checkpoints(ms::LatLon(43.4477614, -3.645381); ms::LatLon(43.4534751, -3.741404); passed: 0) startDirection: m2::Point<d>(0, 0) router name: astar-bidirectional-Pedestrian
07-16 10:15:22.122 I/DecorView(11082): notifyKeepScreenOnChanged: keepScreenOn=false
07-16 10:15:22.124 I/ViewRootImpl@5a60db7[MwmActivity](11082): performTraversals params={(0,0)(fillxfill) sim={state=always_hidden adjust=pan} layoutInDisplayCutoutMode=always ty=BASE_APPLICATION fmt=TRANSLUCENT wanim=0x1030309
07-16 10:15:22.124 I/ViewRootImpl@5a60db7[MwmActivity](11082):   fl=81810100
07-16 10:15:22.124 I/ViewRootImpl@5a60db7[MwmActivity](11082):   pfl=16020040
07-16 10:15:22.124 I/ViewRootImpl@5a60db7[MwmActivity](11082):   vsysui=310
07-16 10:15:22.124 I/ViewRootImpl@5a60db7[MwmActivity](11082):   apr=LIGHT_NAVIGATION_BARS
07-16 10:15:22.124 I/ViewRootImpl@5a60db7[MwmActivity](11082):   bhv=DEFAULT
07-16 10:15:22.124 I/ViewRootImpl@5a60db7[MwmActivity](11082):   fitSides= naviIconColor=0}
07-16 10:15:22.127 I/ViewRootImpl@5a60db7[MwmActivity](11082): performTraversals mFirst=false windowShouldResize=false viewVisibilityChanged=false mForceNextWindowRelayout=false params={(0,0)(fillxfill) sim={state=always_hidden adjust=pan} layoutInDisplayCutoutMode=always ty=BASE_APPLICATION fmt=TRANSLUCENT wanim=0x1030309
07-16 10:15:22.127 I/ViewRootImpl@5a60db7[MwmActivity](11082):   fl=81810100
07-16 10:15:22.127 I/ViewRootImpl@5a60db7[MwmActivity](11082):   pfl=16020040
07-16 10:15:22.127 I/ViewRootImpl@5a60db7[MwmActivity](11082):   vsysui=310
07-16 10:15:22.127 I/ViewRootImpl@5a60db7[MwmActivity](11082):   apr=LIGHT_NAVIGATION_BARS
07-16 10:15:22.127 I/ViewRootImpl@5a60db7[MwmActivity](11082):   bhv=DEFAULT
07-16 10:15:22.127 I/ViewRootImpl@5a60db7[MwmActivity](11082):   fitSides= naviIconColor=0}
07-16 10:15:22.128 I/CoMapsDebug(11082): routing/index_router.cpp:1096 MakeWorldGraph () - Avoid next roads: RoutingOptions: { | steps | }
07-16 10:15:22.128 I/OMcore  (11082): (Thread-9) routing/index_router.cpp:1096 MakeWorldGraph(): Avoid next roads: RoutingOptions: { | steps | }
07-16 10:15:22.141 I/ViewRootImpl@5a60db7[MwmActivity](11082): updateBlastSurfaceIfNeeded mBlastBufferQueue=0xd6bf0500 isSameSurfaceControl=true
07-16 10:15:22.142 I/BLASTBufferQueue(11082): update, w= 1080 h= 2400 mName = ViewRootImpl@5a60db7[MwmActivity] mNativeObject= 0xd6bf0500 sc.mNativeObject= 0xd6772770 format= -3 caller= android.view.ViewRootImpl.updateBlastSurfaceIfNeeded:2898 android.view.ViewRootImpl.relayoutWindow:9847 android.view.ViewRootImpl.performTraversals:3884 android.view.ViewRootImpl.doTraversal:3116 android.view.ViewRootImpl$TraversalRunnable.run:10885 android.view.Choreographer$CallbackRecord.run:1301 
07-16 10:15:22.142 I/ViewRootImpl@5a60db7[MwmActivity](11082): Relayout returned: old=(0,0,1080,2400) new=(0,0,1080,2400) req=(1080,2400)0 dur=14 res=0x0 s={true 0xd76ce400} ch=false seqId=0
07-16 10:15:22.146 I/ViewRootImpl@5a60db7[MwmActivity](11082): updateBoundsLayer: t = android.view.SurfaceControl$Transaction@7d42a5a sc = Surface(name=Bounds for - app.comaps.fdroid.debug/app.organicmaps.MwmActivity@5)/@0x8b70ebd frame = 156
07-16 10:15:22.146 I/ViewRootImpl@5a60db7[MwmActivity](11082): mWNT: t=0xde7bdfc0 mBlastBufferQueue=0xd6bf0500 fn= 156 caller= android.view.ViewRootImpl.prepareSurfaces:2985 android.view.ViewRootImpl.performTraversals:4233 android.view.ViewRootImpl.doTraversal:3116 
07-16 10:15:22.195 D/CoMapsDebug(11082): platform/platform_android.cpp:36 ~DbgLogger () - Source for file /storage/emulated/0/Android/data/app.comaps.fdroid.debug/files/260603/WorldCoasts.mwm is f
07-16 10:15:22.195 D/OMcore  (11082): (Thread-9) platform/platform_android.cpp:36 ~DbgLogger(): Source for file /storage/emulated/0/Android/data/app.comaps.fdroid.debug/files/260603/WorldCoasts.mwm is f
07-16 10:15:22.350 D/PlacePageController(11082): (main) PlacePageController.java:133 onStateChanged(): State change, new = HIDDEN
07-16 10:15:22.351 W/OnBackInvokedCallback(11082): OnBackInvokedCallback is not enabled for the application.
07-16 10:15:22.351 W/OnBackInvokedCallback(11082): Set 'android:enableOnBackInvokedCallback="true"' in the application manifest.
07-16 10:15:22.362 D/LocationState(11082): (main) LocationHelper.java:386 removeListener(): listener: PlacePageView{ba4ad21} (378a7708-0cb5-41cf-ab28-5e20065066d0 id=0x7f0902fb tag=PLACE_PAGE) count was: 2
07-16 10:15:22.362 D/SensorHelper(11082): (main) SensorHelper.java:119 removeListener(): listener: PlacePageView{ba4ad21} (378a7708-0cb5-41cf-ab28-5e20065066d0 id=0x7f0902fb tag=PLACE_PAGE) count was: 2
07-16 10:15:23.051 D/LocationState(11082): (main) LocationHelper.java:99 onSatelliteStatusChanged(): total = 4 used = 0 fixed = false
07-16 10:15:23.226 I/CoMapsDebug(11082): routing/index_graph_loader.cpp:163 CreateIndexGraph () - routing section for Spain_Cantabria loaded in 1.02627 seconds
07-16 10:15:23.227 I/OMcore  (11082): (Thread-9) routing/index_graph_loader.cpp:163 CreateIndexGraph(): routing section for Spain_Cantabria loaded in 1.02627 seconds
07-16 10:15:23.348 I/ViewRootImpl@5a60db7[MwmActivity](11082): ViewPostIme pointer 0
07-16 10:15:23.439 I/ViewRootImpl@5a60db7[MwmActivity](11082): ViewPostIme pointer 1
07-16 10:15:23.627 D/CoMapsDebug(11082): platform/platform_android.cpp:36 ~DbgLogger () - Source for file /storage/emulated/0/Android/data/app.comaps.fdroid.debug/files/260603/Spain_Cantabria.mwm is f
07-16 10:15:23.627 D/OMcore  (11082): (main) platform/platform_android.cpp:36 ~DbgLogger(): Source for file /storage/emulated/0/Android/data/app.comaps.fdroid.debug/files/260603/Spain_Cantabria.mwm is f
07-16 10:15:23.636 W/OnBackInvokedCallback(11082): OnBackInvokedCallback is not enabled for the application.
07-16 10:15:23.636 W/OnBackInvokedCallback(11082): Set 'android:enableOnBackInvokedCallback="true"' in the application manifest.
07-16 10:15:23.668 I/CoMapsDebug(11082): routing/index_router.cpp:703 CalculateSubroute () - Routing in mode: Joints
07-16 10:15:23.668 I/OMcore  (11082): (Thread-9) routing/index_router.cpp:703 CalculateSubroute(): Routing in mode: Joints
07-16 10:15:23.860 D/LocationState(11082): (main) LocationHelper.java:372 addListener(): listener: PlacePageView{d305fbb} (996fedfd-40e9-4f60-9723-8c7c71874f0f id=0x7f0902fb tag=PLACE_PAGE) count was: 1
07-16 10:15:23.862 D/SensorHelper(11082): (main) SensorHelper.java:105 addListener(): listener: PlacePageView{d305fbb} (996fedfd-40e9-4f60-9723-8c7c71874f0f id=0x7f0902fb tag=PLACE_PAGE) count was: 1
07-16 10:15:24.015 D/InputTransport(11082): Input channel destroyed: 'ClientS', fd=161
07-16 10:15:24.017 D/OpenGLRenderer(11082): setSurface called with nullptr
07-16 10:15:24.113 D/LocationState(11082): (main) LocationHelper.java:99 onSatelliteStatusChanged(): total = 4 used = 0 fixed = false
07-16 10:15:24.122 D/PlacePageController(11082): (main) PlacePageController.java:133 onStateChanged(): State change, new = SETTLING
07-16 10:15:24.382 D/PlacePageController(11082): (main) PlacePageController.java:133 onStateChanged(): State change, new = COLLAPSED
07-16 10:15:24.966 D/CoMapsDebug(11082): routing/index_router.cpp:741 CalculateSubrouteJointsMode () - Result route weight: (0, 0, 0, 8012.74, 0)
07-16 10:15:24.967 D/OMcore  (11082): (Thread-9) routing/index_router.cpp:741 CalculateSubrouteJointsMode(): Result route weight: (0, 0, 0, 8012.74, 0)
07-16 10:15:24.968 I/CoMapsDebug(11082): base/timer.cpp:185 ~ScopedTimerWithLog () - Route build time: 1299 ms
07-16 10:15:24.968 I/OMcore  (11082): (Thread-9) base/timer.cpp:185 ~ScopedTimerWithLog(): Route build time: 1299 ms
07-16 10:15:25.020 D/CoMapsDebug(11082): routing/routing_helpers.cpp:84 ReconstructRoute () - ms::LatLon(43.4477614, -3.645381)
07-16 10:15:25.020 D/CoMapsDebug(11082): TurnItem { m_index = 1, m_turn = None, m_lanes = [0: ], m_exitNum = 0, m_pedestrianDir = None }
07-16 10:15:25.020 D/CoMapsDebug(11082): RoadNameInfo { m_name = Calle del Albergue, m_ref = , m_junction_ref = , m_destination_ref = , m_destination = , m_isLink = 0 }
07-16 10:15:25.020 D/CoMapsDebug(11082): ms::LatLon(43.4486013, -3.64585566)
07-16 10:15:25.020 D/CoMapsDebug(11082): TurnItem { m_index = 13, m_turn = None, m_lanes = [0: ], m_exitNum = 0, m_pedestrianDir = TurnRight }
07-16 10:15:25.020 D/CoMapsDebug(11082): RoadNameInfo { m_name = Calle del Albergue, m_ref = , m_junction_ref = , m_destination_ref = , m_destination = , m_isLink = 0 }
07-16 10:15:25.020 D/CoMapsDebug(11082): ms::LatLon(43.4546258, -3.64176798)
07-16 10:15:25.020 D/CoMapsDebug(11082): TurnItem { m_index = 57, m_turn = None, m_lanes = [0: ], m_exitNum = 0, m_pedestrianDir = TurnLeft }
07-16 10:15:25.020 D/CoMapsDebug(11082): RoadNameInfo { m_name = Acceso a Güemes, m_ref = CA-444, m_junction_ref = , m_destination_ref = , m_destination = , m_isLink = 0 }
07-16 10:15:25.020 D/CoMapsDebug(11082): ms::LatLon(43.4657951, -3.66126495)
07-16 10:15:25.020 D/CoMapsDebug(11082): TurnItem { m_index = 147, m_turn = None, m_lanes = [0: ], m_exitNum = 0, m_pedestrianDir = TurnRight }
07-16 10:15:25.020 D/CoMapsDebug(11082): RoadNameInfo { m_name = Galizano-Güem
07-16 10:15:25.020 D/OMcore  (11082): (Thread-9) routing/routing_helpers.cpp:84 ReconstructRoute(): ms::LatLon(43.4477614, -3.645381)
07-16 10:15:25.020 D/OMcore  (11082): TurnItem { m_index = 1, m_turn = None, m_lanes = [0: ], m_exitNum = 0, m_pedestrianDir = None }
07-16 10:15:25.020 D/OMcore  (11082): RoadNameInfo { m_name = Calle del Albergue, m_ref = , m_junction_ref = , m_destination_ref = , m_destination = , m_isLink = 0 }
07-16 10:15:25.020 D/OMcore  (11082): ms::LatLon(43.4486013, -3.64585566)
07-16 10:15:25.020 D/OMcore  (11082): TurnItem { m_index = 13, m_turn = None, m_lanes = [0: ], m_exitNum = 0, m_pedestrianDir = TurnRight }
07-16 10:15:25.020 D/OMcore  (11082): RoadNameInfo { m_name = Calle del Albergue, m_ref = , m_junction_ref = , m_destination_ref = , m_destination = , m_isLink = 0 }
07-16 10:15:25.020 D/OMcore  (11082): ms::LatLon(43.4546258, -3.64176798)
07-16 10:15:25.020 D/OMcore  (11082): TurnItem { m_index = 57, m_turn = None, m_lanes = [0: ], m_exitNum = 0, m_pedestrianDir = TurnLeft }
07-16 10:15:25.020 D/OMcore  (11082): RoadNameInfo { m_name = Acceso a Güemes, m_ref = CA-444, m_junction_ref = , m_destination_ref = , m_destination = , m_isLink = 0 }
07-16 10:15:25.020 D/OMcore  (11082): ms::LatLon(43.4657951, -3.66126495)
07-16 10:15:25.020 D/OMcore  (11082): TurnItem { m_index = 147, m_turn = None, m_lanes = [0: ], m_exitNum = 0, m_pedestrianDir = TurnRight }
07-16 10:15:25.020 D/OMcore  (11082): RoadNameInfo { m_name = Galizano-Güemes, m_ref = CA-443, m_junction_ref = , m_destination_ref = , m_destination = , m_isLink = 0 }
07-16 10:15:25.020 D/OMcore  (11082): ms::LatLon(43.4676795, -3.66281795)
07-16 10:15:25.020 D/OMcore  (11082): TurnItem { m_index = 155, m_turn = None, m_lanes = [0: ], m_exitNum = 0, m_pedestrianDir = TurnLeft }
07-16 10:15:25.020 D/OMcore  (11082): RoadNameInfo { m_name = Galizano-Güemes, m_ref = CA-443, m_junction_ref = , m_destination_ref = , m_destination = , m_isLink = 0 }
07-16 10:15:25.020 D/OMcore  (11082): ms::LatLon(43.4664608, -3.6689468)
07-16 10:15:25.020 D/OMcore  (11082): TurnItem { m_index = 170, m_turn = None, m_lanes = [0: ], m_exitNum = 0, m_pedestrianDir = TurnRight }
07-16 10:15:25.020 D/OMcore  (11082): RoadNameInfo { m_name = Loredo-Galizano, m_ref = CA-440, m_junction_ref = , m_destination_ref = , m_destination = , m_isLink = 0 }
07-16 10:15:25.020 D/OMcore  (11082): ms::LatLon(43.4669008, -3.66921234)
07-16 10:15:25.020 D/OMcore  (11082): TurnItem { m_index = 171, m_turn = None, m_lanes = [0: ], m_exitNum = 0, m_pedestrianDir = TurnLeft }
07-16 10:15:25.020 D/OMcore  (11082): RoadNameInfo { m_name = Calle Verdes, m_ref = , m_junction_ref = , m_destination_ref = , m_destination = , m_isLink = 0 }
07-16 10:15:25.020 D/OMcore  (11082): ms::LatLon(43.4666555, -3.67236662)
07-16 10:15:25.020 D/OMcore  (11082): TurnItem { m_index = 178, m_turn = None, m_lanes = [0: ], m_exitNum = 0, m_pedestrianDir = TurnLeft }
07-16 10:15:25.020 D/OMcore  (11082): RoadNameInfo { m_name = Calle Verdes, m_ref = , m_junction_ref = , m_destination_ref = , m_destination = , m_isLink = 0 }
07-16 10:15:25.020 D/OMcore  (11082): ms::LatLon(43.4665991, -3.67250341)
07-16 10:15:25.020 D/OMcore  (11082): TurnItem { m_index = 181, m_turn = None, m_lanes = [0: ], m_exitNum = 0, m_pedestrianDir = TurnLeft }
07-16 10:15:25.020 D/OMcore  (11082): RoadNameInfo { m_name = Calle Verdes, m_ref = , m_junction_ref = , m_destination_ref = , m_destination = , m_isLink = 0 }
07-16 10:15:25.020 D/OMcore  (11082): ms::LatLon(43.4665173, -3.67252218)
07-16 10:15:25.020 D/OMcore  (11082): TurnItem { m_index = 183, m_turn = None, m_lanes = [0: ], m_exitNum = 0, m_pedestrianDir = TurnRight }
07-16 10:15:25.020 D/OMcore  (11082): RoadNameInfo { m_name = Calle Verdes, m_ref = , m_junction_ref = , m_destination_ref = , m_destination = , m_isLink = 0 }
07-16 10:15:25.020 D/OMcore  (11082): ms::LatLon(43.4664881, -3.67258388)
07-16 10:15:25.020 D/OMcore  (11082): TurnItem { m_index = 185, m_turn = None, m_lanes = [0: ], m_exitNum = 0, m_pedestrianDir = TurnRight }
07-16 10:15:25.020 D/OMcore  (11082): RoadNameInfo { m_name = , m_ref = , m_junction_ref = , m_destination_ref = , m_destination = , m_isLink = 0 }
07-16 10:15:25.020 D/OMcore  (11082): ms::LatLon(43.4645083, -3.67950129)
07-16 10:15:25.020 D/OMcore  (11082): TurnItem { m_index = 208, m_turn = None, m_lanes = [0: ], m_exitNum = 0, m_pedestrianDir = TurnLeft }
07-16 10:15:25.020 D/OMcore  (11082): RoadNameInfo { m_name = , m_ref = , m_junction_ref = , m_destination_ref = , m_destination = , m_isLink = 0 }
07-16 10:15:25.020 D/OMcore  (11082): ms::LatLon(43.4547153, -3.72034061)
07-16 10:15:25.020 D/OMcore  (11082): TurnItem { m_index = 282, m_turn = None, m_lanes = [0: ], m_exitNum = 0, m_pedestrianDir = TurnRight }
07-16 10:15:25.020 D/OMcore  (11082): RoadNameInfo { m_name = Loredo-Galizano, m_ref = CA-440, m_junction_ref = , m_destination_ref = , m_destination = , m_isLink = 0 }
07-16 10:15:25.020 D/OMcore  (11082): ms::LatLon(43.4554708, -3.72053909)
07-16 10:15:25.020 D/OMcore  (11082): TurnItem { m_index = 289, m_turn = None, m_lanes = [0: ], m_exitNum = 0, m_pedestrianDir = TurnLeft }
07-16 10:15:25.020 D/OMcore  (11082): RoadNameInfo { m_name = Barrio Latas, m_ref = , m_junction_ref = , m_destination_ref = , m_destination = , m_isLink = 0 }
07-16 10:15:25.020 D/OMcore  (11082): ms::LatLon(43.4562769, -3.72175145)
07-16 10:15:25.020 D/OMcore  (11082): TurnItem { m_index = 291, m_turn = None, m_lanes = [0: ], m_exitNum = 0, m_pedestrianDir = TurnLeft }
07-16 10:15:25.020 D/OMcore  (11082): RoadNameInfo { m_name = Barrio Latas, m_ref = , m_junction_ref = , m_destination_ref = , m_destination = , m_isLink = 0 }
07-16 10:15:25.020 D/OMcore  (11082): ms::LatLon(43.4562087, -3.72286993)
07-16 10:15:25.020 D/OMcore  (11082): TurnItem { m_index = 297, m_turn = None, m_lanes = [0: ], m_exitNum = 0, m_pedestrianDir = TurnLeft }
07-16 10:15:25.020 D/OMcore  (11082): RoadNameInfo { m_name = Barrio Latas, m_ref = , m_junction_ref = , m_destination_ref = , m_destination = , m_isLink = 0 }
07-16 10:15:25.020 D/OMcore  (11082): ms::LatLon(43.4561347, -3.72361022)
07-16 10:15:25.020 D/OMcore  (11082): TurnItem { m_index = 300, m_turn = None, m_lanes = [0: ], m_exitNum = 0, m_pedestrianDir = TurnLeft }
07-16 10:15:25.020 D/OMcore  (11082): RoadNameInfo { m_name = Calle Latas, m_ref = , m_junction_ref = , m_destination_ref = , m_destination = , m_isLink = 0 }
07-16 10:15:25.020 D/OMcore  (11082): ms::LatLon(43.4560666, -3.72374433)
07-16 10:15:25.020 D/OMcore  (11082): TurnItem { m_index = 305, m_turn = None, m_lanes = [0: ], m_exitNum = 0, m_pedestrianDir = TurnRight }
07-16 10:15:25.020 D/OMcore  (11082): RoadNameInfo { m_name = Calle Latas, m_ref = , m_junction_ref = , m_destination_ref = , m_destination = , m_isLink = 0 }
07-16 10:15:25.020 D/OMcore  (11082): ms::LatLon(43.4561484, -3.7238248)
07-16 10:15:25.020 D/OMcore  (11082): TurnItem { m_index = 309, m_turn = None, m_lanes = [0: ], m_exitNum = 0, m_pedestrianDir = TurnLeft }
07-16 10:15:25.020 D/OMcore  (11082): RoadNameInfo { m_name = Calle Latas, m_ref = , m_junction_ref = , m_destination_ref = , m_destination = , m_isLink = 0 }
07-16 10:15:25.020 D/OMcore  (11082): ms::LatLon(43.455428, -3.72870642)
07-16 10:15:25.020 D/OMcore  (11082): TurnItem { m_index = 321, m_turn = None, m_lanes = [0: ], m_exitNum = 0, m_pedestrianDir = TurnRight }
07-16 10:15:25.020 D/OMcore  (11082): RoadNameInfo { m_name = Calle de la Arna, m_ref = , m_junction_ref = , m_destination_ref = , m_destination = , m_isLink = 0 }
07-16 10:15:25.020 D/OMcore  (11082): ms::LatLon(43.4548555, -3.73595911)
07-16 10:15:25.020 D/OMcore  (11082): TurnItem { m_index = 339, m_turn = None, m_lanes = [0: ], m_exitNum = 0, m_pedestrianDir = TurnRight }
07-16 10:15:25.020 D/OMcore  (11082): RoadNameInfo { m_name = Calle de la Arna, m_ref = , m_junction_ref = , m_destination_ref = , m_destination = , m_isLink = 0 }
07-16 10:15:25.020 D/OMcore  (11082): ms::LatLon(43.4543337, -3.73989659)
07-16 10:15:25.020 D/OMcore  (11082): TurnItem { m_index = 351, m_turn = None, m_lanes = [0: ], m_exitNum = 0, m_pedestrianDir = TurnLeft }
07-16 10:15:25.020 D/OMcore  (11082): RoadNameInfo { m_name = Calle de la Fuente, m_ref = , m_junction_ref = , m_destination_ref = , m_destination = , m_isLink = 0 }
07-16 10:15:25.020 D/OMcore  (11082): ms::LatLon(43.4538314, -3.7412833)
07-16 10:15:25.020 D/OMcore  (11082): TurnItem { m_index = 361, m_turn = None, m_lanes = [0: ], m_exitNum = 0, m_pedestrianDir = TurnLeft }
07-16 10:15:25.020 D/OMcore  (11082): RoadNameInfo { m_name = Calle de la Fuente, m_ref = , m_junction_ref = , m_destination_ref = , m_destination = , m_isLink = 0 }
07-16 10:15:25.020 D/OMcore  (11082): ms::LatLon(43.4534751, -3.741404)
07-16 10:15:25.020 D/OMcore  (11082): TurnItem { m_index = 365, m_turn = None, m_lanes = [0: ], m_exitNum = 0, m_pedestrianDir = ReachedYourDestination }
07-16 10:15:25.020 D/OMcore  (11082): RoadNameInfo { m_name = , m_ref = , m_junction_ref = , m_destination_ref = , m_destination = , m_isLink = 0 }
07-16 10:15:25.023 I/CoMapsDebug(11082): routing/index_router.cpp:655 DoCalculateRoute () - Route length: 10582.9 meters. ETA: 7814.92 seconds.
07-16 10:15:25.023 I/OMcore  (11082): (Thread-9) routing/index_router.cpp:655 DoCalculateRoute(): Route length: 10582.9 meters. ETA: 7814.92 seconds.
07-16 10:15:25.054 D/LocationState(11082): (main) LocationHelper.java:99 onSatelliteStatusChanged(): total = 4 used = 0 fixed = false
07-16 10:15:25.106 I/CoMapsDebug(11082): routing/async_router.cpp:212 LogCode () - Route found, elapsed seconds: 2.98738
07-16 10:15:25.106 I/OMcore  (11082): (Thread-9) routing/async_router.cpp:212 LogCode(): Route found, elapsed seconds: 2.98738
07-16 10:15:25.107 I/CoMapsDebug(11082): routing/async_router.cpp:320 CalculateRoute () - ETA: 7814.92 sec.
07-16 10:15:25.107 I/OMcore  (11082): (Thread-9) routing/async_router.cpp:320 CalculateRoute(): ETA: 7814.92 sec.
07-16 10:15:25.107 I/CoMapsDebug(11082): routing/async_router.cpp:212 LogCode () - Route found, elapsed seconds: 2.98962
07-16 10:15:25.107 I/OMcore  (11082): (Thread-9) routing/async_router.cpp:212 LogCode(): Route found, elapsed seconds: 2.98962
07-16 10:15:25.155 D/RoutingController(11082): (main) RoutingController.java:94 onRoutingEvent(): onRoutingEvent(resultCode: 0)
07-16 10:15:25.160 D/RoutingController(11082): (main) RoutingController.java:199 setBuildState(): [B] State: PREPARE, BuildState: BUILDING -> BUILT
07-16 10:15:25.325 I/ViewRootImpl@5a60db7[MwmActivity](11082): ViewPostIme pointer 0
07-16 10:15:25.373 I/ViewRootImpl@5a60db7[MwmActivity](11082): ViewPostIme pointer 1
07-16 10:15:25.390 D/RoutingController(11082): (main) RoutingController.java:284 build(): build
07-16 10:15:25.391 D/RoutingController(11082): (main) RoutingController.java:199 setBuildState(): [B] State: PREPARE, BuildState: BUILT -> BUILDING
07-16 10:15:25.395 I/CoMapsDebug(11082): routing/async_router.cpp:310 CalculateRoute () - Calculating the route of direct length 7873.93 m. checkpoints: Checkpoints(ms::LatLon(43.4477614, -3.645381); ms::LatLon(43.4540592, -3.67135006); ms::LatLon(43.4534751, -3.741404); passed: 0) startDirection: m2::Point<d>(0, 0) router name: astar-bidirectional-Pedestrian
07-16 10:15:25.395 I/OMcore  (11082): (Thread-9) routing/async_router.cpp:310 CalculateRoute(): Calculating the route of direct length 7873.93 m. checkpoints: Checkpoints(ms::LatLon(43.4477614, -3.645381); ms::LatLon(43.4540592, -3.67135006); ms::LatLon(43.4534751, -3.741404); passed: 0) startDirection: m2::Point<d>(0, 0) router name: astar-bidirectional-Pedestrian
07-16 10:15:25.396 I/CoMapsDebug(11082): routing/index_router.cpp:1096 MakeWorldGraph () - Avoid next roads: RoutingOptions: { | steps | }
07-16 10:15:25.397 I/OMcore  (11082): (Thread-9) routing/index_router.cpp:1096 MakeWorldGraph(): Avoid next roads: RoutingOptions: { | steps | }
07-16 10:15:25.397 D/PlacePageController(11082): (main) PlacePageController.java:133 onStateChanged(): State change, new = SETTLING
07-16 10:15:25.665 D/PlacePageController(11082): (main) PlacePageController.java:133 onStateChanged(): State change, new = HIDDEN
07-16 10:15:25.667 W/OnBackInvokedCallback(11082): OnBackInvokedCallback is not enabled for the application.
07-16 10:15:25.667 W/OnBackInvokedCallback(11082): Set 'android:enableOnBackInvokedCallback="true"' in the application manifest.
07-16 10:15:25.692 D/LocationState(11082): (main) LocationHelper.java:386 removeListener(): listener: PlacePageView{d305fbb} (996fedfd-40e9-4f60-9723-8c7c71874f0f id=0x7f0902fb tag=PLACE_PAGE) count was: 2
07-16 10:15:25.693 D/SensorHelper(11082): (main) SensorHelper.java:119 removeListener(): listener: PlacePageView{d305fbb} (996fedfd-40e9-4f60-9723-8c7c71874f0f id=0x7f0902fb tag=PLACE_PAGE) count was: 2
07-16 10:15:26.064 D/LocationState(11082): (main) LocationHelper.java:99 onSatelliteStatusChanged(): total = 4 used = 0 fixed = false
07-16 10:15:26.438 I/CoMapsDebug(11082): routing/index_graph_loader.cpp:163 CreateIndexGraph () - routing section for Spain_Cantabria loaded in 1.03002 seconds
07-16 10:15:26.439 I/OMcore  (11082): (Thread-9) routing/index_graph_loader.cpp:163 CreateIndexGraph(): routing section for Spain_Cantabria loaded in 1.03002 seconds
07-16 10:15:26.577 I/CoMapsDebug(11082): routing/index_router.cpp:703 CalculateSubroute () - Routing in mode: Joints
07-16 10:15:26.578 I/OMcore  (11082): (Thread-9) routing/index_router.cpp:703 CalculateSubroute(): Routing in mode: Joints
07-16 10:15:26.753 D/CoMapsDebug(11082): routing/index_router.cpp:741 CalculateSubrouteJointsMode () - Result route weight: (0, 0, 0, 3664.87, 0)
07-16 10:15:26.754 D/OMcore  (11082): (Thread-9) routing/index_router.cpp:741 CalculateSubrouteJointsMode(): Result route weight: (0, 0, 0, 3664.87, 0)
07-16 10:15:26.754 I/CoMapsDebug(11082): base/timer.cpp:185 ~ScopedTimerWithLog () - Route build time: 176 ms
07-16 10:15:26.755 I/OMcore  (11082): (Thread-9) base/timer.cpp:185 ~ScopedTimerWithLog(): Route build time: 176 ms
07-16 10:15:26.943 I/CoMapsDebug(11082): routing/index_router.cpp:703 CalculateSubroute () - Routing in mode: Joints
07-16 10:15:26.944 I/OMcore  (11082): (Thread-9) routing/index_router.cpp:703 CalculateSubroute(): Routing in mode: Joints
07-16 10:15:27.060 D/LocationState(11082): (main) LocationHelper.java:99 onSatelliteStatusChanged(): total = 4 used = 0 fixed = false
07-16 10:15:27.522 D/CoMapsDebug(11082): routing/index_router.cpp:741 CalculateSubrouteJointsMode () - Result route weight: (0, 0, 0, 5250.56, 0)
07-16 10:15:27.522 D/OMcore  (11082): (Thread-9) routing/index_router.cpp:741 CalculateSubrouteJointsMode(): Result route weight: (0, 0, 0, 5250.56, 0)
07-16 10:15:27.523 I/CoMapsDebug(11082): base/timer.cpp:185 ~ScopedTimerWithLog () - Route build time: 579 ms
07-16 10:15:27.523 I/OMcore  (11082): (Thread-9) base/timer.cpp:185 ~ScopedTimerWithLog(): Route build time: 579 ms
07-16 10:15:27.582 D/CoMapsDebug(11082): routing/routing_helpers.cpp:84 ReconstructRoute () - ms::LatLon(43.4477614, -3.645381)
07-16 10:15:27.582 D/CoMapsDebug(11082): TurnItem { m_index = 1, m_turn = None, m_lanes = [0: ], m_exitNum = 0, m_pedestrianDir = None }
07-16 10:15:27.582 D/CoMapsDebug(11082): RoadNameInfo { m_name = Calle del Albergue, m_ref = , m_junction_ref = , m_destination_ref = , m_destination = , m_isLink = 0 }
07-16 10:15:27.582 D/CoMapsDebug(11082): ms::LatLon(43.4486013, -3.64585566)
07-16 10:15:27.582 D/CoMapsDebug(11082): TurnItem { m_index = 13, m_turn = None, m_lanes = [0: ], m_exitNum = 0, m_pedestrianDir = TurnRight }
07-16 10:15:27.582 D/CoMapsDebug(11082): RoadNameInfo { m_name = Calle del Albergue, m_ref = , m_junction_ref = , m_destination_ref = , m_destination = , m_isLink = 0 }
07-16 10:15:27.582 D/CoMapsDebug(11082): ms::LatLon(43.4506887, -3.64495712)
07-16 10:15:27.582 D/CoMapsDebug(11082): TurnItem { m_index = 36, m_turn = None, m_lanes = [0: ], m_exitNum = 0, m_pedestrianDir = TurnLeft }
07-16 10:15:27.582 D/CoMapsDebug(11082): RoadNameInfo { m_name = , m_ref = , m_junction_ref = , m_destination_ref = , m_destination = , m_isLink = 0 }
07-16 10:15:27.582 D/CoMapsDebug(11082): ms::LatLon(43.4481573, -3.65490275)
07-16 10:15:27.582 D/CoMapsDebug(11082): TurnItem { m_index = 101, m_turn = None, m_lanes = [0: ], m_exitNum = 0, m_pedestrianDir = TurnLeft }
07-16 10:15:27.582 D/CoMapsDebug(11082): RoadNameInfo { m_name = Calle Higar, m_ref = , m_junction_ref
07-16 10:15:27.584 D/OMcore  (11082): (Thread-9) routing/routing_helpers.cpp:84 ReconstructRoute(): ms::LatLon(43.4477614, -3.645381)
07-16 10:15:27.584 D/OMcore  (11082): TurnItem { m_index = 1, m_turn = None, m_lanes = [0: ], m_exitNum = 0, m_pedestrianDir = None }
07-16 10:15:27.584 D/OMcore  (11082): RoadNameInfo { m_name = Calle del Albergue, m_ref = , m_junction_ref = , m_destination_ref = , m_destination = , m_isLink = 0 }
07-16 10:15:27.584 D/OMcore  (11082): ms::LatLon(43.4486013, -3.64585566)
07-16 10:15:27.584 D/OMcore  (11082): TurnItem { m_index = 13, m_turn = None, m_lanes = [0: ], m_exitNum = 0, m_pedestrianDir = TurnRight }
07-16 10:15:27.584 D/OMcore  (11082): RoadNameInfo { m_name = Calle del Albergue, m_ref = , m_junction_ref = , m_destination_ref = , m_destination = , m_isLink = 0 }
07-16 10:15:27.584 D/OMcore  (11082): ms::LatLon(43.4506887, -3.64495712)
07-16 10:15:27.584 D/OMcore  (11082): TurnItem { m_index = 36, m_turn = None, m_lanes = [0: ], m_exitNum = 0, m_pedestrianDir = TurnLeft }
07-16 10:15:27.584 D/OMcore  (11082): RoadNameInfo { m_name = , m_ref = , m_junction_ref = , m_destination_ref = , m_destination = , m_isLink = 0 }
07-16 10:15:27.584 D/OMcore  (11082): ms::LatLon(43.4481573, -3.65490275)
07-16 10:15:27.584 D/OMcore  (11082): TurnItem { m_index = 101, m_turn = None, m_lanes = [0: ], m_exitNum = 0, m_pedestrianDir = TurnLeft }
07-16 10:15:27.584 D/OMcore  (11082): RoadNameInfo { m_name = Calle Higar, m_ref = , m_junction_ref = , m_destination_ref = , m_destination = , m_isLink = 0 }
07-16 10:15:27.584 D/OMcore  (11082): ms::LatLon(43.4479275, -3.65733015)
07-16 10:15:27.584 D/OMcore  (11082): TurnItem { m_index = 102, m_turn = None, m_lanes = [0: ], m_exitNum = 0, m_pedestrianDir = TurnLeft }
07-16 10:15:27.584 D/OMcore  (11082): RoadNameInfo { m_name = Calle Higar, m_ref = , m_junction_ref = , m_destination_ref = , m_destination = , m_isLink = 0 }
07-16 10:15:27.584 D/OMcore  (11082): ms::LatLon(43.4482391, -3.66768616)
07-16 10:15:27.584 D/OMcore  (11082): TurnItem { m_index = 139, m_turn = None, m_lanes = [0: ], m_exitNum = 0, m_pedestrianDir = TurnRight }
07-16 10:15:27.584 D/OMcore  (11082): RoadNameInfo { m_name = , m_ref = , m_junction_ref = , m_destination_ref = , m_destination = , m_isLink = 0 }
07-16 10:15:27.584 D/OMcore  (11082): ms::LatLon(43.4542889, -3.67125082)
07-16 10:15:27.584 D/OMcore  (11082): TurnItem { m_index = 193, m_turn = None, m_lanes = [0: ], m_exitNum = 0, m_pedestrianDir = TurnLeft }
07-16 10:15:27.584 D/OMcore  (11082): RoadNameInfo { m_name = Barrio San Martín, m_ref = , m_junction_ref = , m_destination_ref = , m_destination = , m_isLink = 0 }
07-16 10:15:27.584 D/OMcore  (11082): ms::LatLon(43.4542889, -3.67125082)
07-16 10:15:27.584 D/OMcore  (11082): TurnItem { m_index = 203, m_turn = None, m_lanes = [0: ], m_exitNum = 0, m_pedestrianDir = TurnLeft }
07-16 10:15:27.584 D/OMcore  (11082): RoadNameInfo { m_name = Barrio San Martín, m_ref = , m_junction_ref = , m_destination_ref = , m_destination = , m_isLink = 0 }
07-16 10:15:27.584 D/OMcore  (11082): ms::LatLon(43.4546083, -3.67153245)
07-16 10:15:27.584 D/OMcore  (11082): TurnItem { m_index = 209, m_turn = None, m_lanes = [0: ], m_exitNum = 0, m_pedestrianDir = TurnLeft }
07-16 10:15:27.584 D/OMcore  (11082): RoadNameInfo { m_name = Calle Cuatro Caminos, m_ref = , m_junction_ref = , m_destination_ref = , m_destination = , m_isLink = 0 }
07-16 10:15:27.584 D/OMcore  (11082): ms::LatLon(43.4539132, -3.67347169)
07-16 10:15:27.584 D/OMcore  (11082): TurnItem { m_index = 213, m_turn = None, m_lanes = [0: ], m_exitNum = 0, m_pedestrianDir = TurnRight }
07-16 10:15:27.584 D/OMcore  (11082): RoadNameInfo { m_name = Calle Cuatro Caminos, m_ref = , m_junction_ref = , m_destination_ref = , m_destination = , m_isLink = 0 }
07-16 10:15:27.584 D/OMcore  (11082): ms::LatLon(43.455502, -3.67537874)
07-16 10:15:27.584 D/OMcore  (11082): TurnItem { m_index = 228, m_turn = None, m_lanes = [0: ], m_exitNum = 0, m_pedestrianDir = TurnLeft }
07-16 10:15:27.584 D/OMcore  (11082): RoadNameInfo { m_name = Cuatro Caminos, m_ref = CA-435, m_junction_ref = , m_destination_ref = , m_destination = , m_isLink = 0 }
07-16 10:15:27.584 D/OMcore  (11082): ms::LatLon(43.4550502, -3.67662328)
07-16 10:15:27.584 D/OMcore  (11082): TurnItem { m_index = 231, m_turn = None, m_lanes = [0: ], m_exitNum = 0, m_pedestrianDir = TurnRight }
07-16 10:15:27.584 D/OMcore  (11082): RoadNameInfo { m_name = Calle La Portilla, m_ref = , m_junction_ref = , m_destination_ref = , m_destination = , m_isLink = 0 }
07-16 10:15:27.584 D/OMcore  (11082): ms::LatLon(43.4552742, -3.67993045)
07-16 10:15:27.584 D/OMcore  (11082): TurnItem { m_index = 256, m_turn = None, m_lanes = [0: ], m_exitNum = 0, m_pedestrianDir = TurnLeft }
07-16 10:15:27.584 D/OMcore  (11082): RoadNameInfo { m_name = , m_ref = , m_junction_ref = , m_destination_ref = , m_destination = , m_isLink = 0 }
07-16 10:15:27.584 D/OMcore  (11082): ms::LatLon(43.4545732, -3.68323225)
07-16 10:15:27.584 D/OMcore  (11082): TurnItem { m_index = 279, m_turn = None, m_lanes = [0: ], m_exitNum = 0, m_pedestrianDir = TurnRight }
07-16 10:15:27.584 D/OMcore  (11082): RoadNameInfo { m_name = , m_ref = , m_junction_ref = , m_destination_ref = , m_destination = , m_isLink = 0 }
07-16 10:15:27.584 D/OMcore  (11082): ms::LatLon(43.4575599, -3.69548726)
07-16 10:15:27.584 D/OMcore  (11082): TurnItem { m_index = 315, m_turn = None, m_lanes = [0: ], m_exitNum = 0, m_pedestrianDir = TurnRight }
07-16 10:15:27.584 D/OMcore  (11082): RoadNameInfo { m_name = Barrio Baceña, m_ref = , m_junction_ref = , m_destination_ref = , m_destination = , m_isLink = 0 }
07-16 10:15:27.584 D/OMcore  (11082): ms::LatLon(43.4589189, -3.69914579)
07-16 10:15:27.585 D/OMcore  (11082): TurnItem { m_index = 331, m_turn = None, m_lanes = [0: ], m_exitNum = 0, m_pedestrianDir = TurnRight }
07-16 10:15:27.585 D/OMcore  (11082): RoadNameInfo { m_name = Acceso a Castanedo, m_ref = CA-442, m_junction_ref = , m_destination_ref = , m_destination = , m_isLink = 0 }
07-16 10:15:27.585 D/OMcore  (11082): ms::LatLon(43.4591233, -3.69920212)
07-16 10:15:27.585 D/OMcore  (11082): TurnItem { m_index = 334, m_turn = None, m_lanes = [0: ], m_exitNum = 0, m_pedestrianDir = TurnLeft }
07-16 10:15:27.585 D/OMcore  (11082): RoadNameInfo { m_name = , m_ref = CA-442, m_junction_ref = , m_destination_ref = , m_destination = , m_isLink = 1 }
07-16 10:15:27.585 D/OMcore  (11082): ms::LatLon(43.4591973, -3.69921553)
07-16 10:15:27.585 D/OMcore  (11082): TurnItem { m_index = 336, m_turn = None, m_lanes = [0: ], m_exitNum = 0, m_pedestrianDir = TurnLeft }
07-16 10:15:27.585 D/OMcore  (11082): RoadNameInfo { m_name = , m_ref = CA-442, m_junction_ref = , m_destination_ref = , m_destination = , m_isLink = 1 }
07-16 10:15:27.585 D/OMcore  (11082): ms::LatLon(43.4592947, -3.69949448)
07-16 10:15:27.585 D/OMcore  (11082): TurnItem { m_index = 341, m_turn = None, m_lanes = [0: ], m_exitNum = 0, m_pedestrianDir = TurnRight }
07-16 10:15:27.585 D/OMcore  (11082): RoadNameInfo { m_name = , m_ref = , m_junction_ref = , m_destination_ref = , m_destination = , m_isLink = 0 }
07-16 10:15:27.585 D/OMcore  (11082): ms::LatLon(43.4595672, -3.69990754)
07-16 10:15:27.585 D/OMcore  (11082): TurnItem { m_index = 344, m_turn = None, m_lanes = [0: ], m_exitNum = 0, m_pedestrianDir = TurnLeft }
07-16 10:15:27.585 D/OMcore  (11082): RoadNameInfo { m_name = , m_ref = , m_junction_ref = , m_destination_ref = , m_destination = , m_isLink = 0 }
07-16 10:15:27.585 D/OMcore  (11082): ms::LatLon(43.4547153, -3.72034061)
07-16 10:15:27.585 D/OMcore  (11082): TurnItem { m_index = 386, m_turn = None, m_lanes = [0: ], m_exitNum = 0, m_pedestrianDir = TurnRight }
07-16 10:15:27.585 D/OMcore  (11082): RoadNameInfo { m_name = Loredo-Galizano, m_ref = CA-440, m_junction_ref = , m_destination_ref = , m_destination = , m_isLink = 0 }
07-16 10:15:27.585 D/OMcore  (11082): ms::LatLon(43.4554708, -3.72053909)
07-16 10:15:27.585 D/OMcore  (11082): TurnItem { m_index = 393, m_turn = None, m_lanes = [0: ], m_exitNum = 0, m_pedestrianDir = TurnLeft }
07-16 10:15:27.585 D/OMcore  (11082): RoadNameInfo { m_name = Barrio Latas, m_ref = , m_junction_ref = , m_destination_ref = , m_destination = , m_isLink = 0 }
07-16 10:15:27.585 D/OMcore  (11082): ms::LatLon(43.4562769, -3.72175145)
07-16 10:15:27.585 D/OMcore  (11082): TurnItem { m_index = 395, m_turn = None, m_lanes = [0: ], m_exitNum = 0, m_pedestrianDir = TurnLeft }
07-16 10:15:27.585 D/OMcore  (11082): RoadNameInfo { m_name = Barrio Latas, m_ref = , m_junction_ref = , m_destination_ref = , m_destination = , m_isLink = 0 }
07-16 10:15:27.585 D/OMcore  (11082): ms::LatLon(43.4562087, -3.72286993)
07-16 10:15:27.585 D/OMcore  (11082): TurnItem { m_index = 401, m_turn = None, m_lanes = [0: ], m_exitNum = 0, m_pedestrianDir = TurnLeft }
07-16 10:15:27.585 D/OMcore  (11082): RoadNameInfo { m_name = Barrio Latas, m_ref = , m_junction_ref = , m_destination_ref = , m_destination = , m_isLink = 0 }
07-16 10:15:27.585 D/OMcore  (11082): ms::LatLon(43.4561347, -3.72361022)
07-16 10:15:27.585 D/OMcore  (11082): TurnItem { m_index = 404, m_turn = None, m_lanes = [0: ], m_exitNum = 0, m_pedestrianDir = TurnLeft }
07-16 10:15:27.585 D/OMcore  (11082): RoadNameInfo { m_name = Calle Latas, m_ref = , m_junction_ref = , m_destination_ref = , m_destination = , m_isLink = 0 }
07-16 10:15:27.585 D/OMcore  (11082): ms::LatLon(43.4560666, -3.72374433)
07-16 10:15:27.585 D/OMcore  (11082): TurnItem { m_index = 409, m_turn = None, m_lanes = [0: ], m_exitNum = 0, m_pedestrianDir = TurnRight }
07-16 10:15:27.585 D/OMcore  (11082): RoadNameInfo { m_name = Calle Latas, m_ref = , m_junction_ref = , m_destination_ref = , m_destination = , m_isLink = 0 }
07-16 10:15:27.585 D/OMcore  (11082): ms::LatLon(43.4561484, -3.7238248)
07-16 10:15:27.585 D/OMcore  (11082): TurnItem { m_index = 413, m_turn = None, m_lanes = [0: ], m_exitNum = 0, m_pedestrianDir = TurnLeft }
07-16 10:15:27.585 D/OMcore  (11082): RoadNameInfo { m_name = Calle Latas, m_ref = , m_junction_ref = , m_destination_ref = , m_destination = , m_isLink = 0 }
07-16 10:15:27.585 D/OMcore  (11082): ms::LatLon(43.455428, -3.72870642)
07-16 10:15:27.585 D/OMcore  (11082): TurnItem { m_index = 425, m_turn = None, m_lanes = [0: ], m_exitNum = 0, m_pedestrianDir = TurnRight }
07-16 10:15:27.585 D/OMcore  (11082): RoadNameInfo { m_name = Calle de la Arna, m_ref = , m_junction_ref = , m_destination_ref = , m_destination = , m_isLink = 0 }
07-16 10:15:27.585 D/OMcore  (11082): ms::LatLon(43.4548555, -3.73595911)
07-16 10:15:27.585 D/OMcore  (11082): TurnItem { m_index = 443, m_turn = None, m_lanes = [0: ], m_exitNum = 0, m_pedestrianDir = TurnRight }
07-16 10:15:27.585 D/OMcore  (11082): RoadNameInfo { m_name = Calle de la Arna, m_ref = , m_junction_ref = , m_destination_ref = , m_destination = , m_isLink = 0 }
07-16 10:15:27.585 D/OMcore  (11082): ms::LatLon(43.4543337, -3.73989659)
07-16 10:15:27.585 D/OMcore  (11082): TurnItem { m_index = 455, m_turn = None, m_lanes = [0: ], m_exitNum = 0, m_pedestrianDir = TurnLeft }
07-16 10:15:27.585 D/OMcore  (11082): RoadNameInfo { m_name = Calle de la Fuente, m_ref = , m_junction_ref = , m_destination_ref = , m_destination = , m_isLink = 0 }
07-16 10:15:27.585 D/OMcore  (11082): ms::LatLon(43.4538314, -3.7412833)
07-16 10:15:27.585 D/OMcore  (11082): TurnItem { m_index = 465, m_turn = None, m_lanes = [0: ], m_exitNum = 0, m_pedestrianDir = TurnLeft }
07-16 10:15:27.585 D/OMcore  (11082): RoadNameInfo { m_name = Calle de la Fuente, m_ref = , m_junction_ref = , m_destination_ref = , m_destination = , m_isLink = 0 }
07-16 10:15:27.585 D/OMcore  (11082): ms::LatLon(43.4534751, -3.741404)
07-16 10:15:27.585 D/OMcore  (11082): TurnItem { m_index = 469, m_turn = None, m_lanes = [0: ], m_exitNum = 0, m_pedestrianDir = ReachedYourDestination }
07-16 10:15:27.585 D/OMcore  (11082): RoadNameInfo { m_name = , m_ref = , m_junction_ref = , m_destination_ref = , m_destination = , m_isLink = 0 }
07-16 10:15:27.587 I/CoMapsDebug(11082): routing/index_router.cpp:655 DoCalculateRoute () - Route length: 10139 meters. ETA: 7885.26 seconds.
07-16 10:15:27.587 I/OMcore  (11082): (Thread-9) routing/index_router.cpp:655 DoCalculateRoute(): Route length: 10139 meters. ETA: 7885.26 seconds.
07-16 10:15:27.658 I/CoMapsDebug(11082): routing/async_router.cpp:212 LogCode () - Route found, elapsed seconds: 2.26281
07-16 10:15:27.658 I/OMcore  (11082): (Thread-9) routing/async_router.cpp:212 LogCode(): Route found, elapsed seconds: 2.26281
07-16 10:15:27.658 I/CoMapsDebug(11082): routing/async_router.cpp:320 CalculateRoute () - ETA: 7885.26 sec.
07-16 10:15:27.659 I/OMcore  (11082): (Thread-9) routing/async_router.cpp:320 CalculateRoute(): ETA: 7885.26 sec.
07-16 10:15:27.659 I/CoMapsDebug(11082): routing/async_router.cpp:212 LogCode () - Route found, elapsed seconds: 2.26379
07-16 10:15:27.659 I/OMcore  (11082): (Thread-9) routing/async_router.cpp:212 LogCode(): Route found, elapsed seconds: 2.26379
07-16 10:15:27.709 D/RoutingController(11082): (main) RoutingController.java:94 onRoutingEvent(): onRoutingEvent(resultCode: 16)
07-16 10:15:27.713 D/RoutingController(11082): (main) RoutingController.java:199 setBuildState(): [B] State: PREPARE, BuildState: BUILDING -> BUILT
07-16 10:15:27.886 D/LocationState(11082): (main) LocationHelper.java:272 updateProviderDecision(): Selected: fused, with acc. 11.848
07-16 10:15:27.887 D/LocationState(11082): (main) LocationHelper.java:216 onLocationChanged(): provider = AndroidNativeProvider location = Location[fused 43.447751,-3.645383 hAcc=11.848 et=+12d16h14m18s842ms alt=138.20001220703125 vAcc=1.5617205 vel=0.14866005 sAcc=1.5 bear=196.38225 bAcc=180.0]
07-16 10:15:28.056 D/LocationState(11082): (main) LocationHelper.java:99 onSatelliteStatusChanged(): total = 4 used = 0 fixed = false
07-16 10:15:29.061 D/LocationState(11082): (main) LocationHelper.java:99 onSatelliteStatusChanged(): total = 4 used = 0 fixed = false
07-16 10:15:30.121 D/LocationState(11082): (main) LocationHelper.java:99 onSatelliteStatusChanged(): total = 4 used = 0 fixed = false
07-16 10:15:31.081 D/LocationState(11082): (main) LocationHelper.java:99 onSatelliteStatusChanged(): total = 4 used = 0 fixed = false
07-16 10:15:31.179 D/LocationState(11082): (main) LocationHelper.java:99 onSatelliteStatusChanged(): total = 6 used = 0 fixed = false
07-16 10:15:31.637 I/ViewRootImpl@5a60db7[MwmActivity](11082): ViewPostIme key 0
07-16 10:15:31.638 D/Activity(11082): onKeyDown(KEYCODE_BACK)
07-16 10:15:31.722 I/ViewRootImpl@5a60db7[MwmActivity](11082): ViewPostIme key 1
07-16 10:15:31.723 D/Activity(11082): onKeyUp(KEYCODE_BACK) isTracking()=true isCanceled()=false hasCallback=false
07-16 10:15:31.726 D/RoutingController(11082): (main) RoutingController.java:462 cancel(): cancel: planning
07-16 10:15:31.729 D/RoutingController(11082): (main) RoutingController.java:446 cancelInternal(): cancelInternal
07-16 10:15:31.732 D/RoutingController(11082): (main) RoutingController.java:199 setBuildState(): [B] State: PREPARE, BuildState: BUILT -> NONE
07-16 10:15:31.737 D/RoutingController(11082): (main) RoutingController.java:190 setState(): [S] State: PREPARE -> NONE, BuildState: NONE
07-16 10:15:31.750 W/OnBackInvokedCallback(11082): OnBackInvokedCallback is not enabled for the application.
07-16 10:15:31.750 W/OnBackInvokedCallback(11082): Set 'android:enableOnBackInvokedCallback="true"' in the application manifest.
07-16 10:15:31.753 I/DecorView(11082): notifyKeepScreenOnChanged: keepScreenOn=false
07-16 10:15:31.757 I/ViewRootImpl@5a60db7[MwmActivity](11082): performTraversals params={(0,0)(fillxfill) sim={state=always_hidden adjust=pan} layoutInDisplayCutoutMode=always ty=BASE_APPLICATION fmt=TRANSLUCENT wanim=0x1030309
07-16 10:15:31.757 I/ViewRootImpl@5a60db7[MwmActivity](11082):   fl=81810100
07-16 10:15:31.757 I/ViewRootImpl@5a60db7[MwmActivity](11082):   pfl=16020040
07-16 10:15:31.757 I/ViewRootImpl@5a60db7[MwmActivity](11082):   vsysui=2310
07-16 10:15:31.757 I/ViewRootImpl@5a60db7[MwmActivity](11082):   apr=LIGHT_STATUS_BARS LIGHT_NAVIGATION_BARS
07-16 10:15:31.757 I/ViewRootImpl@5a60db7[MwmActivity](11082):   bhv=DEFAULT
07-16 10:15:31.757 I/ViewRootImpl@5a60db7[MwmActivity](11082):   fitSides= naviIconColor=0}
07-16 10:15:31.761 I/ViewRootImpl@5a60db7[MwmActivity](11082): performTraversals mFirst=false windowShouldResize=false viewVisibilityChanged=false mForceNextWindowRelayout=false params={(0,0)(fillxfill) sim={state=always_hidden adjust=pan} layoutInDisplayCutoutMode=always ty=BASE_APPLICATION fmt=TRANSLUCENT wanim=0x1030309
07-16 10:15:31.761 I/ViewRootImpl@5a60db7[MwmActivity](11082):   fl=81810100
07-16 10:15:31.761 I/ViewRootImpl@5a60db7[MwmActivity](11082):   pfl=16020040
07-16 10:15:31.761 I/ViewRootImpl@5a60db7[MwmActivity](11082):   vsysui=2310
07-16 10:15:31.761 I/ViewRootImpl@5a60db7[MwmActivity](11082):   apr=LIGHT_STATUS_BARS LIGHT_NAVIGATION_BARS
07-16 10:15:31.761 I/ViewRootImpl@5a60db7[MwmActivity](11082):   bhv=DEFAULT
07-16 10:15:31.761 I/ViewRootImpl@5a60db7[MwmActivity](11082):   fitSides= naviIconColor=0}
07-16 10:15:31.779 I/ViewRootImpl@5a60db7[MwmActivity](11082): updateBlastSurfaceIfNeeded mBlastBufferQueue=0xd6bf0500 isSameSurfaceControl=true
07-16 10:15:31.779 I/BLASTBufferQueue(11082): update, w= 1080 h= 2400 mName = ViewRootImpl@5a60db7[MwmActivity] mNativeObject= 0xd6bf0500 sc.mNativeObject= 0xdcf0a2e0 format= -3 caller= android.view.ViewRootImpl.updateBlastSurfaceIfNeeded:2898 android.view.ViewRootImpl.relayoutWindow:9847 android.view.ViewRootImpl.performTraversals:3884 android.view.ViewRootImpl.doTraversal:3116 android.view.ViewRootImpl$TraversalRunnable.run:10885 android.view.Choreographer$CallbackRecord.run:1301 
07-16 10:15:31.780 I/ViewRootImpl@5a60db7[MwmActivity](11082): Relayout returned: old=(0,0,1080,2400) new=(0,0,1080,2400) req=(1080,2400)0 dur=17 res=0x0 s={true 0xd76ce400} ch=false seqId=0
07-16 10:15:31.784 I/ViewRootImpl@5a60db7[MwmActivity](11082): updateBoundsLayer: t = android.view.SurfaceControl$Transaction@7d42a5a sc = Surface(name=Bounds for - app.comaps.fdroid.debug/app.organicmaps.MwmActivity@5)/@0x8b70ebd frame = 449
07-16 10:15:31.785 I/ViewRootImpl@5a60db7[MwmActivity](11082): mWNT: t=0xde7bdfc0 mBlastBufferQueue=0xd6bf0500 fn= 449 caller= android.view.ViewRootImpl.prepareSurfaces:2985 android.view.ViewRootImpl.performTraversals:4233 android.view.ViewRootImpl.doTraversal:3116 
07-16 10:15:32.086 D/LocationState(11082): (main) LocationHelper.java:99 onSatelliteStatusChanged(): total = 6 used = 0 fixed = false
07-16 10:15:32.926 I/ViewRootImpl@5a60db7[MwmActivity](11082): ViewPostIme pointer 0
07-16 10:15:32.970 I/ViewRootImpl@5a60db7[MwmActivity](11082): ViewPostIme pointer 1
07-16 10:15:32.976 W/OnBackInvokedCallback(11082): OnBackInvokedCallback is not enabled for the application.
07-16 10:15:32.976 W/OnBackInvokedCallback(11082): Set 'android:enableOnBackInvokedCallback="true"' in the application manifest.
07-16 10:15:32.978 I/Dialog  (11082): mIsDeviceDefault = false, mIsSamsungBasicInteraction = false, isMetaDataInActivity = false
07-16 10:15:32.992 I/DecorView(11082): [INFO] isPopOver=false config=false
07-16 10:15:32.992 I/DecorView(11082): updateCaptionType: isFloating=false isApplication=true hasWindowDecorCaption=false this=DecorView@856d809[]
07-16 10:15:32.992 D/DecorView(11082): setCaptionType = 0, this = DecorView@856d809[]
07-16 10:15:32.993 I/DecorView(11082): getCurrentDensityDpi: from app context. densityDpi=420 msg=resources_loaded
07-16 10:15:32.993 I/DecorView(11082): setWindowBackground: isPopOver=false color=0 d=android.graphics.drawable.ColorDrawable@5221c2f
07-16 10:15:33.011 D/NativeCustomFrequencyManager(11082): [NativeCFMS] BpCustomFrequencyManager::BpCustomFrequencyManager()
07-16 10:15:33.017 I/DecorView(11082): notifyKeepScreenOnChanged: keepScreenOn=false
07-16 10:15:33.027 D/InsetsController(11082): onStateChanged: InsetsState: {mDisplayFrame=Rect(0, 0 - 1080, 2400), mDisplayCutout=DisplayCutout{insets=Rect(0, 88 - 0, 0) waterfall=Insets{left=0, top=0, right=0, bottom=0} boundingRect={Bounds=[Rect(0, 0 - 0, 0), Rect(512, 0 - 568, 88), Rect(0, 0 - 0, 0), Rect(0, 0 - 0, 0)]} cutoutPathParserInfo={CutoutPathParserInfo{displayWidth=1080 displayHeight=2400 physicalDisplayWidth=1080 physicalDisplayHeight=2400 density={2.625} cutoutSpec={M 0,0 M 0,12.25101276465640 a 10.60613009248640,10.60613009248640 0 1,0 0,21.21226018497290 a 10.60613009248640,10.60613009248640 0 1,0 0,-21.21226018497290 Z @dp} rotation={0} scale={1.0} physicalPixelDisplaySizeRatio={1.0}}}}, mRoundedCorners=RoundedCorners{[RoundedCorner{position=TopLeft, radius=84, center=Point(84, 84)}, RoundedCorner{position=TopRight, radius=84, center=Point(996, 84)}, RoundedCorner{position=BottomRight, radius=84, center=Point(996, 2316)}, RoundedCorner{position=BottomLeft, radius=84, center=Point(84, 2316)}]}  mRoundedCornerFrame=Rect(0, 0 - 1080, 2400), mPrivacyIndicatorBounds=PrivacyIndicatorBounds {static bounds=Rect(964, 0 - 1080, 88) rotation=0}, mSources= { InsetsSource: {mType=ITYPE_STATUS_BAR, mFrame=[0,0][1080,88], mVisible=true, mInsetsRoundedCornerFrame=false}, InsetsSource: {mType=ITYPE_NAVIGATION_BAR, mFrame=[0,2274][1080,2400], mVisible=true, mInsetsRoundedCornerFrame=false}, InsetsSource: {mType=ITYPE_LEFT_GESTURES, mFrame=[0,0][0,2400], mVisible=true, mInsetsRoundedCornerFrame=false}, InsetsSource: {mType=ITYPE_RIGHT_GESTURES, mFrame=[1080,0][1080,2400], mVisible=true, mInsetsRoundedCornerFrame=false}, InsetsSource: {mType=ITYPE_TOP_MANDATORY_GESTURES, mFrame=[0,0][1080,120], mVisible=true, mInsetsRoundedCornerFrame=false}, InsetsSource: {mType=ITYPE_BOTTOM_MANDATORY_GESTURES, mFrame=[0,2274][1080,2400], mVisible=true, mInsetsRoundedCornerFrame=false}, InsetsSource: {mType=ITYPE_LEFT_DISPLAY_CUTOUT, mFrame=[0,0][-100000,2400], mVisible=true, mInsetsRoundedCornerFrame=false}, InsetsSource: {mType=ITYPE_TOP_DISPLAY_CUTOUT, mFrame=[0,0][1080,88], mVisible=true, mInsetsRoundedCornerFrame=false}, InsetsSource: {mType=ITYPE_RIGHT_DISPLAY_CUTOUT, mFrame=[100000,0][1080,2400], mVisible=true, mInsetsRoundedCornerFrame=false}, InsetsSource: {mType=ITYPE_BOTTOM_DISPLAY_CUTOUT, mFrame=[0,100000][1080,2400], mVisible=true, mInsetsRoundedCornerFrame=false}, InsetsSource: {mType=ITYPE_TOP_TAPPABLE_ELEMENT, mFrame=[0,0][1080,88], mVisible=true, mInsetsRoundedCornerFrame=false}, InsetsSource: {mType=ITYPE_BOTTOM_TAPPABLE_ELEMENT, mFrame=[0,2274][1080,2400], mVisible=true, mInsetsRoundedCornerFrame=false}, InsetsSource: {mType=ITYPE_IME, mFrame=[0,0][0,0], mVisibleFrame=[0,1499][1080,2400], mVisible=false, mInsetsRoundedCornerFrame=false} } host=app.comaps.fdroid.debug/app.organicmaps.MwmActivity from=android.view.ViewRootImpl.setView:1732
07-16 10:15:33.030 I/ViewRootImpl@c98ce7d[MwmActivity](11082): setView = com.android.internal.policy.DecorView@856d809 TM=true
07-16 10:15:33.033 W/OnBackInvokedCallback(11082): OnBackInvokedCallback is not enabled for the application.
07-16 10:15:33.033 W/OnBackInvokedCallback(11082): Set 'android:enableOnBackInvokedCallback="true"' in the application manifest.
07-16 10:15:33.094 I/ViewRootImpl@c98ce7d[MwmActivity](11082): performTraversals params={(0,0)(fillxfill) gr=CENTER sim={adjust=resize forwardNavigation} layoutInDisplayCutoutMode=shortEdges ty=APPLICATION fmt=TRANSPARENT wanim=0x7f130006 surfaceInsets=Rect(105, 105 - 105, 105)
07-16 10:15:33.094 I/ViewRootImpl@c98ce7d[MwmActivity](11082):   fl=81810102
07-16 10:15:33.094 I/ViewRootImpl@c98ce7d[MwmActivity](11082):   pfl=16020040
07-16 10:15:33.094 I/ViewRootImpl@c98ce7d[MwmActivity](11082):   vsysui=500
07-16 10:15:33.094 I/ViewRootImpl@c98ce7d[MwmActivity](11082):   bhv=DEFAULT
07-16 10:15:33.094 I/ViewRootImpl@c98ce7d[MwmActivity](11082):   fitSides=
07-16 10:15:33.094 I/ViewRootImpl@c98ce7d[MwmActivity](11082):  dimAmount=0.32 naviIconColor=0}
07-16 10:15:33.096 I/ViewRootImpl@c98ce7d[MwmActivity](11082): performTraversals mFirst=true windowShouldResize=true viewVisibilityChanged=false mForceNextWindowRelayout=false params={(0,0)(fillxfill) gr=CENTER sim={adjust=resize forwardNavigation} layoutInDisplayCutoutMode=shortEdges ty=APPLICATION fmt=TRANSPARENT wanim=0x7f130006 surfaceInsets=Rect(105, 105 - 105, 105)
07-16 10:15:33.096 I/ViewRootImpl@c98ce7d[MwmActivity](11082):   fl=81810102
07-16 10:15:33.096 I/ViewRootImpl@c98ce7d[MwmActivity](11082):   pfl=16020040
07-16 10:15:33.096 I/ViewRootImpl@c98ce7d[MwmActivity](11082):   vsysui=500
07-16 10:15:33.096 I/ViewRootImpl@c98ce7d[MwmActivity](11082):   bhv=DEFAULT
07-16 10:15:33.096 I/ViewRootImpl@c98ce7d[MwmActivity](11082):   fitSides=
07-16 10:15:33.096 I/ViewRootImpl@c98ce7d[MwmActivity](11082):  dimAmount=0.32 naviIconColor=0}
07-16 10:15:33.153 I/ViewRootImpl@c98ce7d[MwmActivity](11082): updateBlastSurfaceIfNeeded mBlastBufferQueue=null isSameSurfaceControl=false
07-16 10:15:33.154 I/BLASTBufferQueue(11082): new BLASTBufferQueue, mName= ViewRootImpl@c98ce7d[MwmActivity] mNativeObject= 0xd75fd580 sc.mNativeObject= 0xdd1be2d0 caller= android.view.ViewRootImpl.updateBlastSurfaceIfNeeded:2909 android.view.ViewRootImpl.relayoutWindow:9847 android.view.ViewRootImpl.performTraversals:3884 android.view.ViewRootImpl.doTraversal:3116 android.view.ViewRootImpl$TraversalRunnable.run:10885 android.view.Choreographer$CallbackRecord.run:1301 android.view.Choreographer$CallbackRecord.run:1309 android.view.Choreographer.doCallbacks:923 android.view.Choreographer.doFrame:852 android.view.Choreographer$FrameDisplayEventReceiver.run:1283 
07-16 10:15:33.154 I/BLASTBufferQueue(11082): update, w= 1290 h= 2610 mName = ViewRootImpl@c98ce7d[MwmActivity] mNativeObject= 0xd75fd580 sc.mNativeObject= 0xdd1be2d0 format= -2 caller= android.graphics.BLASTBufferQueue.<init>:84 android.view.ViewRootImpl.updateBlastSurfaceIfNeeded:2909 android.view.ViewRootImpl.relayoutWindow:9847 android.view.ViewRootImpl.performTraversals:3884 android.view.ViewRootImpl.doTraversal:3116 android.view.ViewRootImpl$TraversalRunnable.run:10885 
07-16 10:15:33.154 I/ViewRootImpl@c98ce7d[MwmActivity](11082): Relayout returned: old=(0,0,1080,2400) new=(0,0,1080,2400) req=(1080,2400)0 dur=57 res=0x3 s={true 0xe937f000} ch=true seqId=0
07-16 10:15:33.155 I/ViewRootImpl@c98ce7d[MwmActivity](11082): mThreadedRenderer.initialize() mSurface={isValid=true 0xe937f000} hwInitialized=true
07-16 10:15:33.155 D/OpenGLRenderer(11082): eglCreateWindowSurface
07-16 10:15:33.166 I/ViewRootImpl@c98ce7d[MwmActivity](11082): reportNextDraw android.view.ViewRootImpl.performTraversals:4438 android.view.ViewRootImpl.doTraversal:3116 android.view.ViewRootImpl$TraversalRunnable.run:10885 android.view.Choreographer$CallbackRecord.run:1301 android.view.Choreographer$CallbackRecord.run:1309 
07-16 10:15:33.166 I/ViewRootImpl@c98ce7d[MwmActivity](11082): Setup new sync id=0
07-16 10:15:33.166 I/ViewRootImpl@c98ce7d[MwmActivity](11082): Setting syncFrameCallback
07-16 10:15:33.166 I/ViewRootImpl@c98ce7d[MwmActivity](11082): registerCallbacksForSync syncBuffer=false
07-16 10:15:33.171 I/ViewRootImpl@c98ce7d[MwmActivity](11082): Received frameDrawingCallback syncResult=0 frameNum=1.
07-16 10:15:33.171 I/ViewRootImpl@c98ce7d[MwmActivity](11082): Setting up sync and frameCommitCallback
07-16 10:15:33.186 I/BLASTBufferQueue(11082): [ViewRootImpl@c98ce7d[MwmActivity]#17](f:0,a:0) onFrameAvailable the first frame is available
07-16 10:15:33.187 I/ViewRootImpl@c98ce7d[MwmActivity](11082): Received frameCommittedCallback lastAttemptedDrawFrameNum=1 didProduceBuffer=true
07-16 10:15:33.188 D/OpenGLRenderer(11082): CFMS:: SetUp Pid : 11082    Tid : 11222
07-16 10:15:33.191 I/ViewRootImpl@c98ce7d[MwmActivity](11082): onSyncComplete
07-16 10:15:33.191 I/ViewRootImpl@c98ce7d[MwmActivity](11082): setupSync seqId=0 mSyncId=0 fn=1 caller=android.view.ViewRootImpl$$ExternalSyntheticLambda11.accept:6 android.window.SurfaceSyncer.lambda$setupSync$1$android-window-SurfaceSyncer:128 android.window.SurfaceSyncer$$ExternalSyntheticLambda1.accept:8 android.window.SurfaceSyncer$SyncSet.checkIfSyncIsComplete:382 android.window.SurfaceSyncer$SyncSet.markSyncReady:359 android.window.SurfaceSyncer.markSyncReady:151 android.view.ViewRootImpl.performTraversals:4503 
07-16 10:15:33.193 I/ViewRootImpl@c98ce7d[MwmActivity](11082): reportDrawFinished seqId=0 mSyncId=-1 fn=1 mSurfaceChangedTransaction=0xde1328a0
07-16 10:15:33.202 D/LocationState(11082): (main) LocationHelper.java:99 onSatelliteStatusChanged(): total = 6 used = 0 fixed = false
07-16 10:15:33.203 I/ViewRootImpl@5a60db7[MwmActivity](11082): MSG_WINDOW_FOCUS_CHANGED 0 0
07-16 10:15:33.244 I/ViewRootImpl@c98ce7d[MwmActivity](11082): MSG_WINDOW_FOCUS_CHANGED 1 0
07-16 10:15:33.244 I/ViewRootImpl@c98ce7d[MwmActivity](11082): mThreadedRenderer.initializeIfNeeded()#2 mSurface={isValid=true 0xe937f000}
07-16 10:15:33.245 D/InputMethodManager(11082): startInputInner - Id : 0
07-16 10:15:33.245 I/InputMethodManager(11082): startInputInner - mService.startInputOrWindowGainedFocus
07-16 10:15:34.072 D/LocationState(11082): (main) LocationHelper.java:99 onSatelliteStatusChanged(): total = 6 used = 0 fixed = false
07-16 10:15:35.072 D/LocationState(11082): (main) LocationHelper.java:99 onSatelliteStatusChanged(): total = 6 used = 0 fixed = false
07-16 10:15:36.005 I/ViewRootImpl@c98ce7d[MwmActivity](11082): ViewPostIme pointer 0
07-16 10:15:36.042 I/ViewRootImpl@c98ce7d[MwmActivity](11082): ViewPostIme pointer 1
07-16 10:15:36.061 I/MSHandlerLifeCycle(11082): removeMultiSplitHandler: no exist. decor=DecorView@856d809[MwmActivity]
07-16 10:15:36.064 D/OpenGLRenderer(11082): setSurface called with nullptr
07-16 10:15:36.064 D/OpenGLRenderer(11082): setSurface() destroyed EGLSurface
07-16 10:15:36.064 D/OpenGLRenderer(11082): destroyEglSurface
07-16 10:15:36.070 I/ViewRootImpl@c98ce7d[MwmActivity](11082): dispatchDetachedFromWindow
07-16 10:15:36.102 D/InputTransport(11082): Input channel destroyed: 'e9221dd', fd=132
07-16 10:15:36.109 D/LocationState(11082): (main) LocationHelper.java:99 onSatelliteStatusChanged(): total = 6 used = 0 fixed = false
07-16 10:15:36.113 D/InsetsController(11082): onStateChanged: InsetsState: {mDisplayFrame=Rect(0, 0 - 1080, 2400), mDisplayCutout=DisplayCutout{insets=Rect(0, 88 - 0, 0) waterfall=Insets{left=0, top=0, right=0, bottom=0} boundingRect={Bounds=[Rect(0, 0 - 0, 0), Rect(512, 0 - 568, 88), Rect(0, 0 - 0, 0), Rect(0, 0 - 0, 0)]} cutoutPathParserInfo={CutoutPathParserInfo{displayWidth=1080 displayHeight=2400 physicalDisplayWidth=1080 physicalDisplayHeight=2400 density={2.625} cutoutSpec={M 0,0 M 0,12.25101276465640 a 10.60613009248640,10.60613009248640 0 1,0 0,21.21226018497290 a 10.60613009248640,10.60613009248640 0 1,0 0,-21.21226018497290 Z @dp} rotation={0} scale={1.0} physicalPixelDisplaySizeRatio={1.0}}}}, mRoundedCorners=RoundedCorners{[RoundedCorner{position=TopLeft, radius=84, center=Point(84, 84)}, RoundedCorner{position=TopRight, radius=84, center=Point(996, 84)}, RoundedCorner{position=BottomRight, radius=84, center=Point(996, 2316)}, RoundedCorner{position=BottomLeft, radius=84, center=Point(84, 2316)}]}  mRoundedCornerFrame=Rect(0, 0 - 1080, 2400), mPrivacyIndicatorBounds=PrivacyIndicatorBounds {static bounds=Rect(964, 0 - 1080, 88) rotation=0}, mSources= { InsetsSource: {mType=ITYPE_STATUS_BAR, mFrame=[0,0][1080,88], mVisible=true, mInsetsRoundedCornerFrame=false}, InsetsSource: {mType=ITYPE_NAVIGATION_BAR, mFrame=[0,2274][1080,2400], mVisible=true, mInsetsRoundedCornerFrame=false}, InsetsSource: {mType=ITYPE_LEFT_GESTURES, mFrame=[0,0][0,2400], mVisible=true, mInsetsRoundedCornerFrame=false}, InsetsSource: {mType=ITYPE_RIGHT_GESTURES, mFrame=[1080,0][1080,2400], mVisible=true, mInsetsRoundedCornerFrame=false}, InsetsSource: {mType=ITYPE_TOP_MANDATORY_GESTURES, mFrame=[0,0][1080,120], mVisible=true, mInsetsRoundedCornerFrame=false}, InsetsSource: {mType=ITYPE_BOTTOM_MANDATORY_GESTURES, mFrame=[0,2274][1080,2400], mVisible=true, mInsetsRoundedCornerFrame=false}, InsetsSource: {mType=ITYPE_LEFT_DISPLAY_CUTOUT, mFrame=[0,0][-100000,2400], mVisible=true, mInsetsRoundedCornerFrame=false}, InsetsSource: {mType=ITYPE_TOP_DISPLAY_CUTOUT, mFrame=[0,0][1080,88], mVisible=true, mInsetsRoundedCornerFrame=false}, InsetsSource: {mType=ITYPE_RIGHT_DISPLAY_CUTOUT, mFrame=[100000,0][1080,2400], mVisible=true, mInsetsRoundedCornerFrame=false}, InsetsSource: {mType=ITYPE_BOTTOM_DISPLAY_CUTOUT, mFrame=[0,100000][1080,2400], mVisible=true, mInsetsRoundedCornerFrame=false}, InsetsSource: {mType=ITYPE_TOP_TAPPABLE_ELEMENT, mFrame=[0,0][1080,88], mVisible=true, mInsetsRoundedCornerFrame=false}, InsetsSource: {mType=ITYPE_BOTTOM_TAPPABLE_ELEMENT, mFrame=[0,2274][1080,2400], mVisible=true, mInsetsRoundedCornerFrame=false} } host=app.comaps.fdroid.debug/app.organicmaps.MwmActivity from=android.view.ViewRootImpl$ViewRootHandler.handleMessageImpl:6740
07-16 10:15:36.116 W/OnBackInvokedCallback(11082): OnBackInvokedCallback is not enabled for the application.
07-16 10:15:36.116 W/OnBackInvokedCallback(11082): Set 'android:enableOnBackInvokedCallback="true"' in the application manifest.
07-16 10:15:36.140 I/ViewRootImpl@5a60db7[MwmActivity](11082): MSG_WINDOW_FOCUS_CHANGED 1 0
07-16 10:15:36.141 I/ViewRootImpl@5a60db7[MwmActivity](11082): mThreadedRenderer.initializeIfNeeded()#2 mSurface={isValid=true 0xd76ce400}
07-16 10:15:36.160 D/InputMethodManager(11082): startInputInner - Id : 0
07-16 10:15:36.160 I/InputMethodManager(11082): startInputInner - mService.startInputOrWindowGainedFocus
07-16 10:15:36.598 D/LocationState(11082): (main) LocationHelper.java:272 updateProviderDecision(): Selected: fused, with acc. 11.845
07-16 10:15:36.600 D/LocationState(11082): (main) LocationHelper.java:216 onLocationChanged(): provider = AndroidNativeProvider location = Location[fused 43.447750,-3.645383 hAcc=11.845 et=+12d16h14m27s611ms alt=138.20001220703125 vAcc=1.3453312 vel=0.068813875 sAcc=1.5]
07-16 10:15:36.858 I/ViewRootImpl@5a60db7[MwmActivity](11082): ViewPostIme pointer 0
07-16 10:15:36.948 I/ViewRootImpl@5a60db7[MwmActivity](11082): ViewPostIme pointer 1
07-16 10:15:36.983 D/MapController[Device](11082): (main) MapController.java:84 onPause(): 
07-16 10:15:36.983 I/CoMapsDebug(11082): sdk/Framework.cpp:399 PauseSurfaceRendering () - Pause surface rendering.
07-16 10:15:36.983 I/OMcore  (11082): (main) sdk/Framework.cpp:399 PauseSurfaceRendering(): Pause surface rendering.
07-16 10:15:36.984 D/SensorHelper(11082): (main) SensorHelper.java:119 removeListener(): listener: app.organicmaps.MwmActivity@ba1c77b count was: 1
07-16 10:15:36.985 D/MwmApplication(11082): (main) MwmApplication.java:192 onActivityPaused(): activity = app.organicmaps.MwmActivity@ba1c77b
07-16 10:15:37.037 I/DecorView(11082): [INFO] isPopOver=false config=true
07-16 10:15:37.037 I/DecorView(11082): updateCaptionType: isFloating=false isApplication=true hasWindowDecorCaption=false this=DecorView@4a67906[]
07-16 10:15:37.037 D/DecorView(11082): setCaptionType = 0, this = DecorView@4a67906[]
07-16 10:15:37.040 I/DecorView(11082): getCurrentDensityDpi: from real metrics. densityDpi=420 msg=resources_loaded
07-16 10:15:37.040 I/DecorView(11082): setWindowBackground: isPopOver=false color=ffffffff d=android.graphics.drawable.ColorDrawable@2bd55f4
07-16 10:15:37.046 D/PhoneWindow(11082): forceLight changed to false [] from com.android.internal.policy.PhoneWindow.updateForceLightNavigationBar:4314 com.android.internal.policy.PhoneWindow.setNavigationBarColor:4033 androidx.activity.EdgeToEdgeApi29.setUp:322 androidx.activity.EdgeToEdge.enable:95 androidx.activity.EdgeToEdge.enable$default:69 
07-16 10:15:37.079 D/ScrollView(11082): initGoToTop
07-16 10:15:37.245 D/MwmApplication(11082): (main) MwmApplication.java:183 onActivityResumed(): activity = app.organicmaps.help.HelpActivity@ff2522e
07-16 10:15:37.245 I/Utils   (11082): (main) Utils.java:95 showOnLockScreen(): showOnLockScreen = false window = com.android.internal.policy.PhoneWindow@949dd5a
07-16 10:15:37.246 I/SensorHelper(11082): (main) SensorHelper.java:94 setRotation(): rotation = 0
07-16 10:15:37.248 I/MSHandlerLifeCycle(11082): check: return. pkg=app.comaps.fdroid.debug parent=null callers=com.android.internal.policy.DecorView.setVisibility:4412 android.app.ActivityThread.handleResumeActivity:5476 android.app.servertransaction.ResumeActivityItem.execute:54 android.app.servertransaction.ActivityTransactionItem.execute:45 android.app.servertransaction.TransactionExecutor.executeLifecycleState:176 
07-16 10:15:37.248 I/MSHandlerLifeCycle(11082): removeMultiSplitHandler: no exist. decor=DecorView@4a67906[]
07-16 10:15:37.250 D/NativeCustomFrequencyManager(11082): [NativeCFMS] BpCustomFrequencyManager::BpCustomFrequencyManager()
07-16 10:15:37.251 I/DecorView(11082): notifyKeepScreenOnChanged: keepScreenOn=false
07-16 10:15:37.255 D/InsetsController(11082): onStateChanged: InsetsState: {mDisplayFrame=Rect(0, 0 - 1080, 2400), mDisplayCutout=DisplayCutout{insets=Rect(0, 88 - 0, 0) waterfall=Insets{left=0, top=0, right=0, bottom=0} boundingRect={Bounds=[Rect(0, 0 - 0, 0), Rect(512, 0 - 568, 88), Rect(0, 0 - 0, 0), Rect(0, 0 - 0, 0)]} cutoutPathParserInfo={CutoutPathParserInfo{displayWidth=1080 displayHeight=2400 physicalDisplayWidth=1080 physicalDisplayHeight=2400 density={2.625} cutoutSpec={M 0,0 M 0,12.25101276465640 a 10.60613009248640,10.60613009248640 0 1,0 0,21.21226018497290 a 10.60613009248640,10.60613009248640 0 1,0 0,-21.21226018497290 Z @dp} rotation={0} scale={1.0} physicalPixelDisplaySizeRatio={1.0}}}}, mRoundedCorners=RoundedCorners{[RoundedCorner{position=TopLeft, radius=84, center=Point(84, 84)}, RoundedCorner{position=TopRight, radius=84, center=Point(996, 84)}, RoundedCorner{position=BottomRight, radius=84, center=Point(996, 2316)}, RoundedCorner{position=BottomLeft, radius=84, center=Point(84, 2316)}]}  mRoundedCornerFrame=Rect(0, 0 - 1080, 2400), mPrivacyIndicatorBounds=PrivacyIndicatorBounds {static bounds=Rect(964, 0 - 1080, 88) rotation=0}, mSources= { InsetsSource: {mType=ITYPE_STATUS_BAR, mFrame=[0,0][1080,88], mVisible=true, mInsetsRoundedCornerFrame=false}, InsetsSource: {mType=ITYPE_NAVIGATION_BAR, mFrame=[0,2274][1080,2400], mVisible=true, mInsetsRoundedCornerFrame=false}, InsetsSource: {mType=ITYPE_LEFT_GESTURES, mFrame=[0,0][0,2400], mVisible=true, mInsetsRoundedCornerFrame=false}, InsetsSource: {mType=ITYPE_RIGHT_GESTURES, mFrame=[1080,0][1080,2400], mVisible=true, mInsetsRoundedCornerFrame=false}, InsetsSource: {mType=ITYPE_TOP_MANDATORY_GESTURES, mFrame=[0,0][1080,120], mVisible=true, mInsetsRoundedCornerFrame=false}, InsetsSource: {mType=ITYPE_BOTTOM_MANDATORY_GESTURES, mFrame=[0,2274][1080,2400], mVisible=true, mInsetsRoundedCornerFrame=false}, InsetsSource: {mType=ITYPE_LEFT_DISPLAY_CUTOUT, mFrame=[0,0][-100000,2400], mVisible=true, mInsetsRoundedCornerFrame=false}, InsetsSource: {mType=ITYPE_TOP_DISPLAY_CUTOUT, mFrame=[0,0][1080,88], mVisible=true, mInsetsRoundedCornerFrame=false}, InsetsSource: {mType=ITYPE_RIGHT_DISPLAY_CUTOUT, mFrame=[100000,0][1080,2400], mVisible=true, mInsetsRoundedCornerFrame=false}, InsetsSource: {mType=ITYPE_BOTTOM_DISPLAY_CUTOUT, mFrame=[0,100000][1080,2400], mVisible=true, mInsetsRoundedCornerFrame=false}, InsetsSource: {mType=ITYPE_TOP_TAPPABLE_ELEMENT, mFrame=[0,0][1080,88], mVisible=true, mInsetsRoundedCornerFrame=false}, InsetsSource: {mType=ITYPE_BOTTOM_TAPPABLE_ELEMENT, mFrame=[0,2274][1080,2400], mVisible=true, mInsetsRoundedCornerFrame=false} } host=app.comaps.fdroid.debug/app.organicmaps.help.HelpActivity from=android.view.ViewRootImpl.setView:1732
07-16 10:15:37.256 I/ViewRootImpl@426bdb2[HelpActivity](11082): setView = com.android.internal.policy.DecorView@4a67906 TM=true
07-16 10:15:37.257 I/MSHandlerLifeCycle(11082): removeMultiSplitHandler: no exist. decor=DecorView@4a67906[HelpActivity]
07-16 10:15:37.280 I/ViewRootImpl@426bdb2[HelpActivity](11082): performTraversals params={(0,0)(fillxfill) sim={adjust=pan forwardNavigation} layoutInDisplayCutoutMode=always ty=BASE_APPLICATION wanim=0x1030309
07-16 10:15:37.280 I/ViewRootImpl@426bdb2[HelpActivity](11082):   fl=81810100
07-16 10:15:37.280 I/ViewRootImpl@426bdb2[HelpActivity](11082):   pfl=16020040
07-16 10:15:37.280 I/ViewRootImpl@426bdb2[HelpActivity](11082):   vsysui=110
07-16 10:15:37.280 I/ViewRootImpl@426bdb2[HelpActivity](11082):   apr=LIGHT_NAVIGATION_BARS
07-16 10:15:37.280 I/ViewRootImpl@426bdb2[HelpActivity](11082):   bhv=DEFAULT
07-16 10:15:37.280 I/ViewRootImpl@426bdb2[HelpActivity](11082):   fitSides= naviIconColor=0}
07-16 10:15:37.281 I/ViewRootImpl@426bdb2[HelpActivity](11082): performTraversals mFirst=true windowShouldResize=true viewVisibilityChanged=false mForceNextWindowRelayout=false params={(0,0)(fillxfill) sim={adjust=pan forwardNavigation} layoutInDisplayCutoutMode=always ty=BASE_APPLICATION wanim=0x1030309
07-16 10:15:37.281 I/ViewRootImpl@426bdb2[HelpActivity](11082):   fl=81810100
07-16 10:15:37.281 I/ViewRootImpl@426bdb2[HelpActivity](11082):   pfl=16020040
07-16 10:15:37.281 I/ViewRootImpl@426bdb2[HelpActivity](11082):   vsysui=110
07-16 10:15:37.281 I/ViewRootImpl@426bdb2[HelpActivity](11082):   apr=LIGHT_NAVIGATION_BARS
07-16 10:15:37.281 I/ViewRootImpl@426bdb2[HelpActivity](11082):   bhv=DEFAULT
07-16 10:15:37.281 I/ViewRootImpl@426bdb2[HelpActivity](11082):   fitSides= naviIconColor=0}
07-16 10:15:37.292 D/InsetsController(11082): onStateChanged: InsetsState: {mDisplayFrame=Rect(0, 0 - 1080, 2400), mDisplayCutout=DisplayCutout{insets=Rect(0, 88 - 0, 0) waterfall=Insets{left=0, top=0, right=0, bottom=0} boundingRect={Bounds=[Rect(0, 0 - 0, 0), Rect(512, 0 - 568, 88), Rect(0, 0 - 0, 0), Rect(0, 0 - 0, 0)]} cutoutPathParserInfo={CutoutPathParserInfo{displayWidth=1080 displayHeight=2400 physicalDisplayWidth=1080 physicalDisplayHeight=2400 density={2.625} cutoutSpec={M 0,0 M 0,12.25101276465640 a 10.60613009248640,10.60613009248640 0 1,0 0,21.21226018497290 a 10.60613009248640,10.60613009248640 0 1,0 0,-21.21226018497290 Z @dp} rotation={0} scale={1.0} physicalPixelDisplaySizeRatio={1.0}}}}, mRoundedCorners=RoundedCorners{[RoundedCorner{position=TopLeft, radius=84, center=Point(84, 84)}, RoundedCorner{position=TopRight, radius=84, center=Point(996, 84)}, RoundedCorner{position=BottomRight, radius=84, center=Point(996, 2316)}, RoundedCorner{position=BottomLeft, radius=84, center=Point(84, 2316)}]}  mRoundedCornerFrame=Rect(0, 0 - 1080, 2400), mPrivacyIndicatorBounds=PrivacyIndicatorBounds {static bounds=Rect(964, 0 - 1080, 88) rotation=0}, mSources= { InsetsSource: {mType=ITYPE_STATUS_BAR, mFrame=[0,0][1080,88], mVisible=true, mInsetsRoundedCornerFrame=false}, InsetsSource: {mType=ITYPE_NAVIGATION_BAR, mFrame=[0,2274][1080,2400], mVisible=true, mInsetsRoundedCornerFrame=false}, InsetsSource: {mType=ITYPE_LEFT_GESTURES, mFrame=[0,0][0,2400], mVisible=true, mInsetsRoundedCornerFrame=false}, InsetsSource: {mType=ITYPE_RIGHT_GESTURES, mFrame=[1080,0][1080,2400], mVisible=true, mInsetsRoundedCornerFrame=false}, InsetsSource: {mType=ITYPE_TOP_MANDATORY_GESTURES, mFrame=[0,0][1080,120], mVisible=true, mInsetsRoundedCornerFrame=false}, InsetsSource: {mType=ITYPE_BOTTOM_MANDATORY_GESTURES, mFrame=[0,2274][1080,2400], mVisible=true, mInsetsRoundedCornerFrame=false}, InsetsSource: {mType=ITYPE_LEFT_DISPLAY_CUTOUT, mFrame=[0,0][-100000,2400], mVisible=true, mInsetsRoundedCornerFrame=false}, InsetsSource: {mType=ITYPE_TOP_DISPLAY_CUTOUT, mFrame=[0,0][1080,88], mVisible=true, mInsetsRoundedCornerFrame=false}, InsetsSource: {mType=ITYPE_RIGHT_DISPLAY_CUTOUT, mFrame=[100000,0][1080,2400], mVisible=true, mInsetsRoundedCornerFrame=false}, InsetsSource: {mType=ITYPE_BOTTOM_DISPLAY_CUTOUT, mFrame=[0,100000][1080,2400], mVisible=true, mInsetsRoundedCornerFrame=false}, InsetsSource: {mType=ITYPE_TOP_TAPPABLE_ELEMENT, mFrame=[0,0][1080,88], mVisible=true, mInsetsRoundedCornerFrame=false}, InsetsSource: {mType=ITYPE_BOTTOM_TAPPABLE_ELEMENT, mFrame=[0,2274][1080,2400], mVisible=true, mInsetsRoundedCornerFrame=false}, InsetsSource: {mType=ITYPE_IME, mFrame=[0,0][0,0], mVisibleFrame=[0,1499][1080,2400], mVisible=false, mInsetsRoundedCornerFrame=false} } host=app.comaps.fdroid.debug/app.organicmaps.help.HelpActivity from=android.view.ViewRootImpl.relayoutWindow:9802
07-16 10:15:37.293 I/ViewRootImpl@426bdb2[HelpActivity](11082): updateBlastSurfaceIfNeeded mBlastBufferQueue=null isSameSurfaceControl=false
07-16 10:15:37.294 I/BLASTBufferQueue(11082): new BLASTBufferQueue, mName= ViewRootImpl@426bdb2[HelpActivity] mNativeObject= 0xd6d0a380 sc.mNativeObject= 0xd6ce53c0 caller= android.view.ViewRootImpl.updateBlastSurfaceIfNeeded:2909 android.view.ViewRootImpl.relayoutWindow:9847 android.view.ViewRootImpl.performTraversals:3884 android.view.ViewRootImpl.doTraversal:3116 android.view.ViewRootImpl$TraversalRunnable.run:10885 android.view.Choreographer$CallbackRecord.run:1301 android.view.Choreographer$CallbackRecord.run:1309 android.view.Choreographer.doCallbacks:923 android.view.Choreographer.doFrame:852 android.view.Choreographer$FrameDisplayEventReceiver.run:1283 
07-16 10:15:37.294 I/BLASTBufferQueue(11082): update, w= 1080 h= 2400 mName = ViewRootImpl@426bdb2[HelpActivity] mNativeObject= 0xd6d0a380 sc.mNativeObject= 0xd6ce53c0 format= -1 caller= android.graphics.BLASTBufferQueue.<init>:84 android.view.ViewRootImpl.updateBlastSurfaceIfNeeded:2909 android.view.ViewRootImpl.relayoutWindow:9847 android.view.ViewRootImpl.performTraversals:3884 android.view.ViewRootImpl.doTraversal:3116 android.view.ViewRootImpl$TraversalRunnable.run:10885 
07-16 10:15:37.294 I/ViewRootImpl@426bdb2[HelpActivity](11082): Relayout returned: old=(0,0,1080,2400) new=(0,0,1080,2400) req=(1080,2400)0 dur=12 res=0x3 s={true 0xe937f000} ch=true seqId=0
07-16 10:15:37.296 I/ViewRootImpl@426bdb2[HelpActivity](11082): mThreadedRenderer.initialize() mSurface={isValid=true 0xe937f000} hwInitialized=true
07-16 10:15:37.296 D/OpenGLRenderer(11082): eglCreateWindowSurface
07-16 10:15:37.302 D/ScrollView(11082):  onsize change changed 
07-16 10:15:37.303 I/ViewRootImpl@426bdb2[HelpActivity](11082): reportNextDraw android.view.ViewRootImpl.performTraversals:4438 android.view.ViewRootImpl.doTraversal:3116 android.view.ViewRootImpl$TraversalRunnable.run:10885 android.view.Choreographer$CallbackRecord.run:1301 android.view.Choreographer$CallbackRecord.run:1309 
07-16 10:15:37.307 I/ViewRootImpl@426bdb2[HelpActivity](11082): Setup new sync id=0
07-16 10:15:37.307 I/ViewRootImpl@426bdb2[HelpActivity](11082): Setting syncFrameCallback
07-16 10:15:37.307 I/ViewRootImpl@426bdb2[HelpActivity](11082): registerCallbacksForSync syncBuffer=false
07-16 10:15:37.331 I/ViewRootImpl@426bdb2[HelpActivity](11082): Received frameDrawingCallback syncResult=0 frameNum=1.
07-16 10:15:37.331 I/ViewRootImpl@426bdb2[HelpActivity](11082): Setting up sync and frameCommitCallback
07-16 10:15:37.357 I/BLASTBufferQueue(11082): [ViewRootImpl@426bdb2[HelpActivity]#18](f:0,a:0) onFrameAvailable the first frame is available
07-16 10:15:37.357 I/ViewRootImpl@426bdb2[HelpActivity](11082): Received frameCommittedCallback lastAttemptedDrawFrameNum=1 didProduceBuffer=true
07-16 10:15:37.358 D/OpenGLRenderer(11082): CFMS:: SetUp Pid : 11082    Tid : 11222
07-16 10:15:37.360 I/ViewRootImpl@426bdb2[HelpActivity](11082): onSyncComplete
07-16 10:15:37.360 I/ViewRootImpl@426bdb2[HelpActivity](11082): setupSync seqId=0 mSyncId=0 fn=1 caller=android.view.ViewRootImpl$$ExternalSyntheticLambda11.accept:6 android.window.SurfaceSyncer.lambda$setupSync$1$android-window-SurfaceSyncer:128 android.window.SurfaceSyncer$$ExternalSyntheticLambda1.accept:8 android.window.SurfaceSyncer$SyncSet.checkIfSyncIsComplete:382 android.window.SurfaceSyncer$SyncSet.markSyncReady:359 android.window.SurfaceSyncer.markSyncReady:151 android.view.ViewRootImpl.performTraversals:4503 
07-16 10:15:37.362 I/ViewRootImpl@426bdb2[HelpActivity](11082): reportDrawFinished seqId=0 mSyncId=-1 fn=1 mSurfaceChangedTransaction=0xde18dee0
07-16 10:15:37.363 D/LocationState(11082): (main) LocationHelper.java:99 onSatelliteStatusChanged(): total = 6 used = 0 fixed = false
07-16 10:15:37.365 I/ViewRootImpl@5a60db7[MwmActivity](11082): MSG_WINDOW_FOCUS_CHANGED 0 0
07-16 10:15:37.437 I/ViewRootImpl@426bdb2[HelpActivity](11082): MSG_WINDOW_FOCUS_CHANGED 1 0
07-16 10:15:37.438 I/ViewRootImpl@426bdb2[HelpActivity](11082): mThreadedRenderer.initializeIfNeeded()#2 mSurface={isValid=true 0xe937f000}
07-16 10:15:37.439 D/InputMethodManager(11082): startInputInner - Id : 0
07-16 10:15:37.439 I/InputMethodManager(11082): startInputInner - mService.startInputOrWindowGainedFocus
07-16 10:15:37.820 I/ViewRootImpl@5a60db7[MwmActivity](11082): handleAppVisibility mAppVisible = true visible = false
07-16 10:15:37.835 I/SurfaceView@45f0173(11082): onWindowVisibilityChanged(8) false app.organicmaps.sdk.MapView{45f0173 V.E...... ........ 0,0-1080,2400 #7f090237 app:id/map} of ViewRootImpl@5a60db7[MwmActivity]
07-16 10:15:37.836 I/SurfaceView@45f0173(11082): Changes: creating=false format=false size=false visible=true alpha=false hint=false mUseAlpha=false visible=true left=false top=false
07-16 10:15:37.836 I/SurfaceView@45f0173(11082): 73335155 Cur surface: Surface(name=null)/@0x929d9ee
07-16 10:15:37.836 I/SurfaceView@45f0173(11082): applyTransactionOnVriDraw: vri = ViewRootImpl@5a60db7[MwmActivity] fRS = false t = 0xde1ae0a0 android.view.SurfaceView.performSurfaceTransaction:959 android.view.SurfaceView.updateSurface:1105 android.view.SurfaceView.onWindowVisibilityChanged:371 
07-16 10:15:37.836 I/ViewRootImpl@5a60db7[MwmActivity](11082): applyTransactionOnDraw: mRemoved = false isHardwareEnabled = true t = 0xde1ae0a0android.view.SurfaceView.applyTransactionOnVriDraw:2048 android.view.SurfaceView.performSurfaceTransaction:959 android.view.SurfaceView.updateSurface:1105 android.view.SurfaceView.onWindowVisibilityChanged:371 android.view.View.dispatchWindowVisibilityChanged:15943 
07-16 10:15:37.836 I/SurfaceView@45f0173(11082): surfaceDestroyed
07-16 10:15:37.836 I/SurfaceView@45f0173(11082): surfaceDestroyed callback.size 1 #2 app.organicmaps.sdk.MapView{45f0173 V.E...... ........ 0,0-1080,2400 #7f090237 app:id/map}
07-16 10:15:37.837 D/MapView (11082): (main) MapView.java:44 surfaceDestroyed(): 
07-16 10:15:37.837 D/Map     (11082): (main) Map.java:224 onSurfaceDestroyed(): mSurfaceCreated = true, mSurfaceAttached = true
07-16 10:15:37.837 I/CoMapsDebug(11082): sdk/Framework.cpp:297 DetachSurface () - Detach surface started. destroySurface = 1
07-16 10:15:37.837 I/OMcore  (11082): (main) sdk/Framework.cpp:297 DetachSurface(): Detach surface started. destroySurface = 1
07-16 10:15:37.838 I/CoMapsDebug(11082): sdk/Framework.cpp:310 DetachSurface () - Destroy surface.
07-16 10:15:37.838 I/OMcore  (11082): (main) sdk/Framework.cpp:310 DetachSurface(): Destroy surface.
07-16 10:15:37.838 D/CoMapsDebug(11082): drape_frontend/drape_engine.cpp:382 SetRenderingDisabled () - Rendering disabled
07-16 10:15:37.838 D/OMcore  (11082): (main) drape_frontend/drape_engine.cpp:382 SetRenderingDisabled(): Rendering disabled
07-16 10:15:37.846 I/CoMapsDebug(11082): sdk/Framework.cpp:332 DetachSurface () - Detach surface finished.
07-16 10:15:37.846 I/OMcore  (11082): (main) sdk/Framework.cpp:332 DetachSurface(): Detach surface finished.
07-16 10:15:37.847 I/SurfaceView@45f0173(11082): updateSurface: mVisible = false mSurface.isValid() = true
07-16 10:15:37.847 I/SurfaceView@45f0173(11082): releaseSurfaces: viewRoot = ViewRootImpl@5a60db7[MwmActivity]
07-16 10:15:37.848 I/SurfaceView@45f0173(11082): applyTransactionOnVriDraw: vri = ViewRootImpl@5a60db7[MwmActivity] fRS = true t = 0xdccc8580 android.view.SurfaceView.releaseSurfaces:858 android.view.SurfaceView.updateSurface:1172 android.view.SurfaceView.onWindowVisibilityChanged:371 
07-16 10:15:37.848 I/SurfaceView@45f0173(11082): applyTransactionOnVriDraw: viewRoot.applyTransactionOnDrawFromReleaseSurfaces
07-16 10:15:37.848 I/ViewRootImpl@5a60db7[MwmActivity](11082): from releaseSurfaces t.apply t = 0xdccc8580
07-16 10:15:37.849 V/SurfaceView@45f0173(11082): Layout: x=0 y=0 w=1080 h=2400, frame=Rect(0, 0 - 1080, 2400)
07-16 10:15:37.856 D/SurfaceView@45f0173(11082): windowPositionLost, frameNr = 0
07-16 10:15:37.856 D/OpenGLRenderer(11082): setSurface called with nullptr
07-16 10:15:37.856 D/OpenGLRenderer(11082): setSurface() destroyed EGLSurface
07-16 10:15:37.856 D/OpenGLRenderer(11082): destroyEglSurface
07-16 10:15:37.858 I/ViewRootImpl@5a60db7[MwmActivity](11082): performTraversals mFirst=false windowShouldResize=false viewVisibilityChanged=true mForceNextWindowRelayout=false params=null
07-16 10:15:37.865 I/ViewRootImpl@5a60db7[MwmActivity](11082): Relayout returned: old=(0,0,1080,2400) new=(0,0,1080,2400) req=(1080,2400)8 dur=5 res=0x2 s={false 0x0} ch=true seqId=0
07-16 10:15:37.865 I/SurfaceView@45f0173(11082): windowStopped(true) false app.organicmaps.sdk.MapView{45f0173 V.E...... ........ 0,0-1080,2400 #7f090237 app:id/map} of ViewRootImpl@5a60db7[MwmActivity]
07-16 10:15:37.865 D/SurfaceView@45f0173(11082): updateSurface: surface is not valid
07-16 10:15:37.865 I/SurfaceView@45f0173(11082): releaseSurfaces: viewRoot = ViewRootImpl@5a60db7[MwmActivity]
07-16 10:15:37.865 I/SurfaceView@45f0173(11082): applyTransactionOnVriDraw: vri = ViewRootImpl@5a60db7[MwmActivity] fRS = true t = 0xd2c48c40 android.view.SurfaceView.releaseSurfaces:858 android.view.SurfaceView.updateSurface:998 android.view.SurfaceView.setWindowStopped:335 
07-16 10:15:37.865 I/SurfaceView@45f0173(11082): applyTransactionOnVriDraw: viewRoot.applyTransactionOnDrawFromReleaseSurfaces
07-16 10:15:37.866 I/ViewRootImpl@5a60db7[MwmActivity](11082): from releaseSurfaces t.apply t = 0xd2c48c40
07-16 10:15:37.866 D/SurfaceView@45f0173(11082): updateSurface: surface is not valid
07-16 10:15:37.866 I/SurfaceView@45f0173(11082): releaseSurfaces: viewRoot = ViewRootImpl@5a60db7[MwmActivity]
07-16 10:15:37.866 I/SurfaceView@45f0173(11082): applyTransactionOnVriDraw: vri = ViewRootImpl@5a60db7[MwmActivity] fRS = true t = 0xdccc81c0 android.view.SurfaceView.releaseSurfaces:858 android.view.SurfaceView.updateSurface:998 android.view.SurfaceView.lambda$new$0$android-view-SurfaceView:200 
07-16 10:15:37.866 I/SurfaceView@45f0173(11082): applyTransactionOnVriDraw: viewRoot.applyTransactionOnDrawFromReleaseSurfaces
07-16 10:15:37.866 I/ViewRootImpl@5a60db7[MwmActivity](11082): from releaseSurfaces t.apply t = 0xdccc81c0
07-16 10:15:37.868 D/MapController[Device](11082): (main) MapController.java:91 onStop(): 
07-16 10:15:37.869 I/ViewRootImpl@5a60db7[MwmActivity](11082): stopped(true) old = false
07-16 10:15:37.869 I/ViewRootImpl@5a60db7[MwmActivity](11082): WindowStopped on app.comaps.fdroid.debug/app.organicmaps.MwmActivity set to true
07-16 10:15:37.872 I/CoMapsDebug(11082): sdk/Framework.cpp:958 Java_app_organicmaps_sdk_Framework_nativeRemovePlacePageActivationListener () - Remove global map object listener
07-16 10:15:37.872 I/OMcore  (11082): (main) sdk/Framework.cpp:958 Java_app_organicmaps_sdk_Framework_nativeRemovePlacePageActivationListener(): Remove global map object listener
07-16 10:15:37.873 D/LocationState(11082): (main) LocationHelper.java:386 removeListener(): listener: app.organicmaps.MwmActivity@ba1c77b count was: 1
07-16 10:15:37.874 I/Utils   (11082): (main) Utils.java:78 keepScreenOn(): KeepScreenOn = false window = com.android.internal.policy.PhoneWindow@7188c92
07-16 10:15:37.874 I/DecorView(11082): notifyKeepScreenOnChanged: keepScreenOn=false
07-16 10:15:37.877 D/MwmApplication(11082): (main) MwmApplication.java:203 onActivitySaveInstanceState(): activity = app.organicmaps.MwmActivity@ba1c77b outState = Bundle[{android:viewHierarchyState=Bundle[{android:views={16908290=android.view.AbsSavedState$1@3bf91cd, 2131296314=android.view.AbsSavedState$1@3bf91cd, 2131296325=android.view.AbsSavedState$1@3bf91cd, 2131296338=android.view.AbsSavedState$1@3bf91cd, 2131296339=android.view.AbsSavedState$1@3bf91cd, 2131296340=android.view.AbsSavedState$1@3bf91cd, 2131296374=android.view.AbsSavedState$1@3bf91cd, 2131296381=CompoundButton.SavedState{e35955b checked=false}, 2131296427=com.google.android.material.button.MaterialButton$SavedState@fb481f8, 2131296429=com.google.android.material.button.MaterialButton$SavedState@d4516d1, 2131296430=android.view.AbsSavedState$1@3bf91cd, 2131296435=com.google.android.material.button.MaterialButton$SavedState@a049536, 2131296436=android.view.AbsSavedState$1@3bf91cd, 2131296452=android.view.AbsSavedState$1@3bf91cd, 2131296474=android.view.AbsSavedState$1@3bf91cd, 2131296475=android.view.AbsSavedState$1@3bf91cd, 2131296491=android.view.AbsSavedState$1@3bf91cd, 2131296494=androidx.coordinatorlayout.widget.CoordinatorLayout$SavedState@72e2c37, 2131296555=android.view.AbsSavedState$1@3bf91cd, 2131296556=android.view.AbsSavedState$1@3bf91cd, 2131296557=android.view.AbsSavedState$1@3bf91cd, 2131296559=android.view.AbsSavedState$1@3bf91cd, 2131296566=ExtendableSavedState{9abc5a4 states={expandableWidgetHelper=Bundle[{expanded=false, expandedComponentIdHint=0}]}}, 2131296567=android.view.AbsSavedState$1@3bf91cd, 2131296568=android.view.AbsSavedState$1@3bf91cd, 2131296571=com.google.android.material.button.MaterialButton$SavedState@5334f0d, 2131296572=android.view.AbsSavedState$1@3bf91cd, 2131296573=android.view.AbsSavedState$1@3bf91cd, 2131296576=android.view.AbsSavedState$1@3bf91cd, 2131296579=android.view.AbsSavedState$1@3bf91cd, 2131296625=android.view.AbsSavedState$1@3bf91cd, 2131296632=android.view.AbsSavedState$1@3bf91cd, 2131296633=android.view.AbsSavedState$1@3bf91cd, 2131296634=android.view.AbsSavedState$1@3bf91cd, 2131296635=android.view.AbsSavedState$1@3bf91cd, 2131296636=android.view.AbsSavedState$1@3bf91cd, 2131296649=android.view.AbsSavedState$1@3bf91cd, 2131296714=android.view.AbsSavedState$1@3bf91cd, 2131296754=android.view.AbsSavedState$1@3bf91cd, 2131296765=android.view.AbsSavedState$1@3bf91cd, 2131296823=android.view.AbsSavedState$1@3bf91cd, 2131296824=android.view.AbsSavedState$1@3bf91cd, 2131296829=android.view.AbsSavedState$1@3bf91cd, 2131296865=android.view.AbsSavedState$1@3bf91cd, 2131296907=android.view.AbsSavedState$1@3bf91cd, 2131296908=android.view.AbsSavedState$1@3bf91cd, 2131296909=android.view.AbsSavedState$1@3bf91cd, 2131296910=androidx.coordinatorlayout.widget.CoordinatorLayout$SavedState@9fccec2, 2131296911=android.view.AbsSavedState$1@3bf91cd, 2131296912=android.view.AbsSavedState$1@3bf91cd, 2131296913=android.view.AbsSavedState$1@3bf91cd, 2131296914=android.view.AbsSavedState$1@3bf91cd, 2131296915=android.view.AbsSavedState$1@3bf91cd, 2131296916=android.view.AbsSavedState$1@3bf91cd, 2131296917=android.view.AbsSavedState$1@3bf91cd, 2131296926=android.view.AbsSavedState$1@3bf91cd, 2131296928=android.view.AbsSavedState$1@3bf91cd, 2131296933=android.view.AbsSavedState$1@3bf91cd, 2131296946=android.view.AbsSavedState$1@3bf91cd, 2131296955=ScrollView.SavedState{3af54d3 scrollPosition=0}, 2131296993=CompoundButton.SavedState{bb19810 checked=true}, 2131296994=android.view.AbsSavedState$1@3bf91cd, 2131297006=android.view.AbsSavedState$1@3bf91cd, 2131297024=android.view.AbsSavedState$1@3bf91cd, 2131297035=android.widget.ProgressBar$SavedState@352cf09, 2131297036=android.view.AbsSavedState$1@3bf91cd, 2131297038=android.view.AbsSavedState$1@3bf91cd, 2131297040=android.widget.ProgressBar$SavedState@f4d150e, 2131297041=android.view.AbsSavedState$1@3bf91cd, 2131297042=android.view.AbsSavedState$1@3bf91cd, 2131297043=android.view.AbsSavedState$1@3bf91cd, 2131297044=android.view.AbsSavedState$1@3bf91cd, 2131297047=TextView.Sa
07-16 10:15:37.881 I/MSHandlerLifeCycle(11082): removeMultiSplitHandler: no exist. decor=DecorView@53e5e18[MwmActivity]
07-16 10:15:37.887 I/ViewRootImpl@5a60db7[MwmActivity](11082): performTraversals params={(0,0)(fillxfill) sim={state=always_hidden adjust=pan} layoutInDisplayCutoutMode=always ty=BASE_APPLICATION wanim=0x1030309
07-16 10:15:37.887 I/ViewRootImpl@5a60db7[MwmActivity](11082):   fl=81810100
07-16 10:15:37.887 I/ViewRootImpl@5a60db7[MwmActivity](11082):   pfl=16020040
07-16 10:15:37.887 I/ViewRootImpl@5a60db7[MwmActivity](11082):   vsysui=2310
07-16 10:15:37.887 I/ViewRootImpl@5a60db7[MwmActivity](11082):   apr=LIGHT_STATUS_BARS LIGHT_NAVIGATION_BARS
07-16 10:15:37.887 I/ViewRootImpl@5a60db7[MwmActivity](11082):   bhv=DEFAULT
07-16 10:15:37.887 I/ViewRootImpl@5a60db7[MwmActivity](11082):   fitSides= naviIconColor=0}
07-16 10:15:37.888 I/ViewRootImpl@5a60db7[MwmActivity](11082): performTraversals mFirst=false windowShouldResize=false viewVisibilityChanged=false mForceNextWindowRelayout=false params={(0,0)(fillxfill) sim={state=always_hidden adjust=pan} layoutInDisplayCutoutMode=always ty=BASE_APPLICATION fmt=TRANSLUCENT wanim=0x1030309
07-16 10:15:37.888 I/ViewRootImpl@5a60db7[MwmActivity](11082):   fl=81810100
07-16 10:15:37.888 I/ViewRootImpl@5a60db7[MwmActivity](11082):   pfl=16020040
07-16 10:15:37.888 I/ViewRootImpl@5a60db7[MwmActivity](11082):   vsysui=2310
07-16 10:15:37.888 I/ViewRootImpl@5a60db7[MwmActivity](11082):   apr=LIGHT_STATUS_BARS LIGHT_NAVIGATION_BARS
07-16 10:15:37.888 I/ViewRootImpl@5a60db7[MwmActivity](11082):   bhv=DEFAULT
07-16 10:15:37.888 I/ViewRootImpl@5a60db7[MwmActivity](11082):   fitSides= naviIconColor=0}
07-16 10:15:37.893 I/ViewRootImpl@5a60db7[MwmActivity](11082): Relayout returned: old=(0,0,1080,2400) new=(0,0,1080,2400) req=(1080,2400)8 dur=5 res=0x2 s={false 0x0} ch=false seqId=0
07-16 10:15:37.893 D/SurfaceView@45f0173(11082): updateSurface: surface is not valid
07-16 10:15:37.894 I/SurfaceView@45f0173(11082): releaseSurfaces: viewRoot = ViewRootImpl@5a60db7[MwmActivity]
07-16 10:15:37.894 I/SurfaceView@45f0173(11082): applyTransactionOnVriDraw: vri = ViewRootImpl@5a60db7[MwmActivity] fRS = true t = 0xde1ae000 android.view.SurfaceView.releaseSurfaces:858 android.view.SurfaceView.updateSurface:998 android.view.SurfaceView.lambda$new$0$android-view-SurfaceView:200 
07-16 10:15:37.894 I/SurfaceView@45f0173(11082): applyTransactionOnVriDraw: viewRoot.applyTransactionOnDrawFromReleaseSurfaces
07-16 10:15:37.894 I/ViewRootImpl@5a60db7[MwmActivity](11082): from releaseSurfaces t.apply t = 0xde1ae000
07-16 10:15:38.074 D/LocationState(11082): (main) LocationHelper.java:99 onSatelliteStatusChanged(): total = 6 used = 3 fixed = true
07-16 10:15:39.089 D/LocationState(11082): (main) LocationHelper.java:99 onSatelliteStatusChanged(): total = 6 used = 3 fixed = true
07-16 10:15:39.965 I/ViewRootImpl@426bdb2[HelpActivity](11082): ViewPostIme pointer 0
07-16 10:15:40.027 I/ViewRootImpl@426bdb2[HelpActivity](11082): ViewPostIme pointer 1
07-16 10:15:40.075 I/LogsManager(11082): Zipping log files in /storage/emulated/0/Android/data/app.comaps.fdroid.debug/files/logs
07-16 10:15:40.081 D/LocationState(11082): (main) LocationHelper.java:99 onSatelliteStatusChanged(): total = 6 used = 3 fixed = true
07-16 10:15:40.714 I/SharingUtils(11082): (main) SharingUtils.java:219 shareFile(): Sharing file application/x-zip /storage/emulated/0/Android/data/app.comaps.fdroid.debug/files/logs.zip with URI content://app.comaps.fdroid.debug.provider/external_files/logs.zip
07-16 10:15:40.754 D/MwmApplication(11082): (main) MwmApplication.java:192 onActivityPaused(): activity = app.organicmaps.help.HelpActivity@ff2522e
07-16 10:15:40.836 I/ViewRootImpl@426bdb2[HelpActivity](11082): MSG_WINDOW_FOCUS_CHANGED 0 0
07-16 10:15:41.051 D/LocationState(11082): (main) LocationHelper.java:99 onSatelliteStatusChanged(): total = 6 used = 3 fixed = true
07-16 10:15:42.064 D/LocationState(11082): (main) LocationHelper.java:99 onSatelliteStatusChanged(): total = 6 used = 3 fixed = true
07-16 10:15:42.238 E/DatabaseUtils(11082): Writing exception to parcel
07-16 10:15:42.238 E/DatabaseUtils(11082): java.lang.SecurityException: Permission Denial: reading androidx.core.content.FileProvider uri content://app.comaps.fdroid.debug.provider/external_files/logs.zip from pid=13364, uid=1000 requires the provider be exported, or grantUriPermission()
07-16 10:15:42.238 E/DatabaseUtils(11082): 	at android.content.ContentProvider.enforceReadPermissionInner(ContentProvider.java:918)
07-16 10:15:42.238 E/DatabaseUtils(11082): 	at android.content.ContentProvider.semEnforceReadPermission(ContentProvider.java:836)
07-16 10:15:42.238 E/DatabaseUtils(11082): 	at android.content.ContentProvider$Transport.enforceReadPermission(ContentProvider.java:712)
07-16 10:15:42.238 E/DatabaseUtils(11082): 	at android.content.ContentProvider$Transport.query(ContentProvider.java:251)
07-16 10:15:42.238 E/DatabaseUtils(11082): 	at android.content.ContentProviderNative.onTransact(ContentProviderNative.java:107)
07-16 10:15:42.238 E/DatabaseUtils(11082): 	at android.os.Binder.execTransactInternal(Binder.java:1316)
07-16 10:15:42.238 E/DatabaseUtils(11082): 	at android.os.Binder.execTransact(Binder.java:1280)
07-16 10:15:42.243 E/DatabaseUtils(11082): Writing exception to parcel
07-16 10:15:42.243 E/DatabaseUtils(11082): java.lang.SecurityException: Permission Denial: reading androidx.core.content.FileProvider uri content://app.comaps.fdroid.debug.provider/external_files/logs.zip from pid=13364, uid=1000 requires the provider be exported, or grantUriPermission()
07-16 10:15:42.243 E/DatabaseUtils(11082): 	at android.content.ContentProvider.enforceReadPermissionInner(ContentProvider.java:918)
07-16 10:15:42.243 E/DatabaseUtils(11082): 	at android.content.ContentProvider.semEnforceReadPermission(ContentProvider.java:836)
07-16 10:15:42.243 E/DatabaseUtils(11082): 	at android.content.ContentProvider$Transport.enforceReadPermission(ContentProvider.java:712)
07-16 10:15:42.243 E/DatabaseUtils(11082): 	at android.content.ContentProvider$Transport.query(ContentProvider.java:251)
07-16 10:15:42.243 E/DatabaseUtils(11082): 	at android.content.ContentProviderNative.onTransact(ContentProviderNative.java:107)
07-16 10:15:42.243 E/DatabaseUtils(11082): 	at android.os.Binder.execTransactInternal(Binder.java:1316)
07-16 10:15:42.243 E/DatabaseUtils(11082): 	at android.os.Binder.execTransact(Binder.java:1280)
07-16 10:15:42.374 I/ViewRootImpl@426bdb2[HelpActivity](11082): Resizing android.view.ViewRootImpl@33f02fe: frame = [0,0][1080,2400] reportDraw = false forceLayout = false syncSeqId = 0
07-16 10:15:42.376 D/InsetsController(11082): onStateChanged: InsetsState: {mDisplayFrame=Rect(0, 0 - 1080, 2400), mDisplayCutout=DisplayCutout{insets=Rect(0, 88 - 0, 0) waterfall=Insets{left=0, top=0, right=0, bottom=0} boundingRect={Bounds=[Rect(0, 0 - 0, 0), Rect(512, 0 - 568, 88), Rect(0, 0 - 0, 0), Rect(0, 0 - 0, 0)]} cutoutPathParserInfo={CutoutPathParserInfo{displayWidth=1080 displayHeight=2400 physicalDisplayWidth=1080 physicalDisplayHeight=2400 density={2.625} cutoutSpec={M 0,0 M 0,12.25101276465640 a 10.60613009248640,10.60613009248640 0 1,0 0,21.21226018497290 a 10.60613009248640,10.60613009248640 0 1,0 0,-21.21226018497290 Z @dp} rotation={0} scale={1.0} physicalPixelDisplaySizeRatio={1.0}}}}, mRoundedCorners=RoundedCorners{[RoundedCorner{position=TopLeft, radius=84, center=Point(84, 84)}, RoundedCorner{position=TopRight, radius=84, center=Point(996, 84)}, RoundedCorner{position=BottomRight, radius=84, center=Point(996, 2316)}, RoundedCorner{position=BottomLeft, radius=84, center=Point(84, 2316)}]}  mRoundedCornerFrame=Rect(0, 0 - 1080, 2400), mPrivacyIndicatorBounds=PrivacyIndicatorBounds {static bounds=Rect(964, 0 - 1080, 88) rotation=0}, mSources= { InsetsSource: {mType=ITYPE_STATUS_BAR, mFrame=[0,0][1080,88], mVisible=false, mInsetsRoundedCornerFrame=false}, InsetsSource: {mType=ITYPE_NAVIGATION_BAR, mFrame=[0,2274][1080,2400], mVisible=true, mInsetsRoundedCornerFrame=false}, InsetsSource: {mType=ITYPE_LEFT_GESTURES, mFrame=[0,0][0,2400], mVisible=true, mInsetsRoundedCornerFrame=false}, InsetsSource: {mType=ITYPE_RIGHT_GESTURES, mFrame=[1080,0][1080,2400], mVisible=true, mInsetsRoundedCornerFrame=false}, InsetsSource: {mType=ITYPE_TOP_MANDATORY_GESTURES, mFrame=[0,0][1080,120], mVisible=true, mInsetsRoundedCornerFrame=false}, InsetsSource: {mType=ITYPE_BOTTOM_MANDATORY_GESTURES, mFrame=[0,2274][1080,2400], mVisible=true, mInsetsRoundedCornerFrame=false}, InsetsSource: {mType=ITYPE_LEFT_DISPLAY_CUTOUT, mFrame=[0,0][-100000,2400], mVisible=true, mInsetsRoundedCornerFrame=false}, InsetsSource: {mType=ITYPE_TOP_DISPLAY_CUTOUT, mFrame=[0,0][1080,88], mVisible=true, mInsetsRoundedCornerFrame=false}, InsetsSource: {mType=ITYPE_RIGHT_DISPLAY_CUTOUT, mFrame=[100000,0][1080,2400], mVisible=true, mInsetsRoundedCornerFrame=false}, InsetsSource: {mType=ITYPE_BOTTOM_DISPLAY_CUTOUT, mFrame=[0,100000][1080,2400], mVisible=true, mInsetsRoundedCornerFrame=false}, InsetsSource: {mType=ITYPE_TOP_TAPPABLE_ELEMENT, mFrame=[0,0][1080,88], mVisible=true, mInsetsRoundedCornerFrame=false}, InsetsSource: {mType=ITYPE_BOTTOM_TAPPABLE_ELEMENT, mFrame=[0,2274][1080,2400], mVisible=true, mInsetsRoundedCornerFrame=false}, InsetsSource: {mType=ITYPE_IME, mFrame=[0,0][0,0], mVisibleFrame=[0,1499][1080,2400], mVisible=false, mInsetsRoundedCornerFrame=false} } host=app.comaps.fdroid.debug/app.organicmaps.help.HelpActivity from=android.view.ViewRootImpl$ViewRootHandler.handleMessageImpl:6727
07-16 10:15:42.377 I/ViewRootImpl@426bdb2[HelpActivity](11082): handleResized, msg = 4 frames=ClientWindowFrames{frame=[0,0][1080,2400] display=[0,0][1080,2400] parentFrame=[0,0][0,0] parentClippedByDisplayCutout=false} forceNextWindowRelayout=false displayId=0 resizeMode=-1 frameChanged=false displayFrameChanged=false configChanged=false displayChanged=false
07-16 10:15:42.742 D/InputTransport(11082): Input channel destroyed: 'ClientS', fd=293
07-16 10:15:43.058 D/LocationState(11082): (main) LocationHelper.java:99 onSatelliteStatusChanged(): total = 6 used = 3 fixed = true
07-16 10:15:43.245 D/LocationState(11082): (main) LocationHelper.java:272 updateProviderDecision(): Selected: fused, with acc. 11.897
07-16 10:15:43.246 D/LocationState(11082): (main) LocationHelper.java:216 onLocationChanged(): provider = AndroidNativeProvider location = Location[fused 43.447733,-3.645386 hAcc=11.897 et=+12d16h14m34s279ms alt=138.20001220703125 vAcc=1.3453312 vel=0.28759664 sAcc=1.5 bear=187.0154 bAcc=180.0]
07-16 10:15:43.819 D/LocationState(11082): (main) LocationHelper.java:216 onLocationChanged(): provider = AndroidNativeProvider location = Location[fused 43.447732,-3.645387 hAcc=12.146 et=+12d16h14m34s859ms alt=138.20001220703125 vAcc=1.3453312 vel=0.22911032 sAcc=1.5 bear=202.83873 bAcc=180.0]
07-16 10:15:44.099 D/LocationState(11082): (main) LocationHelper.java:99 onSatelliteStatusChanged(): total = 6 used = 4 fixed = true
07-16 10:15:45.061 D/LocationState(11082): (main) LocationHelper.java:99 onSatelliteStatusChanged(): total = 6 used = 4 fixed = true
07-16 10:15:45.106 D/LocationState(11082): (main) LocationHelper.java:83 onFirstFix(): ttffMillis = 52388
07-16 10:15:45.222 D/LocationState(11082): (main) LocationHelper.java:216 onLocationChanged(): provider = AndroidNativeProvider location = Location[fused 43.447731,-3.645374 hAcc=12.647 et=+12d16h14m36s133ms alt=138.20001220703125 vAcc=1.4310827 vel=3.4963186 sAcc=10.810274 bear=91.32853 bAcc=180.0]
07-16 10:15:46.085 D/LocationState(11082): (main) LocationHelper.java:99 onSatelliteStatusChanged(): total = 6 used = 4 fixed = true
07-16 10:15:46.126 D/LocationState(11082): (main) LocationHelper.java:216 onLocationChanged(): provider = AndroidNativeProvider location = Location[fused 43.447738,-3.645338 hAcc=14.861 et=+12d16h14m37s153ms alt=138.20001220703125 vAcc=1.1219488 vel=4.793616 sAcc=8.744746 bear=86.687546 bAcc=180.0]
07-16 10:15:47.055 D/LocationState(11082): (main) LocationHelper.java:99 onSatelliteStatusChanged(): total = 6 used = 4 fixed = true
07-16 10:15:47.095 D/LocationState(11082): (main) LocationHelper.java:272 updateProviderDecision(): Selected: fused, with acc. 14.332
07-16 10:15:47.098 D/LocationState(11082): (main) LocationHelper.java:216 onLocationChanged(): provider = AndroidNativeProvider location = Location[fused 43.447746,-3.645298 hAcc=17.674 et=+12d16h14m38s130ms alt=138.20001220703125 vAcc=1.1317222 vel=5.8176045 sAcc=9.328246 bear=85.442535 bAcc=180.0]
07-16 10:15:48.061 D/LocationState(11082): (main) LocationHelper.java:99 onSatelliteStatusChanged(): total = 6 used = 4 fixed = true
07-16 10:15:48.109 D/LocationState(11082): (main) LocationHelper.java:216 onLocationChanged(): provider = AndroidNativeProvider location = Location[fused 43.447783,-3.645282 hAcc=20.468 et=+12d16h14m39s128ms alt=138.20001220703125 vAcc=1.1417054 vel=5.412873 sAcc=9.690601 bear=32.261864 bAcc=114.671364]
07-16 10:15:49.063 D/LocationState(11082): (main) LocationHelper.java:99 onSatelliteStatusChanged(): total = 7 used = 4 fixed = true
07-16 10:15:49.095 D/LocationState(11082): (main) LocationHelper.java:216 onLocationChanged(): provider = AndroidNativeProvider location = Location[fused 43.447815,-3.645311 hAcc=25.981 et=+12d16h14m40s127ms alt=138.20001220703125 vAcc=1.1516871 vel=5.333146 sAcc=9.467314 bear=357.10934 bAcc=105.34455]
07-16 10:15:50.103 D/LocationState(11082): (main) LocationHelper.java:99 onSatelliteStatusChanged(): total = 7 used = 4 fixed = true
07-16 10:15:50.147 D/LocationState(11082): (main) LocationHelper.java:272 updateProviderDecision(): Selected: fused, with acc. 26.664667
07-16 10:15:50.149 D/LocationState(11082): (main) LocationHelper.java:216 onLocationChanged(): provider = AndroidNativeProvider location = Location[fused 43.447846,-3.645358 hAcc=33.545 et=+12d16h14m41s177ms alt=138.20001220703125 vAcc=1.1621907 vel=6.0437875 sAcc=9.091132 bear=338.44775 bAcc=103.37849]
07-16 10:15:51.063 D/LocationState(11082): (main) LocationHelper.java:99 onSatelliteStatusChanged(): total = 7 used = 4 fixed = true
07-16 10:15:51.098 D/LocationState(11082): (main) LocationHelper.java:216 onLocationChanged(): provider = AndroidNativeProvider location = Location[fused 43.447863,-3.645407 hAcc=38.018 et=+12d16h14m42s132ms alt=138.20001220703125 vAcc=1.1717432 vel=6.595308 sAcc=9.711926 bear=327.8536 bAcc=99.32095]
07-16 10:15:52.058 D/LocationState(11082): (main) LocationHelper.java:99 onSatelliteStatusChanged(): total = 7 used = 4 fixed = true
07-16 10:15:52.095 D/LocationState(11082): (main) LocationHelper.java:216 onLocationChanged(): provider = AndroidNativeProvider location = Location[fused 43.447878,-3.645455 hAcc=42.473 et=+12d16h14m43s130ms alt=138.20001220703125 vAcc=1.1817231 vel=6.999492 sAcc=9.40372 bear=321.67398 bAcc=90.54241]
07-16 10:15:53.058 D/LocationState(11082): (main) LocationHelper.java:99 onSatelliteStatusChanged(): total = 7 used = 4 fixed = true
07-16 10:15:53.100 D/LocationState(11082): (main) LocationHelper.java:216 onLocationChanged(): provider = AndroidNativeProvider location = Location[fused 43.447887,-3.645500 hAcc=43.029 et=+12d16h14m44s136ms alt=138.20001220703125 vAcc=1.1917782 vel=6.841939 sAcc=9.409371 bear=315.11148 bAcc=86.60677]
07-16 10:15:54.078 D/LocationState(11082): (main) LocationHelper.java:99 onSatelliteStatusChanged(): total = 7 used = 4 fixed = true
07-16 10:15:54.128 D/LocationState(11082): (main) LocationHelper.java:272 updateProviderDecision(): Selected: fused, with acc. 41.645
07-16 10:15:54.130 D/LocationState(11082): (main) LocationHelper.java:216 onLocationChanged(): provider = AndroidNativeProvider location = Location[fused 43.447889,-3.645537 hAcc=43.06 et=+12d16h14m45s164ms alt=138.20001220703125 vAcc=1.2020562 vel=6.3701057 sAcc=8.761238 bear=312.33044 bAcc=86.61264]
07-16 10:15:55.049 D/LocationState(11082): (main) LocationHelper.java:99 onSatelliteStatusChanged(): total = 7 used = 4 fixed = true
07-16 10:15:55.078 D/LocationState(11082): (main) LocationHelper.java:216 onLocationChanged(): provider = AndroidNativeProvider location = Location[fused 43.447804,-3.645432 hAcc=36.4 et=+12d16h14m46s123ms alt=138.20001220703125 vAcc=1.0565135 vel=5.00531 sAcc=8.187038 bear=331.65265 bAcc=112.049385]
07-16 10:15:55.823 I/ViewRootImpl@426bdb2[HelpActivity](11082): handleAppVisibility mAppVisible = true visible = false
07-16 10:15:55.845 D/OpenGLRenderer(11082): setSurface called with nullptr
07-16 10:15:55.845 D/OpenGLRenderer(11082): setSurface() destroyed EGLSurface
07-16 10:15:55.846 D/OpenGLRenderer(11082): destroyEglSurface
07-16 10:15:55.850 I/ViewRootImpl@426bdb2[HelpActivity](11082): performTraversals mFirst=false windowShouldResize=false viewVisibilityChanged=true mForceNextWindowRelayout=false params=null
07-16 10:15:55.863 I/ViewRootImpl@426bdb2[HelpActivity](11082): Relayout returned: old=(0,0,1080,2400) new=(0,0,1080,2400) req=(1080,2400)8 dur=9 res=0x2 s={false 0x0} ch=true seqId=0
07-16 10:15:55.868 D/MwmActivity(11082): (main) MwmActivity.java:2573 onTrimMemory(): trim memory, level = 20
07-16 10:15:55.876 I/CoMapsDebug(11082): map/framework.cpp:1241 MemoryWarning () - MemoryWarning
07-16 10:15:55.878 I/OMcore  (11082): (main) map/framework.cpp:1241 MemoryWarning(): MemoryWarning
07-16 10:15:56.067 D/OpenGLRenderer(11082): setSurface called with nullptr
07-16 10:15:56.069 D/InputTransport(11082): Input channel destroyed: 'ClientS', fd=341
07-16 10:15:56.069 D/InputTransport(11082): Input channel destroyed: 'ClientS', fd=130
07-16 10:15:56.069 D/InputTransport(11082): Input channel destroyed: 'ClientS', fd=138
07-16 10:15:56.779 I/ViewRootImpl@426bdb2[HelpActivity](11082): stopped(true) old = false
07-16 10:15:56.780 I/ViewRootImpl@426bdb2[HelpActivity](11082): WindowStopped on app.comaps.fdroid.debug/app.organicmaps.help.HelpActivity set to true
07-16 10:15:56.785 D/MwmApplication(11082): (main) MwmApplication.java:221 onBackground(): 
07-16 10:15:56.786 I/LocationState(11082): (main) MwmApplication.java:235 onBackground(): Stopping location in the background
07-16 10:15:56.788 I/LocationState(11082): (main) LocationHelper.java:459 stop(): 
07-16 10:15:56.790 D/AndroidNativeProvider(11082): (main) AndroidNativeProvider.java:128 stop(): 
07-16 10:15:56.798 D/SensorHelper(11082): (main) SensorHelper.java:152 stop(): 
07-16 10:15:56.805 D/SensorManager(11082): unregisterListener
07-16 10:15:56.817 D/MwmApplication(11082): (main) MwmApplication.java:203 onActivitySaveInstanceState(): activity = app.organicmaps.help.HelpActivity@ff2522e outState = Bundle[{android:viewHierarchyState=Bundle[{android:views={16908290=android.view.AbsSavedState$1@3bf91cd, 2131296314=android.view.AbsSavedState$1@3bf91cd, 2131296325=android.view.AbsSavedState$1@3bf91cd, 2131296663=android.view.AbsSavedState$1@3bf91cd, 2131297263=androidx.appcompat.widget.Toolbar$SavedState@833be3a}}], android:lastAutofillId=1073741823, android:fragments=android.app.FragmentManagerState@cd9daeb}]
07-16 10:15:56.824 I/MSHandlerLifeCycle(11082): removeMultiSplitHandler: no exist. decor=DecorView@4a67906[HelpActivity]
07-16 10:16:02.143 I/ViewRootImpl@426bdb2[HelpActivity](11082): handleAppVisibility mAppVisible = false visible = true
07-16 10:16:02.152 I/ViewRootImpl@426bdb2[HelpActivity](11082): stopped(false) old = true
07-16 10:16:02.152 I/ViewRootImpl@426bdb2[HelpActivity](11082): WindowStopped on app.comaps.fdroid.debug/app.organicmaps.help.HelpActivity set to false
07-16 10:16:02.165 D/MwmApplication(11082): (main) MwmApplication.java:214 onForeground(): 
07-16 10:16:02.167 I/LocationState(11082): (main) LocationHelper.java:432 start(): 
07-16 10:16:02.173 D/SensorHelper(11082): (main) SensorHelper.java:144 start(): 
07-16 10:16:02.183 D/SensorManager(11082): registerListener :: 1936879478, Samsung Rotation Vector Sensor, 66667, 0, 
07-16 10:16:02.184 I/LocationState(11082): (main) LocationHelper.java:440 start(): provider = AndroidNativeProvider mInFirstRun = false oldInterval = 500 interval = 500
07-16 10:16:02.184 D/AndroidNativeProvider(11082): (main) AndroidNativeProvider.java:80 start(): 
07-16 10:16:02.185 D/AndroidNativeProvider(11082): (main) AndroidNativeProvider.java:116 start(): Request Android native provider 'fused' to get locations at this interval = 500 ms
07-16 10:16:02.194 I/MSHandlerLifeCycle(11082): removeMultiSplitHandler: no exist. decor=DecorView@4a67906[HelpActivity]
07-16 10:16:02.195 I/ViewRootImpl@426bdb2[HelpActivity](11082): performTraversals mFirst=false windowShouldResize=false viewVisibilityChanged=true mForceNextWindowRelayout=false params=null
07-16 10:16:02.211 I/ViewRootImpl@426bdb2[HelpActivity](11082): updateBlastSurfaceIfNeeded mBlastBufferQueue=null isSameSurfaceControl=false
07-16 10:16:02.212 I/BLASTBufferQueue(11082): new BLASTBufferQueue, mName= ViewRootImpl@426bdb2[HelpActivity] mNativeObject= 0xd75fc080 sc.mNativeObject= 0xdd1c0670 caller= android.view.ViewRootImpl.updateBlastSurfaceIfNeeded:2909 android.view.ViewRootImpl.relayoutWindow:9847 android.view.ViewRootImpl.performTraversals:3884 android.view.ViewRootImpl.doTraversal:3116 android.view.ViewRootImpl$TraversalRunnable.run:10885 android.view.Choreographer$CallbackRecord.run:1301 android.view.Choreographer$CallbackRecord.run:1309 android.view.Choreographer.doCallbacks:923 android.view.Choreographer.doFrame:852 android.view.Choreographer$FrameDisplayEventReceiver.run:1283 
07-16 10:16:02.212 I/ViewRootImpl@426bdb2[HelpActivity](11082): Resizing android.view.ViewRootImpl@33f02fe: frame = [0,0][1080,2400] reportDraw = true forceLayout = false syncSeqId = 0
07-16 10:16:02.213 I/BLASTBufferQueue(11082): update, w= 1080 h= 2400 mName = ViewRootImpl@426bdb2[HelpActivity] mNativeObject= 0xd75fc080 sc.mNativeObject= 0xdd1c0670 format= -1 caller= android.graphics.BLASTBufferQueue.<init>:84 android.view.ViewRootImpl.updateBlastSurfaceIfNeeded:2909 android.view.ViewRootImpl.relayoutWindow:9847 android.view.ViewRootImpl.performTraversals:3884 android.view.ViewRootImpl.doTraversal:3116 android.view.ViewRootImpl$TraversalRunnable.run:10885 
07-16 10:16:02.215 I/ViewRootImpl@426bdb2[HelpActivity](11082): Relayout returned: old=(0,0,1080,2400) new=(0,0,1080,2400) req=(1080,2400)0 dur=16 res=0x3 s={true 0xe937f000} ch=true seqId=0
07-16 10:16:02.216 I/ViewRootImpl@426bdb2[HelpActivity](11082): mThreadedRenderer.initialize() mSurface={isValid=true 0xe937f000} hwInitialized=true
07-16 10:16:02.216 D/OpenGLRenderer(11082): eglCreateWindowSurface
07-16 10:16:02.217 I/ViewRootImpl@426bdb2[HelpActivity](11082): reportNextDraw android.view.ViewRootImpl.performTraversals:4438 android.view.ViewRootImpl.doTraversal:3116 android.view.ViewRootImpl$TraversalRunnable.run:10885 android.view.Choreographer$CallbackRecord.run:1301 android.view.Choreographer$CallbackRecord.run:1309 
07-16 10:16:02.217 I/ViewRootImpl@426bdb2[HelpActivity](11082): Setup new sync id=1
07-16 10:16:02.217 I/ViewRootImpl@426bdb2[HelpActivity](11082): Setting syncFrameCallback
07-16 10:16:02.218 I/ViewRootImpl@426bdb2[HelpActivity](11082): registerCallbacksForSync syncBuffer=false
07-16 10:16:02.248 I/ViewRootImpl@426bdb2[HelpActivity](11082): Received frameDrawingCallback syncResult=0 frameNum=1.
07-16 10:16:02.248 I/ViewRootImpl@426bdb2[HelpActivity](11082): Setting up sync and frameCommitCallback
07-16 10:16:02.256 I/BLASTBufferQueue(11082): [ViewRootImpl@426bdb2[HelpActivity]#19](f:0,a:0) onFrameAvailable the first frame is available
07-16 10:16:02.257 I/ViewRootImpl@426bdb2[HelpActivity](11082): Received frameCommittedCallback lastAttemptedDrawFrameNum=1 didProduceBuffer=true
07-16 10:16:02.257 I/ViewRootImpl@426bdb2[HelpActivity](11082): onSyncComplete
07-16 10:16:02.258 I/ViewRootImpl@426bdb2[HelpActivity](11082): setupSync seqId=0 mSyncId=1 fn=1 caller=android.view.ViewRootImpl$$ExternalSyntheticLambda11.accept:6 android.window.SurfaceSyncer.lambda$setupSync$1$android-window-SurfaceSyncer:128 android.window.SurfaceSyncer$$ExternalSyntheticLambda1.accept:8 android.window.SurfaceSyncer$SyncSet.checkIfSyncIsComplete:382 android.window.SurfaceSyncer$SyncSet.markSyncReady:359 android.window.SurfaceSyncer.markSyncReady:151 android.view.ViewRootImpl.performTraversals:4503 
07-16 10:16:02.258 W/onAccuracyChanged(11082): Sensor android.sensor.rotation_vector has changed accuracy to 3
07-16 10:16:02.258 I/ViewRootImpl@426bdb2[HelpActivity](11082): reportDrawFinished seqId=0 mSyncId=-1 fn=1 mSurfaceChangedTransaction=0xde18dee0
07-16 10:16:02.259 I/ViewRootImpl@426bdb2[HelpActivity](11082): handleResized, msg = 5 frames=ClientWindowFrames{frame=[0,0][1080,2400] display=[0,0][1080,2400] parentFrame=[0,0][0,0] parentClippedByDisplayCutout=false} forceNextWindowRelayout=false displayId=0 resizeMode=-1 frameChanged=false displayFrameChanged=false configChanged=false displayChanged=false
07-16 10:16:02.259 I/ViewRootImpl@426bdb2[HelpActivity](11082): handleResized mSyncSeqId = 0
07-16 10:16:02.259 I/ViewRootImpl@426bdb2[HelpActivity](11082): reportNextDraw android.view.ViewRootImpl.handleResized:2450 android.view.ViewRootImpl.-$$Nest$mhandleResized:0 android.view.ViewRootImpl$ViewRootHandler.handleMessageImpl:6728 android.view.ViewRootImpl$ViewRootHandler.handleMessage:6697 android.os.Handler.dispatchMessage:106 
07-16 10:16:02.260 D/LocationState(11082): (main) LocationHelper.java:71 onStarted(): 
07-16 10:16:02.264 I/ViewRootImpl@426bdb2[HelpActivity](11082): Setup new sync id=2
07-16 10:16:02.264 I/ViewRootImpl@426bdb2[HelpActivity](11082): Setting syncFrameCallback
07-16 10:16:02.264 I/ViewRootImpl@426bdb2[HelpActivity](11082): registerCallbacksForSync syncBuffer=false
07-16 10:16:02.266 I/ViewRootImpl@426bdb2[HelpActivity](11082): Received frameDrawingCallback syncResult=0 frameNum=2.
07-16 10:16:02.266 I/ViewRootImpl@426bdb2[HelpActivity](11082): Setting up sync and frameCommitCallback
07-16 10:16:02.267 I/ViewRootImpl@426bdb2[HelpActivity](11082): Received frameCommittedCallback lastAttemptedDrawFrameNum=2 didProduceBuffer=false
07-16 10:16:02.268 I/BLASTBufferQueue(11082): syncNextTransaction, mName= ViewRootImpl@426bdb2[HelpActivity] acquireSingleBuffer= true mNativeObject= 0xd75fc080 callback= null caller= android.graphics.BLASTBufferQueue.syncNextTransaction:147 android.view.ViewRootImpl$12.lambda$onFrameDraw$0$android-view-ViewRootImpl$12:13399 android.view.ViewRootImpl$12$$ExternalSyntheticLambda1.onFrameCommit:9 android.view.ThreadedRenderer$1.lambda$onFrameDraw$0:813 android.view.ThreadedRenderer$1$$ExternalSyntheticLambda0.onFrameCommit:2 <bottom of call stack> 
07-16 10:16:02.269 I/BLASTBufferQueue(11082): [ViewRootImpl@426bdb2[HelpActivity]#19](f:0,a:1) syncNextTransaction callback: 0, acquireSingleBuffer: 1, mTransactionReadyCallback: 0
07-16 10:16:02.269 I/BLASTBufferQueue(11082): gatherPendingTransactions, mName= ViewRootImpl@426bdb2[HelpActivity] mNativeObject= 0xd75fc080 frameNumber= 2 caller= android.view.ViewRootImpl$12.lambda$onFrameDraw$0$android-view-ViewRootImpl$12:13406 android.view.ViewRootImpl$12$$ExternalSyntheticLambda1.onFrameCommit:9 android.view.ThreadedRenderer$1.lambda$onFrameDraw$0:813 android.view.ThreadedRenderer$1$$ExternalSyntheticLambda0.onFrameCommit:2 <bottom of call stack> <bottom of call stack> 
07-16 10:16:02.271 I/ViewRootImpl@426bdb2[HelpActivity](11082): onSyncComplete
07-16 10:16:02.271 I/ViewRootImpl@426bdb2[HelpActivity](11082): setupSync seqId=0 mSyncId=2 fn=2 caller=android.view.ViewRootImpl$$ExternalSyntheticLambda11.accept:6 android.window.SurfaceSyncer.lambda$setupSync$1$android-window-SurfaceSyncer:128 android.window.SurfaceSyncer$$ExternalSyntheticLambda1.accept:8 android.window.SurfaceSyncer$SyncSet.checkIfSyncIsComplete:382 android.window.SurfaceSyncer$SyncSet.markSyncReady:359 android.window.SurfaceSyncer.markSyncReady:151 android.view.ViewRootImpl.performTraversals:4503 
07-16 10:16:02.272 I/ViewRootImpl@426bdb2[HelpActivity](11082): reportDrawFinished seqId=0 mSyncId=-1 fn=2 mSurfaceChangedTransaction=0xde18dee0
07-16 10:16:02.867 D/LocationState(11082): (main) LocationHelper.java:99 onSatelliteStatusChanged(): total = 3 used = 3 fixed = true
07-16 10:16:03.854 D/LocationState(11082): (main) LocationHelper.java:99 onSatelliteStatusChanged(): total = 3 used = 3 fixed = true
07-16 10:16:04.250 D/MwmActivity(11082): (main) MwmActivity.java:2573 onTrimMemory(): trim memory, level = 20
07-16 10:16:04.251 I/CoMapsDebug(11082): map/framework.cpp:1241 MemoryWarning () - MemoryWarning
07-16 10:16:04.252 I/OMcore  (11082): (main) map/framework.cpp:1241 MemoryWarning(): MemoryWarning
07-16 10:16:04.497 I/ViewRootImpl@426bdb2[HelpActivity](11082): handleAppVisibility mAppVisible = true visible = false
07-16 10:16:04.515 D/OpenGLRenderer(11082): setSurface called with nullptr
07-16 10:16:04.515 D/OpenGLRenderer(11082): setSurface() destroyed EGLSurface
07-16 10:16:04.515 D/OpenGLRenderer(11082): destroyEglSurface
07-16 10:16:04.516 I/ViewRootImpl@426bdb2[HelpActivity](11082): performTraversals mFirst=false windowShouldResize=false viewVisibilityChanged=true mForceNextWindowRelayout=false params=null
07-16 10:16:04.525 I/ViewRootImpl@426bdb2[HelpActivity](11082): Relayout returned: old=(0,0,1080,2400) new=(0,0,1080,2400) req=(1080,2400)8 dur=7 res=0x2 s={false 0x0} ch=true seqId=0
07-16 10:16:06.185 D/LocationState(11082): (main) LocationHelper.java:272 updateProviderDecision(): Selected: fused, with acc. 29.987
07-16 10:16:06.188 D/LocationState(11082): (main) LocationHelper.java:216 onLocationChanged(): provider = AndroidNativeProvider location = Location[fused 43.447752,-3.645396 hAcc=23.574 et=+12d16h14m57s64ms alt=138.20001220703125 vAcc=1.0 vel=0.17891678 sAcc=1.5 bear=149.31541 bAcc=45.0]
07-16 10:16:08.848 D/MwmActivity(11082): (main) MwmActivity.java:2573 onTrimMemory(): trim memory, level = 40
07-16 10:16:08.850 I/CoMapsDebug(11082): map/framework.cpp:1241 MemoryWarning () - MemoryWarning
07-16 10:16:08.851 I/OMcore  (11082): (main) map/framework.cpp:1241 MemoryWarning(): MemoryWarning
07-16 10:16:09.311 I/ViewRootImpl@426bdb2[HelpActivity](11082): stopped(true) old = false
07-16 10:16:09.312 I/ViewRootImpl@426bdb2[HelpActivity](11082): WindowStopped on app.comaps.fdroid.debug/app.organicmaps.help.HelpActivity set to true
07-16 10:16:09.368 D/MwmApplication(11082): (main) MwmApplication.java:221 onBackground(): 
07-16 10:16:09.379 I/LocationState(11082): (main) MwmApplication.java:235 onBackground(): Stopping location in the background
07-16 10:16:09.382 I/LocationState(11082): (main) LocationHelper.java:459 stop(): 
07-16 10:16:09.407 D/AndroidNativeProvider(11082): (main) AndroidNativeProvider.java:128 stop(): 
07-16 10:16:09.461 D/SensorHelper(11082): (main) SensorHelper.java:152 stop(): 
07-16 10:16:09.505 D/SensorManager(11082): unregisterListener
07-16 10:16:09.539 I/MSHandlerLifeCycle(11082): removeMultiSplitHandler: no exist. decor=DecorView@4a67906[HelpActivity]
07-16 10:16:15.795 I/ViewRootImpl@426bdb2[HelpActivity](11082): handleAppVisibility mAppVisible = false visible = true
07-16 10:16:15.843 I/ViewRootImpl@426bdb2[HelpActivity](11082): stopped(false) old = true
07-16 10:16:15.844 I/ViewRootImpl@426bdb2[HelpActivity](11082): WindowStopped on app.comaps.fdroid.debug/app.organicmaps.help.HelpActivity set to false
07-16 10:16:15.863 D/MwmApplication(11082): (main) MwmApplication.java:214 onForeground(): 
07-16 10:16:15.872 I/LocationState(11082): (main) LocationHelper.java:432 start(): 
07-16 10:16:15.875 D/SensorHelper(11082): (main) SensorHelper.java:144 start(): 
07-16 10:16:15.885 D/SensorManager(11082): registerListener :: 1936879478, Samsung Rotation Vector Sensor, 66667, 0, 
07-16 10:16:15.888 I/LocationState(11082): (main) LocationHelper.java:440 start(): provider = AndroidNativeProvider mInFirstRun = false oldInterval = 500 interval = 500
07-16 10:16:15.890 D/AndroidNativeProvider(11082): (main) AndroidNativeProvider.java:80 start(): 
07-16 10:16:15.892 D/AndroidNativeProvider(11082): (main) AndroidNativeProvider.java:116 start(): Request Android native provider 'fused' to get locations at this interval = 500 ms
07-16 10:16:15.908 I/MSHandlerLifeCycle(11082): removeMultiSplitHandler: no exist. decor=DecorView@4a67906[HelpActivity]
07-16 10:16:16.002 I/ViewRootImpl@426bdb2[HelpActivity](11082): stopped(false) old = false
07-16 10:16:16.004 D/MwmApplication(11082): (main) MwmApplication.java:183 onActivityResumed(): activity = app.organicmaps.help.HelpActivity@ff2522e
07-16 10:16:16.005 I/Utils   (11082): (main) Utils.java:95 showOnLockScreen(): showOnLockScreen = false window = com.android.internal.policy.PhoneWindow@949dd5a
07-16 10:16:16.006 I/SensorHelper(11082): (main) SensorHelper.java:94 setRotation(): rotation = 0
07-16 10:16:16.011 I/MSHandlerLifeCycle(11082): removeMultiSplitHandler: no exist. decor=DecorView@4a67906[HelpActivity]
07-16 10:16:16.013 W/onAccuracyChanged(11082): Sensor android.sensor.rotation_vector has changed accuracy to 3
07-16 10:16:16.016 I/ViewRootImpl@426bdb2[HelpActivity](11082): performTraversals mFirst=false windowShouldResize=false viewVisibilityChanged=true mForceNextWindowRelayout=false params=null
07-16 10:16:16.038 D/InsetsController(11082): onStateChanged: InsetsState: {mDisplayFrame=Rect(0, 0 - 1080, 2400), mDisplayCutout=DisplayCutout{insets=Rect(0, 88 - 0, 0) waterfall=Insets{left=0, top=0, right=0, bottom=0} boundingRect={Bounds=[Rect(0, 0 - 0, 0), Rect(512, 0 - 568, 88), Rect(0, 0 - 0, 0), Rect(0, 0 - 0, 0)]} cutoutPathParserInfo={CutoutPathParserInfo{displayWidth=1080 displayHeight=2400 physicalDisplayWidth=1080 physicalDisplayHeight=2400 density={2.625} cutoutSpec={M 0,0 M 0,12.25101276465640 a 10.60613009248640,10.60613009248640 0 1,0 0,21.21226018497290 a 10.60613009248640,10.60613009248640 0 1,0 0,-21.21226018497290 Z @dp} rotation={0} scale={1.0} physicalPixelDisplaySizeRatio={1.0}}}}, mRoundedCorners=RoundedCorners{[RoundedCorner{position=TopLeft, radius=84, center=Point(84, 84)}, RoundedCorner{position=TopRight, radius=84, center=Point(996, 84)}, RoundedCorner{position=BottomRight, radius=84, center=Point(996, 2316)}, RoundedCorner{position=BottomLeft, radius=84, center=Point(84, 2316)}]}  mRoundedCornerFrame=Rect(0, 0 - 1080, 2400), mPrivacyIndicatorBounds=PrivacyIndicatorBounds {static bounds=Rect(964, 0 - 1080, 88) rotation=0}, mSources= { InsetsSource: {mType=ITYPE_STATUS_BAR, mFrame=[0,0][1080,88], mVisible=true, mInsetsRoundedCornerFrame=false}, InsetsSource: {mType=ITYPE_NAVIGATION_BAR, mFrame=[0,2274][1080,2400], mVisible=true, mInsetsRoundedCornerFrame=false}, InsetsSource: {mType=ITYPE_LEFT_GESTURES, mFrame=[0,0][0,2400], mVisible=true, mInsetsRoundedCornerFrame=false}, InsetsSource: {mType=ITYPE_RIGHT_GESTURES, mFrame=[1080,0][1080,2400], mVisible=true, mInsetsRoundedCornerFrame=false}, InsetsSource: {mType=ITYPE_TOP_MANDATORY_GESTURES, mFrame=[0,0][1080,120], mVisible=true, mInsetsRoundedCornerFrame=false}, InsetsSource: {mType=ITYPE_BOTTOM_MANDATORY_GESTURES, mFrame=[0,2274][1080,2400], mVisible=true, mInsetsRoundedCornerFrame=false}, InsetsSource: {mType=ITYPE_LEFT_DISPLAY_CUTOUT, mFrame=[0,0][-100000,2400], mVisible=true, mInsetsRoundedCornerFrame=false}, InsetsSource: {mType=ITYPE_TOP_DISPLAY_CUTOUT, mFrame=[0,0][1080,88], mVisible=true, mInsetsRoundedCornerFrame=false}, InsetsSource: {mType=ITYPE_RIGHT_DISPLAY_CUTOUT, mFrame=[100000,0][1080,2400], mVisible=true, mInsetsRoundedCornerFrame=false}, InsetsSource: {mType=ITYPE_BOTTOM_DISPLAY_CUTOUT, mFrame=[0,100000][1080,2400], mVisible=true, mInsetsRoundedCornerFrame=false}, InsetsSource: {mType=ITYPE_TOP_TAPPABLE_ELEMENT, mFrame=[0,0][1080,88], mVisible=true, mInsetsRoundedCornerFrame=false}, InsetsSource: {mType=ITYPE_BOTTOM_TAPPABLE_ELEMENT, mFrame=[0,2274][1080,2400], mVisible=true, mInsetsRoundedCornerFrame=false}, InsetsSource: {mType=ITYPE_IME, mFrame=[0,0][0,0], mVisibleFrame=[0,1499][1080,2400], mVisible=false, mInsetsRoundedCornerFrame=false} } host=app.comaps.fdroid.debug/app.organicmaps.help.HelpActivity from=android.view.ViewRootImpl.relayoutWindow:9802
07-16 10:16:16.039 I/ViewRootImpl@426bdb2[HelpActivity](11082): updateBlastSurfaceIfNeeded mBlastBufferQueue=null isSameSurfaceControl=false
07-16 10:16:16.047 I/BLASTBufferQueue(11082): new BLASTBufferQueue, mName= ViewRootImpl@426bdb2[HelpActivity] mNativeObject= 0xd75fc080 sc.mNativeObject= 0xe905c330 caller= android.view.ViewRootImpl.updateBlastSurfaceIfNeeded:2909 android.view.ViewRootImpl.relayoutWindow:9847 android.view.ViewRootImpl.performTraversals:3884 android.view.ViewRootImpl.doTraversal:3116 android.view.ViewRootImpl$TraversalRunnable.run:10885 android.view.Choreographer$CallbackRecord.run:1301 android.view.Choreographer$CallbackRecord.run:1309 android.view.Choreographer.doCallbacks:923 android.view.Choreographer.doFrame:852 android.view.Choreographer$FrameDisplayEventReceiver.run:1283 
07-16 10:16:16.047 I/BLASTBufferQueue(11082): update, w= 1080 h= 2400 mName = ViewRootImpl@426bdb2[HelpActivity] mNativeObject= 0xd75fc080 sc.mNativeObject= 0xe905c330 format= -1 caller= android.graphics.BLASTBufferQueue.<init>:84 android.view.ViewRootImpl.updateBlastSurfaceIfNeeded:2909 android.view.ViewRootImpl.relayoutWindow:9847 android.view.ViewRootImpl.performTraversals:3884 android.view.ViewRootImpl.doTraversal:3116 android.view.ViewRootImpl$TraversalRunnable.run:10885 
07-16 10:16:16.059 I/ViewRootImpl@426bdb2[HelpActivity](11082): Relayout returned: old=(0,0,1080,2400) new=(0,0,1080,2400) req=(1080,2400)0 dur=23 res=0x3 s={true 0xe937f000} ch=true seqId=0
07-16 10:16:16.075 I/ViewRootImpl@426bdb2[HelpActivity](11082): mThreadedRenderer.initialize() mSurface={isValid=true 0xe937f000} hwInitialized=true
07-16 10:16:16.076 I/ViewRootImpl@426bdb2[HelpActivity](11082): reportNextDraw android.view.ViewRootImpl.performTraversals:4438 android.view.ViewRootImpl.doTraversal:3116 android.view.ViewRootImpl$TraversalRunnable.run:10885 android.view.Choreographer$CallbackRecord.run:1301 android.view.Choreographer$CallbackRecord.run:1309 
07-16 10:16:16.076 I/ViewRootImpl@426bdb2[HelpActivity](11082): Setup new sync id=3
07-16 10:16:16.077 I/ViewRootImpl@426bdb2[HelpActivity](11082): Setting syncFrameCallback
07-16 10:16:16.077 I/ViewRootImpl@426bdb2[HelpActivity](11082): registerCallbacksForSync syncBuffer=false
07-16 10:16:16.096 D/OpenGLRenderer(11082): eglCreateWindowSurface
07-16 10:16:16.147 I/ViewRootImpl@426bdb2[HelpActivity](11082): Received frameDrawingCallback syncResult=0 frameNum=1.
07-16 10:16:16.147 I/ViewRootImpl@426bdb2[HelpActivity](11082): Setting up sync and frameCommitCallback
07-16 10:16:16.191 I/BLASTBufferQueue(11082): [ViewRootImpl@426bdb2[HelpActivity]#20](f:0,a:0) onFrameAvailable the first frame is available
07-16 10:16:16.194 I/ViewRootImpl@426bdb2[HelpActivity](11082): Received frameCommittedCallback lastAttemptedDrawFrameNum=1 didProduceBuffer=true
07-16 10:16:16.197 I/ViewRootImpl@426bdb2[HelpActivity](11082): onSyncComplete
07-16 10:16:16.198 I/ViewRootImpl@426bdb2[HelpActivity](11082): setupSync seqId=0 mSyncId=3 fn=1 caller=android.view.ViewRootImpl$$ExternalSyntheticLambda11.accept:6 android.window.SurfaceSyncer.lambda$setupSync$1$android-window-SurfaceSyncer:128 android.window.SurfaceSyncer$$ExternalSyntheticLambda1.accept:8 android.window.SurfaceSyncer$SyncSet.checkIfSyncIsComplete:382 android.window.SurfaceSyncer$SyncSet.markSyncReady:359 android.window.SurfaceSyncer.markSyncReady:151 android.view.ViewRootImpl.performTraversals:4503 
07-16 10:16:16.199 I/ViewRootImpl@426bdb2[HelpActivity](11082): reportDrawFinished seqId=0 mSyncId=-1 fn=1 mSurfaceChangedTransaction=0xde18dee0
07-16 10:16:16.202 D/LocationState(11082): (main) LocationHelper.java:71 onStarted(): 
07-16 10:16:16.424 I/ViewRootImpl@426bdb2[HelpActivity](11082): MSG_WINDOW_FOCUS_CHANGED 1 0
07-16 10:16:16.424 I/ViewRootImpl@426bdb2[HelpActivity](11082): mThreadedRenderer.initializeIfNeeded()#2 mSurface={isValid=true 0xe937f000}
07-16 10:16:16.428 D/InputMethodManager(11082): startInputInner - Id : 0
07-16 10:16:16.428 I/InputMethodManager(11082): startInputInner - mService.startInputOrWindowGainedFocus
07-16 10:16:16.625 D/LocationState(11082): (main) LocationHelper.java:99 onSatelliteStatusChanged(): total = 3 used = 3 fixed = true
07-16 10:16:17.617 D/LocationState(11082): (main) LocationHelper.java:99 onSatelliteStatusChanged(): total = 3 used = 3 fixed = true
07-16 10:16:18.067 D/LocationState(11082): (main) LocationHelper.java:99 onSatelliteStatusChanged(): total = 3 used = 3 fixed = true
07-16 10:16:18.172 D/MwmApplication(11082): (main) MwmApplication.java:192 onActivityPaused(): activity = app.organicmaps.help.HelpActivity@ff2522e
07-16 10:16:18.184 I/ViewRootImpl@426bdb2[HelpActivity](11082): MSG_WINDOW_FOCUS_CHANGED 0 0
07-16 10:16:18.415 D/InputTransport(11082): Input channel destroyed: 'ClientS', fd=123
07-16 10:16:18.621 I/ViewRootImpl@426bdb2[HelpActivity](11082): handleAppVisibility mAppVisible = true visible = false
07-16 10:16:18.637 D/OpenGLRenderer(11082): setSurface called with nullptr
07-16 10:16:18.637 D/OpenGLRenderer(11082): setSurface() destroyed EGLSurface
07-16 10:16:18.638 D/OpenGLRenderer(11082): destroyEglSurface
07-16 10:16:18.642 I/ViewRootImpl@426bdb2[HelpActivity](11082): performTraversals mFirst=false windowShouldResize=false viewVisibilityChanged=true mForceNextWindowRelayout=false params=null
07-16 10:16:18.660 I/ViewRootImpl@426bdb2[HelpActivity](11082): Relayout returned: old=(0,0,1080,2400) new=(0,0,1080,2400) req=(1080,2400)8 dur=8 res=0x2 s={false 0x0} ch=true seqId=0
07-16 10:16:18.664 D/MwmActivity(11082): (main) MwmActivity.java:2573 onTrimMemory(): trim memory, level = 20
07-16 10:16:18.669 I/CoMapsDebug(11082): map/framework.cpp:1241 MemoryWarning () - MemoryWarning
07-16 10:16:18.670 I/OMcore  (11082): (main) map/framework.cpp:1241 MemoryWarning(): MemoryWarning
07-16 10:16:18.678 D/MwmActivity(11082): (main) MwmActivity.java:2573 onTrimMemory(): trim memory, level = 40
07-16 10:16:18.688 I/CoMapsDebug(11082): map/framework.cpp:1241 MemoryWarning () - MemoryWarning
07-16 10:16:18.689 I/OMcore  (11082): (main) map/framework.cpp:1241 MemoryWarning(): MemoryWarning
07-16 10:16:18.698 I/ViewRootImpl@426bdb2[HelpActivity](11082): stopped(true) old = false
07-16 10:16:18.698 I/ViewRootImpl@426bdb2[HelpActivity](11082): WindowStopped on app.comaps.fdroid.debug/app.organicmaps.help.HelpActivity set to true
07-16 10:16:18.704 D/MwmApplication(11082): (main) MwmApplication.java:203 onActivitySaveInstanceState(): activity = app.organicmaps.help.HelpActivity@ff2522e outState = Bundle[{android:viewHierarchyState=Bundle[{android:views={16908290=android.view.AbsSavedState$1@3bf91cd, 2131296314=android.view.AbsSavedState$1@3bf91cd, 2131296325=android.view.AbsSavedState$1@3bf91cd, 2131296663=android.view.AbsSavedState$1@3bf91cd, 2131297263=androidx.appcompat.widget.Toolbar$SavedState@973bf7f}}], android:lastAutofillId=1073741823, android:fragments=android.app.FragmentManagerState@5db6b4c}]
07-16 10:16:18.731 I/MSHandlerLifeCycle(11082): removeMultiSplitHandler: no exist. decor=DecorView@4a67906[HelpActivity]
07-16 10:16:18.876 D/MwmApplication(11082): (main) MwmApplication.java:221 onBackground(): 
07-16 10:16:18.887 I/LocationState(11082): (main) MwmApplication.java:235 onBackground(): Stopping location in the background
07-16 10:16:18.895 I/LocationState(11082): (main) LocationHelper.java:459 stop(): 
07-16 10:16:18.897 D/AndroidNativeProvider(11082): (main) AndroidNativeProvider.java:128 stop(): 
07-16 10:16:18.916 D/SensorHelper(11082): (main) SensorHelper.java:152 stop(): 
07-16 10:16:18.930 D/SensorManager(11082): unregisterListener
07-16 10:26:09.189 D/SurfaceView@45f0173(11082): updateSurface: surface is not valid
07-16 10:26:09.190 I/SurfaceView@45f0173(11082): releaseSurfaces: viewRoot = ViewRootImpl@5a60db7[MwmActivity]
07-16 10:26:09.195 I/SurfaceView@45f0173(11082): applyTransactionOnVriDraw: vri = ViewRootImpl@5a60db7[MwmActivity] fRS = true t = 0xea440720 android.view.SurfaceView.releaseSurfaces:858 android.view.SurfaceView.updateSurface:998 android.view.SurfaceView.lambda$new$0$android-view-SurfaceView:200 
07-16 10:26:09.198 I/SurfaceView@45f0173(11082): applyTransactionOnVriDraw: viewRoot.applyTransactionOnDrawFromReleaseSurfaces
07-16 10:26:09.198 I/ViewRootImpl@5a60db7[MwmActivity](11082): from releaseSurfaces t.apply t = 0xea440720
07-16 10:30:15.729 D/SurfaceView@45f0173(11082): updateSurface: surface is not valid
07-16 10:30:15.729 I/SurfaceView@45f0173(11082): releaseSurfaces: viewRoot = ViewRootImpl@5a60db7[MwmActivity]
07-16 10:30:15.731 I/SurfaceView@45f0173(11082): applyTransactionOnVriDraw: vri = ViewRootImpl@5a60db7[MwmActivity] fRS = true t = 0xea441b20 android.view.SurfaceView.releaseSurfaces:858 android.view.SurfaceView.updateSurface:998 android.view.SurfaceView.lambda$new$0$android-view-SurfaceView:200 
07-16 10:30:15.731 I/SurfaceView@45f0173(11082): applyTransactionOnVriDraw: viewRoot.applyTransactionOnDrawFromReleaseSurfaces
07-16 10:30:15.731 I/ViewRootImpl@5a60db7[MwmActivity](11082): from releaseSurfaces t.apply t = 0xea441b20
07-16 10:35:16.758 D/SurfaceView@45f0173(11082): updateSurface: surface is not valid
07-16 10:35:16.778 I/SurfaceView@45f0173(11082): releaseSurfaces: viewRoot = ViewRootImpl@5a60db7[MwmActivity]
07-16 10:35:16.835 I/SurfaceView@45f0173(11082): applyTransactionOnVriDraw: vri = ViewRootImpl@5a60db7[MwmActivity] fRS = true t = 0xeb77bf00 android.view.SurfaceView.releaseSurfaces:858 android.view.SurfaceView.updateSurface:998 android.view.SurfaceView.lambda$new$0$android-view-SurfaceView:200 
07-16 10:35:16.838 I/SurfaceView@45f0173(11082): applyTransactionOnVriDraw: viewRoot.applyTransactionOnDrawFromReleaseSurfaces
07-16 10:35:16.839 I/ViewRootImpl@5a60db7[MwmActivity](11082): from releaseSurfaces t.apply t = 0xeb77bf00
07-16 10:50:12.664 I/ps.fdroid.debug(27287): Late-enabling -Xcheck:jni
07-16 10:50:12.870 I/ps.fdroid.debug(27287): Using non-generational CollectorTypeCC GC.
07-16 10:50:13.004 D/nativeloader(27287): Load libframework-connectivity-tiramisu-jni.so using APEX ns com_android_tethering for caller /apex/com.android.tethering/javalib/framework-connectivity-t.jar: ok
07-16 10:50:13.041 D/ActivityThread(27287): setConscryptValidator
07-16 10:50:13.043 D/ActivityThread(27287): setConscryptValidator - put
07-16 10:50:13.169 D/nativeloader(27287): Load libstats_jni.so using APEX ns com_android_os_statsd for caller /apex/com.android.os.statsd/javalib/framework-statsd.jar: ok
07-16 10:50:13.174 D/CompatibilityChangeReporter(27287): Compat change id reported: 171979766; UID 10451; state: ENABLED
07-16 10:50:13.704 D/nativeloader(27287): Configuring clns-4 for other apk /data/app/~~PYa1VxiRgPYCwa1bvrt0Xg==/app.comaps.fdroid.debug-MJO_yC3gfzRxpjU7zakTlQ==/base.apk. target_sdk_version=36, uses_libraries=, library_path=/data/app/~~PYa1VxiRgPYCwa1bvrt0Xg==/app.comaps.fdroid.debug-MJO_yC3gfzRxpjU7zakTlQ==/lib/arm:/data/app/~~PYa1VxiRgPYCwa1bvrt0Xg==/app.comaps.fdroid.debug-MJO_yC3gfzRxpjU7zakTlQ==/base.apk!/lib/armeabi-v7a, permitted_path=/data:/mnt/expand:/data/user/0/app.comaps.fdroid.debug
07-16 10:50:13.748 D/nativeloader(27287): Load libframework-connectivity-jni.so using APEX ns com_android_tethering for caller /apex/com.android.tethering/javalib/framework-connectivity.jar: ok
07-16 10:50:13.772 V/GraphicsEnvironment(27287): ANGLE Developer option for 'app.comaps.fdroid.debug' set to: 'default'
07-16 10:50:13.773 V/GraphicsEnvironment(27287): ANGLE GameManagerService for app.comaps.fdroid.debug: false
07-16 10:50:13.773 V/GraphicsEnvironment(27287): Neither updatable production driver nor prerelease driver is supported.
07-16 10:50:13.788 D/NetworkSecurityConfig(27287): Using Network Security Config from resource network_security_config debugBuild: true
07-16 10:50:13.886 D/NetworkSecurityConfig(27287): Using Network Security Config from resource network_security_config debugBuild: true
07-16 10:50:14.026 D/WM-WrkMgrInitializer(27287): Initializing WorkManager with default configuration.
07-16 10:50:14.150 D/WM-PackageManagerHelper(27287): Skipping component enablement for androidx.work.impl.background.systemjob.SystemJobService
07-16 10:50:14.150 D/WM-Schedulers(27287): Created SystemJobScheduler and enabled SystemJobService
07-16 10:50:14.228 D/WM-ForceStopRunnable(27287): The default process name was not specified.
07-16 10:50:14.231 D/WM-ForceStopRunnable(27287): Performing cleanup operations.
07-16 10:50:14.277 I/LogsManager(27287): Logging started
07-16 10:50:14.278 I/MwmApplication(27287): (main) MwmApplication.java:129 onCreate(): Initializing application
07-16 10:50:14.374 D/CompatibilityChangeReporter(27287): Compat change id reported: 160794467; UID 10451; state: ENABLED
07-16 10:50:14.431 D/nativeloader(27287): Load /data/app/~~PYa1VxiRgPYCwa1bvrt0Xg==/app.comaps.fdroid.debug-MJO_yC3gfzRxpjU7zakTlQ==/lib/arm/liborganicmaps.so using class loader ns clns-4 (caller=/data/app/~~PYa1VxiRgPYCwa1bvrt0Xg==/app.comaps.fdroid.debug-MJO_yC3gfzRxpjU7zakTlQ==/base.apk!classes2.dex): ok
07-16 10:50:14.435 D/OrganicMaps(27287): (main) OrganicMaps.java:95 <init>(): Settings path = /data/user/0/app.comaps.fdroid.debug/files/
07-16 10:50:14.449 I/CoMapsDebug(27287): platform/string_storage_base.cpp:25 StringStorageBase () - Settings path: /data/user/0/app.comaps.fdroid.debug/files/settings.ini
07-16 10:50:14.449 I/OMcore  (27287): (main) platform/string_storage_base.cpp:25 StringStorageBase(): Settings path: /data/user/0/app.comaps.fdroid.debug/files/settings.ini
07-16 10:50:14.456 I/CoMapsDebug(27287): platform/string_storage_base.cpp:43 StringStorageBase () - AGPSTimestamp : 1784189434470
07-16 10:50:14.456 I/OMcore  (27287): (main) platform/string_storage_base.cpp:43 StringStorageBase(): AGPSTimestamp : 1784189434470
07-16 10:50:14.457 I/CoMapsDebug(27287): platform/string_storage_base.cpp:43 StringStorageBase () - IsolinesEnabled : false
07-16 10:50:14.457 I/OMcore  (27287): (main) platform/string_storage_base.cpp:43 StringStorageBase(): IsolinesEnabled : false
07-16 10:50:14.457 I/CoMapsDebug(27287): platform/string_storage_base.cpp:43 StringStorageBase () - LastEnterBackground : 1784189778.93
07-16 10:50:14.457 I/OMcore  (27287): (main) platform/string_storage_base.cpp:43 StringStorageBase(): LastEnterBackground : 1784189778.93
07-16 10:50:14.457 I/CoMapsDebug(27287): platform/string_storage_base.cpp:43 StringStorageBase () - LastLocationStateMode : NotFollow
07-16 10:50:14.457 I/OMcore  (27287): (main) platform/string_storage_base.cpp:43 StringStorageBase(): LastLocationStateMode : NotFollow
07-16 10:50:14.457 I/CoMapsDebug(27287): platform/string_storage_base.cpp:43 StringStorageBase () - LocationRequested : true
07-16 10:50:14.457 I/OMcore  (27287): (main) platform/string_storage_base.cpp:43 StringStorageBase(): LocationRequested : true
07-16 10:50:14.457 I/CoMapsDebug(27287): platform/string_storage_base.cpp:43 StringStorageBase () - MapStyleKeyV1 : MapStyleDefaultLight
07-16 10:50:14.458 I/OMcore  (27287): (main) platform/string_storage_base.cpp:43 StringStorageBase(): MapStyleKeyV1 : MapStyleDefaultLight
07-16 10:50:14.458 I/CoMapsDebug(27287): platform/string_storage_base.cpp:43 StringStorageBase () - OutdoorsEnabled : false
07-16 10:50:14.458 I/OMcore  (27287): (main) platform/string_storage_base.cpp:43 StringStorageBase(): OutdoorsEnabled : false
07-16 10:50:14.458 I/CoMapsDebug(27287): platform/string_storage_base.cpp:43 StringStorageBase () - ScreenClipRect : -3.69162094279 48.3077620081 0 -0.0747794501854 -0.166176555967 0.0747794501854 0.166176555967
07-16 10:50:14.458 I/OMcore  (27287): (main) platform/string_storage_base.cpp:43 StringStorageBase(): ScreenClipRect : -3.69162094279 48.3077620081 0 -0.0747794501854 -0.166176555967 0.0747794501854 0.166176555967
07-16 10:50:14.458 I/CoMapsDebug(27287): platform/string_storage_base.cpp:43 StringStorageBase () - StoragePath : /storage/emulated/0/Android/data/app.comaps.fdroid.debug/files/
07-16 10:50:14.458 I/OMcore  (27287): (main) platform/string_storage_base.cpp:43 StringStorageBase(): StoragePath : /storage/emulated/0/Android/data/app.comaps.fdroid.debug/files/
07-16 10:50:14.458 I/CoMapsDebug(27287): platform/string_storage_base.cpp:43 StringStorageBase () - TtsEnabled : true
07-16 10:50:14.458 I/OMcore  (27287): (main) platform/string_storage_base.cpp:43 StringStorageBase(): TtsEnabled : true
07-16 10:50:14.458 I/CoMapsDebug(27287): platform/string_storage_base.cpp:43 StringStorageBase () - TtsLanguage : en
07-16 10:50:14.459 I/OMcore  (27287): (main) platform/string_storage_base.cpp:43 StringStorageBase(): TtsLanguage : en
07-16 10:50:14.459 I/CoMapsDebug(27287): platform/string_storage_base.cpp:43 StringStorageBase () - US_FirstLaunch : 1783803359
07-16 10:50:14.459 I/OMcore  (27287): (main) platform/string_storage_base.cpp:43 StringStorageBase(): US_FirstLaunch : 1783803359
07-16 10:50:14.459 I/CoMapsDebug(27287): platform/string_storage_base.cpp:43 StringStorageBase () - US_LastBackground : 1784189778
07-16 10:50:14.459 I/OMcore  (27287): (main) platform/string_storage_base.cpp:43 StringStorageBase(): US_LastBackground : 1784189778
07-16 10:50:14.459 I/CoMapsDebug(27287): platform/string_storage_base.cpp:43 StringStorageBase () - US_SessionsCount : 22
07-16 10:50:14.459 I/OMcore  (27287): (main) platform/string_storage_base.cpp:43 StringStorageBase(): US_SessionsCount : 22
07-16 10:50:14.459 I/CoMapsDebug(27287): platform/string_storage_base.cpp:43 StringStorageBase () - US_TotalForeground : 964
07-16 10:50:14.459 I/OMcore  (27287): (main) platform/string_storage_base.cpp:43 StringStorageBase(): US_TotalForeground : 964
07-16 10:50:14.459 I/CoMapsDebug(27287): platform/string_storage_base.cpp:43 StringStorageBase () - Units : Metric
07-16 10:50:14.459 I/OMcore  (27287): (main) platform/string_storage_base.cpp:43 StringStorageBase(): Units : Metric
07-16 10:50:14.460 I/CoMapsDebug(27287): platform/string_storage_base.cpp:43 StringStorageBase () - avoid_routing_options_car : 44
07-16 10:50:14.460 I/OMcore  (27287): (main) platform/string_storage_base.cpp:43 StringStorageBase(): avoid_routing_options_car : 44
07-16 10:50:14.460 I/CoMapsDebug(27287): platform/string_storage_base.cpp:43 StringStorageBase () - avoid_routing_options_pedestrian : 32
07-16 10:50:14.460 I/OMcore  (27287): (main) platform/string_storage_base.cpp:43 StringStorageBase(): avoid_routing_options_pedestrian : 32
07-16 10:50:14.460 I/CoMapsDebug(27287): platform/string_storage_base.cpp:43 StringStorageBase () - router : pedestrian
07-16 10:50:14.460 I/OMcore  (27287): (main) platform/string_storage_base.cpp:43 StringStorageBase(): router : pedestrian
07-16 10:50:14.469 I/LogsManager(27287): Init file logging
07-16 10:50:14.469 I/LogsManager(27287): isFileLoggingEnabled preference: true
07-16 10:50:14.480 I/LogsManager(27287): Logging to logs folder /storage/emulated/0/Android/data/app.comaps.fdroid.debug/files/logs
07-16 10:50:14.495 D/WM-PackageManagerHelper(27287): Skipping component enablement for androidx.work.impl.background.systemalarm.RescheduleReceiver
07-16 10:50:14.539 D/GmsApiAvailability(27287): As we can't know right now if the later desired feature is available, we just pretend it to be.
07-16 10:50:14.540 D/LocationProviderFactoryImpl(27287): (main) LocationProviderFactoryImpl.java:31 getProvider(): Use native provider
07-16 10:50:14.572 I/NavigationService(27287): (main) NavigationService.java:113 createNotificationChannel(): 
07-16 10:50:14.628 D/OpenGLRenderer(27287): RenderThread::requireGlContext()
07-16 10:50:14.670 W/ps.fdroid.debug(27287): Monitor::Inflate: Install failed 0x71a6e8f0
07-16 10:50:14.821 D/OpenGLRenderer(27287): RenderThread::setGrContext()
07-16 10:50:14.850 I/DecorView(27287): [INFO] isPopOver=false config=true
07-16 10:50:14.850 I/DecorView(27287): updateCaptionType: isFloating=false isApplication=true hasWindowDecorCaption=false this=DecorView@b9ea0d4[]
07-16 10:50:14.852 D/DecorView(27287): setCaptionType = 0, this = DecorView@b9ea0d4[]
07-16 10:50:14.890 I/DecorView(27287): getCurrentDensityDpi: from real metrics. densityDpi=420 msg=resources_loaded
07-16 10:50:14.890 I/DecorView(27287): setWindowBackground: isPopOver=false color=ff588157 d=android.graphics.drawable.ColorDrawable@2d39572
07-16 10:50:14.919 I/ps.fdroid.debug(27287): hiddenapi: Accessing hidden method Landroid/view/ViewGroup;->makeOptionalFitsSystemWindows()V (runtime_flags=0, domain=platform, api=unsupported) from Landroidx/appcompat/widget/ViewUtils; (domain=app, TargetSdkVersion=36) using reflection: allowed
07-16 10:50:14.946 D/CompatibilityChangeReporter(27287): Compat change id reported: 210923482; UID 10451; state: ENABLED
07-16 10:50:15.003 W/ps.fdroid.debug(27287): Monitor::Inflate: Install failed 0x71a6a558
07-16 10:50:15.007 D/MwmApplication(27287): (main) MwmApplication.java:183 onActivityResumed(): activity = app.organicmaps.SplashActivity@acf8e0e
07-16 10:50:15.020 I/Utils   (27287): (main) Utils.java:95 showOnLockScreen(): showOnLockScreen = false window = com.android.internal.policy.PhoneWindow@fabc88
07-16 10:50:15.021 I/SensorHelper(27287): (main) SensorHelper.java:94 setRotation(): rotation = 0
07-16 10:50:15.027 I/MSHandlerLifeCycle(27287): check: return. pkg=app.comaps.fdroid.debug parent=null callers=com.android.internal.policy.DecorView.setVisibility:4412 android.app.ActivityThread.handleResumeActivity:5476 android.app.servertransaction.ResumeActivityItem.execute:54 android.app.servertransaction.ActivityTransactionItem.execute:45 android.app.servertransaction.TransactionExecutor.executeLifecycleState:176 
07-16 10:50:15.027 I/MSHandlerLifeCycle(27287): removeMultiSplitHandler: no exist. decor=DecorView@b9ea0d4[]
07-16 10:50:15.068 D/NativeCustomFrequencyManager(27287): [NativeCFMS] BpCustomFrequencyManager::BpCustomFrequencyManager()
07-16 10:50:15.090 D/InsetsController(27287): onStateChanged: InsetsState: {mDisplayFrame=Rect(0, 0 - 1080, 2400), mDisplayCutout=DisplayCutout{insets=Rect(0, 88 - 0, 0) waterfall=Insets{left=0, top=0, right=0, bottom=0} boundingRect={Bounds=[Rect(0, 0 - 0, 0), Rect(512, 0 - 568, 88), Rect(0, 0 - 0, 0), Rect(0, 0 - 0, 0)]} cutoutPathParserInfo={CutoutPathParserInfo{displayWidth=1080 displayHeight=2400 physicalDisplayWidth=1080 physicalDisplayHeight=2400 density={2.625} cutoutSpec={M 0,0 M 0,12.25101276465640 a 10.60613009248640,10.60613009248640 0 1,0 0,21.21226018497290 a 10.60613009248640,10.60613009248640 0 1,0 0,-21.21226018497290 Z @dp} rotation={0} scale={1.0} physicalPixelDisplaySizeRatio={1.0}}}}, mRoundedCorners=RoundedCorners{[RoundedCorner{position=TopLeft, radius=84, center=Point(84, 84)}, RoundedCorner{position=TopRight, radius=84, center=Point(996, 84)}, RoundedCorner{position=BottomRight, radius=84, center=Point(996, 2316)}, RoundedCorner{position=BottomLeft, radius=84, center=Point(84, 2316)}]}  mRoundedCornerFrame=Rect(0, 0 - 1080, 2400), mPrivacyIndicatorBounds=PrivacyIndicatorBounds {static bounds=Rect(964, 0 - 1080, 88) rotation=0}, mSources= { InsetsSource: {mType=ITYPE_STATUS_BAR, mFrame=[0,0][1080,88], mVisible=true, mInsetsRoundedCornerFrame=false}, InsetsSource: {mType=ITYPE_NAVIGATION_BAR, mFrame=[0,2274][1080,2400], mVisible=true, mInsetsRoundedCornerFrame=false}, InsetsSource: {mType=ITYPE_LEFT_GESTURES, mFrame=[0,0][0,2400], mVisible=true, mInsetsRoundedCornerFrame=false}, InsetsSource: {mType=ITYPE_RIGHT_GESTURES, mFrame=[1080,0][1080,2400], mVisible=true, mInsetsRoundedCornerFrame=false}, InsetsSource: {mType=ITYPE_TOP_MANDATORY_GESTURES, mFrame=[0,0][1080,120], mVisible=true, mInsetsRoundedCornerFrame=false}, InsetsSource: {mType=ITYPE_BOTTOM_MANDATORY_GESTURES, mFrame=[0,2274][1080,2400], mVisible=true, mInsetsRoundedCornerFrame=false}, InsetsSource: {mType=ITYPE_LEFT_DISPLAY_CUTOUT, mFrame=[0,0][-100000,2400], mVisible=true, mInsetsRoundedCornerFrame=false}, InsetsSource: {mType=ITYPE_TOP_DISPLAY_CUTOUT, mFrame=[0,0][1080,88], mVisible=true, mInsetsRoundedCornerFrame=false}, InsetsSource: {mType=ITYPE_RIGHT_DISPLAY_CUTOUT, mFrame=[100000,0][1080,2400], mVisible=true, mInsetsRoundedCornerFrame=false}, InsetsSource: {mType=ITYPE_BOTTOM_DISPLAY_CUTOUT, mFrame=[0,100000][1080,2400], mVisible=true, mInsetsRoundedCornerFrame=false}, InsetsSource: {mType=ITYPE_TOP_TAPPABLE_ELEMENT, mFrame=[0,0][1080,88], mVisible=true, mInsetsRoundedCornerFrame=false}, InsetsSource: {mType=ITYPE_BOTTOM_TAPPABLE_ELEMENT, mFrame=[0,2274][1080,2400], mVisible=true, mInsetsRoundedCornerFrame=false}, InsetsSource: {mType=ITYPE_IME, mFrame=[0,0][0,0], mVisibleFrame=[0,1499][1080,2400], mVisible=false, mInsetsRoundedCornerFrame=false} } host=app.comaps.fdroid.debug/app.organicmaps.DownloadResourcesActivity from=android.view.ViewRootImpl.setView:1732
07-16 10:50:15.118 I/ViewRootImpl@8f2b4d2[DownloadResourcesActivity](27287): setView = com.android.internal.policy.DecorView@b9ea0d4 TM=true
07-16 10:50:15.138 I/MSHandlerLifeCycle(27287): removeMultiSplitHandler: no exist. decor=DecorView@b9ea0d4[DownloadResourcesActivity]
07-16 10:50:15.213 I/ViewRootImpl@8f2b4d2[DownloadResourcesActivity](27287): performTraversals params={(0,0)(fillxfill) sim={adjust=pan forwardNavigation} ty=BASE_APPLICATION wanim=0x1030309
07-16 10:50:15.213 I/ViewRootImpl@8f2b4d2[DownloadResourcesActivity](27287):   fl=81810100
07-16 10:50:15.213 I/ViewRootImpl@8f2b4d2[DownloadResourcesActivity](27287):   pfl=12020040
07-16 10:50:15.213 I/ViewRootImpl@8f2b4d2[DownloadResourcesActivity](27287):   bhv=DEFAULT
07-16 10:50:15.213 I/ViewRootImpl@8f2b4d2[DownloadResourcesActivity](27287):   fitSides= naviIconColor=0}
07-16 10:50:15.218 I/ViewRootImpl@8f2b4d2[DownloadResourcesActivity](27287): performTraversals mFirst=true windowShouldResize=true viewVisibilityChanged=false mForceNextWindowRelayout=false params={(0,0)(fillxfill) sim={adjust=pan forwardNavigation} ty=BASE_APPLICATION wanim=0x1030309
07-16 10:50:15.218 I/ViewRootImpl@8f2b4d2[DownloadResourcesActivity](27287):   fl=81810100
07-16 10:50:15.218 I/ViewRootImpl@8f2b4d2[DownloadResourcesActivity](27287):   pfl=12020040
07-16 10:50:15.218 I/ViewRootImpl@8f2b4d2[DownloadResourcesActivity](27287):   bhv=DEFAULT
07-16 10:50:15.218 I/ViewRootImpl@8f2b4d2[DownloadResourcesActivity](27287):   fitSides= naviIconColor=0}
07-16 10:50:15.242 I/ViewRootImpl@8f2b4d2[DownloadResourcesActivity](27287): updateBlastSurfaceIfNeeded mBlastBufferQueue=null isSameSurfaceControl=false
07-16 10:50:15.247 I/BLASTBufferQueue(27287): new BLASTBufferQueue, mName= ViewRootImpl@8f2b4d2[DownloadResourcesActivity] mNativeObject= 0xe9f12c00 sc.mNativeObject= 0xe9f9c130 caller= android.view.ViewRootImpl.updateBlastSurfaceIfNeeded:2909 android.view.ViewRootImpl.relayoutWindow:9847 android.view.ViewRootImpl.performTraversals:3884 android.view.ViewRootImpl.doTraversal:3116 android.view.ViewRootImpl$TraversalRunnable.run:10885 android.view.Choreographer$CallbackRecord.run:1301 android.view.Choreographer$CallbackRecord.run:1309 android.view.Choreographer.doCallbacks:923 android.view.Choreographer.doFrame:852 android.view.Choreographer$FrameDisplayEventReceiver.run:1283 
07-16 10:50:15.248 I/BLASTBufferQueue(27287): update, w= 1080 h= 2400 mName = ViewRootImpl@8f2b4d2[DownloadResourcesActivity] mNativeObject= 0xe9f12c00 sc.mNativeObject= 0xe9f9c130 format= -1 caller= android.graphics.BLASTBufferQueue.<init>:84 android.view.ViewRootImpl.updateBlastSurfaceIfNeeded:2909 android.view.ViewRootImpl.relayoutWindow:9847 android.view.ViewRootImpl.performTraversals:3884 android.view.ViewRootImpl.doTraversal:3116 android.view.ViewRootImpl$TraversalRunnable.run:10885 
07-16 10:50:15.251 I/ViewRootImpl@8f2b4d2[DownloadResourcesActivity](27287): Relayout returned: old=(0,0,1080,2400) new=(0,0,1080,2400) req=(1080,2400)0 dur=24 res=0x3 s={true 0xebceec00} ch=true seqId=0
07-16 10:50:15.255 I/ViewRootImpl@8f2b4d2[DownloadResourcesActivity](27287): mThreadedRenderer.initialize() mSurface={isValid=true 0xebceec00} hwInitialized=true
07-16 10:50:15.260 I/ViewRootImpl@8f2b4d2[DownloadResourcesActivity](27287): reportNextDraw android.view.ViewRootImpl.performTraversals:4438 android.view.ViewRootImpl.doTraversal:3116 android.view.ViewRootImpl$TraversalRunnable.run:10885 android.view.Choreographer$CallbackRecord.run:1301 android.view.Choreographer$CallbackRecord.run:1309 
07-16 10:50:15.261 I/ViewRootImpl@8f2b4d2[DownloadResourcesActivity](27287): Setup new sync id=0
07-16 10:50:15.261 I/ViewRootImpl@8f2b4d2[DownloadResourcesActivity](27287): Setting syncFrameCallback
07-16 10:50:15.261 I/ViewRootImpl@8f2b4d2[DownloadResourcesActivity](27287): registerCallbacksForSync syncBuffer=false
07-16 10:50:15.265 D/OpenGLRenderer(27287): eglCreateWindowSurface
07-16 10:50:15.280 I/Gralloc4(27287): mapper 4.x is not supported
07-16 10:50:15.280 I/ViewRootImpl@8f2b4d2[DownloadResourcesActivity](27287): Received frameDrawingCallback syncResult=0 frameNum=1.
07-16 10:50:15.280 I/ViewRootImpl@8f2b4d2[DownloadResourcesActivity](27287): Setting up sync and frameCommitCallback
07-16 10:50:15.281 W/Gralloc3(27287): mapper 3.x is not supported
07-16 10:50:15.298 I/gralloc (27287): Arm Module v1.0
07-16 10:50:15.308 W/Gralloc4(27287): allocator 4.x is not supported
07-16 10:50:15.310 W/Gralloc3(27287): allocator 3.x is not supported
07-16 10:50:15.586 I/BLASTBufferQueue(27287): [ViewRootImpl@8f2b4d2[DownloadResourcesActivity]#0](f:0,a:0) onFrameAvailable the first frame is available
07-16 10:50:15.587 I/ViewRootImpl@8f2b4d2[DownloadResourcesActivity](27287): Received frameCommittedCallback lastAttemptedDrawFrameNum=1 didProduceBuffer=true
07-16 10:50:15.588 D/OpenGLRenderer(27287): CFMS:: SetUp Pid : 27287    Tid : 27393
07-16 10:50:15.599 I/ViewRootImpl@8f2b4d2[DownloadResourcesActivity](27287): onSyncComplete
07-16 10:50:15.600 I/ViewRootImpl@8f2b4d2[DownloadResourcesActivity](27287): setupSync seqId=0 mSyncId=0 fn=1 caller=android.view.ViewRootImpl$$ExternalSyntheticLambda11.accept:6 android.window.SurfaceSyncer.lambda$setupSync$1$android-window-SurfaceSyncer:128 android.window.SurfaceSyncer$$ExternalSyntheticLambda1.accept:8 android.window.SurfaceSyncer$SyncSet.checkIfSyncIsComplete:382 android.window.SurfaceSyncer$SyncSet.markSyncReady:359 android.window.SurfaceSyncer.markSyncReady:151 android.view.ViewRootImpl.performTraversals:4503 
07-16 10:50:15.600 I/ViewRootImpl@8f2b4d2[DownloadResourcesActivity](27287): reportDrawFinished seqId=0 mSyncId=-1 fn=1 mSurfaceChangedTransaction=0xea184a40
07-16 10:50:15.607 D/OrganicMaps(27287): (main) OrganicMaps.java:154 initNativePlatform(): Apk path = /data/app/~~PYa1VxiRgPYCwa1bvrt0Xg==/app.comaps.fdroid.debug-MJO_yC3gfzRxpjU7zakTlQ==/base.apk
07-16 10:50:15.611 I/StoragePathManager(27287): (main) StoragePathManager.java:255 scanAvailableStorages(): Currently configured storage: /storage/emulated/0/Android/data/app.comaps.fdroid.debug/files/
07-16 10:50:15.611 I/StoragePathManager(27287): (main) StoragePathManager.java:257 scanAvailableStorages(): Begin scanning storages
07-16 10:50:15.628 D/StorageUtils(27287): (main) StorageUtils.java:33 isDirWritable(): Checking for writability /storage/emulated/0/Android/data/app.comaps.fdroid.debug/files
07-16 10:50:15.634 I/StoragePathManager(27287): (main) StoragePathManager.java:245 addStorageOption(): Accepted /storage/emulated/0/Android/data/app.comaps.fdroid.debug/files/ - currently configured, external, 30497648640 available of 119489409024 bytes, emulated, state=mounted, primary, label='Internal shared storage'
07-16 10:50:15.637 D/StorageUtils(27287): (main) StorageUtils.java:33 isDirWritable(): Checking for writability /data/data/app.comaps.fdroid.debug/files
07-16 10:50:15.641 I/StoragePathManager(27287): (main) StoragePathManager.java:245 addStorageOption(): Accepted /data/data/app.comaps.fdroid.debug/files/ - internal, 30497648640 available of 119489409024 bytes
07-16 10:50:15.641 I/StoragePathManager(27287): (main) StoragePathManager.java:271 scanAvailableStorages(): End scanning storages
07-16 10:50:15.652 I/StoragePathManager(27287): (main) StoragePathManager.java:339 findMapsStorage(): Found map files at the currently configured /storage/emulated/0/Android/data/app.comaps.fdroid.debug/files/
07-16 10:50:15.653 D/OrganicMaps(27287): (main) OrganicMaps.java:157 initNativePlatform(): Writable path = /storage/emulated/0/Android/data/app.comaps.fdroid.debug/files/
07-16 10:50:15.654 D/OrganicMaps(27287): (main) OrganicMaps.java:159 initNativePlatform(): Private path = /data/user/0/app.comaps.fdroid.debug/files/
07-16 10:50:15.655 D/OrganicMaps(27287): (main) OrganicMaps.java:161 initNativePlatform(): Temp path = /data/user/0/app.comaps.fdroid.debug/cache/
07-16 10:50:15.655 I/CoMapsDebug(27287): platform/AndroidPlatform.cpp:144 Initialize () - Flavor name: fdroid
07-16 10:50:15.656 I/OMcore  (27287): (main) platform/AndroidPlatform.cpp:144 Initialize(): Flavor name: fdroid
07-16 10:50:15.656 I/CoMapsDebug(27287): platform/AndroidPlatform.cpp:145 Initialize () - Build type name: debug
07-16 10:50:15.657 I/OMcore  (27287): (main) platform/AndroidPlatform.cpp:145 Initialize(): Build type name: debug
07-16 10:50:15.657 I/CoMapsDebug(27287): platform/AndroidPlatform.cpp:163 SetWritableDir () - Writable path =  /storage/emulated/0/Android/data/app.comaps.fdroid.debug/files/
07-16 10:50:15.657 I/OMcore  (27287): (main) platform/AndroidPlatform.cpp:163 SetWritableDir(): Writable path =  /storage/emulated/0/Android/data/app.comaps.fdroid.debug/files/
07-16 10:50:15.657 I/CoMapsDebug(27287): platform/AndroidPlatform.cpp:151 Initialize () - Apk path =  /data/app/~~PYa1VxiRgPYCwa1bvrt0Xg==/app.comaps.fdroid.debug-MJO_yC3gfzRxpjU7zakTlQ==/base.apk
07-16 10:50:15.658 I/OMcore  (27287): (main) platform/AndroidPlatform.cpp:151 Initialize(): Apk path =  /data/app/~~PYa1VxiRgPYCwa1bvrt0Xg==/app.comaps.fdroid.debug-MJO_yC3gfzRxpjU7zakTlQ==/base.apk
07-16 10:50:15.658 I/CoMapsDebug(27287): platform/AndroidPlatform.cpp:152 Initialize () - Temporary path =  /data/user/0/app.comaps.fdroid.debug/cache/
07-16 10:50:15.658 I/OMcore  (27287): (main) platform/AndroidPlatform.cpp:152 Initialize(): Temporary path =  /data/user/0/app.comaps.fdroid.debug/cache/
07-16 10:50:15.714 I/CoMapsDebug(27287): sdk/Framework.cpp:1558 Java_app_organicmaps_sdk_Framework_nativeSetCustomMapDownloadUrl () - nativeSetCustomMapDownloadUrl: framework not created yet, skipping ResetMapDownloadMetaConfig
07-16 10:50:15.714 I/OMcore  (27287): (main) sdk/Framework.cpp:1558 Java_app_organicmaps_sdk_Framework_nativeSetCustomMapDownloadUrl(): nativeSetCustomMapDownloadUrl: framework not created yet, skipping ResetMapDownloadMetaConfig
07-16 10:50:15.715 I/OrganicMaps(27287): (main) OrganicMaps.java:178 initNativePlatform(): Platform initialized
07-16 10:50:15.761 D/CoMapsDebug(27287): platform/platform_android.cpp:36 ~DbgLogger () - Source for file countries-strings/en.json/localize.json is r
07-16 10:50:15.762 D/OMcore  (27287): (main) platform/platform_android.cpp:36 ~DbgLogger(): Source for file countries-strings/en.json/localize.json is r
07-16 10:50:15.812 D/CoMapsDebug(27287): storage/storage.cpp:440 Storage () - COUNTRIES: Storage ctor entered. pathToCountriesFile= countries.txt dataDir= 
07-16 10:50:15.812 D/OMcore  (27287): (main) storage/storage.cpp:440 Storage(): COUNTRIES: Storage ctor entered. pathToCountriesFile= countries.txt dataDir= 
07-16 10:50:15.816 D/CoMapsDebug(27287): platform/platform_android.cpp:36 ~DbgLogger () - Source for file countries.txt is r
07-16 10:50:15.818 D/OMcore  (27287): (main) platform/platform_android.cpp:36 ~DbgLogger(): Source for file countries.txt is r
07-16 10:50:15.818 D/CoMapsDebug(27287): storage/country_tree.cpp:458 LoadCountriesFromFile () - COUNTRIES: loading bundled countries.txt
07-16 10:50:15.819 D/OMcore  (27287): (main) storage/country_tree.cpp:458 LoadCountriesFromFile(): COUNTRIES: loading bundled countries.txt
07-16 10:50:15.879 D/CoMapsDebug(27287): storage/country_tree.cpp:414 LoadCountriesFromBuffer () - COUNTRIES: loaded and parsed map version 260603 mapSeries 2026.04.05
07-16 10:50:15.880 D/OMcore  (27287): (main) storage/country_tree.cpp:414 LoadCountriesFromBuffer(): COUNTRIES: loaded and parsed map version 260603 mapSeries 2026.04.05
07-16 10:50:16.011 W/CoMapsDebug(27287): platform/platform_android.cpp:125 GetReader () - Can't get reader for: countries.txt in scope w
07-16 10:50:16.012 W/OMcore  (27287): (main) platform/platform_android.cpp:125 GetReader(): Can't get reader for: countries.txt in scope w
07-16 10:50:16.017 D/CoMapsDebug(27287): platform/platform_android.cpp:36 ~DbgLogger () - Source for file countries.txt is w
07-16 10:50:16.018 D/OMcore  (27287): (main) platform/platform_android.cpp:36 ~DbgLogger(): Source for file countries.txt is w
07-16 10:50:16.019 I/CoMapsDebug(27287): storage/storage.cpp:921 LoadCountriesFile () - Loaded countries list for map version: 260603
07-16 10:50:16.019 I/OMcore  (27287): (main) storage/storage.cpp:921 LoadCountriesFile(): Loaded countries list for map version: 260603
07-16 10:50:16.039 D/CoMapsDebug(27287): platform/platform_android.cpp:36 ~DbgLogger () - Source for file editor.config is r
07-16 10:50:16.040 D/OMcore  (27287): (main) platform/platform_android.cpp:36 ~DbgLogger(): Source for file editor.config is r
07-16 10:50:16.044 W/CoMapsDebug(27287): platform/platform_android.cpp:125 GetReader () - Can't get reader for: /storage/emulated/0/Android/data/app.comaps.fdroid.debug/files/notes.xml in scope f
07-16 10:50:16.045 W/OMcore  (27287): (main) platform/platform_android.cpp:125 GetReader(): Can't get reader for: /storage/emulated/0/Android/data/app.comaps.fdroid.debug/files/notes.xml in scope f
07-16 10:50:16.047 D/CoMapsDebug(27287): platform/platform_android.cpp:36 ~DbgLogger () - Source for file /storage/emulated/0/Android/data/app.comaps.fdroid.debug/files/notes.xml is f
07-16 10:50:16.047 D/OMcore  (27287): (main) platform/platform_android.cpp:36 ~DbgLogger(): Source for file /storage/emulated/0/Android/data/app.comaps.fdroid.debug/files/notes.xml is f
07-16 10:50:16.058 D/CoMapsDebug(27287): platform/platform_android.cpp:36 ~DbgLogger () - Source for file transit_colors.txt is r
07-16 10:50:16.059 D/OMcore  (27287): (main) platform/platform_android.cpp:36 ~DbgLogger(): Source for file transit_colors.txt is r
07-16 10:50:16.063 D/CoMapsDebug(27287): indexer/classificator_loader.cpp:46 Load () - Reading of classificator started
07-16 10:50:16.063 D/OMcore  (27287): (main) indexer/classificator_loader.cpp:46 Load(): Reading of classificator started
07-16 10:50:16.066 D/CoMapsDebug(27287): platform/platform_android.cpp:36 ~DbgLogger () - Source for file classificator.txt is r
07-16 10:50:16.067 D/OMcore  (27287): (main) platform/platform_android.cpp:36 ~DbgLogger(): Source for file classificator.txt is r
07-16 10:50:16.074 D/CoMapsDebug(27287): platform/platform_android.cpp:36 ~DbgLogger () - Source for file types.txt is r
07-16 10:50:16.074 D/OMcore  (27287): (main) platform/platform_android.cpp:36 ~DbgLogger(): Source for file types.txt is r
07-16 10:50:16.166 D/CoMapsDebug(27287): platform/platform_android.cpp:36 ~DbgLogger () - Source for file drules_proto_default_light.bin is r
07-16 10:50:16.167 D/OMcore  (27287): (main) platform/platform_android.cpp:36 ~DbgLogger(): Source for file drules_proto_default_light.bin is r
07-16 10:50:16.354 D/CoMapsDebug(27287): platform/platform_android.cpp:36 ~DbgLogger () - Source for file classificator.txt is r
07-16 10:50:16.355 D/OMcore  (27287): (main) platform/platform_android.cpp:36 ~DbgLogger(): Source for file classificator.txt is r
07-16 10:50:16.362 D/CoMapsDebug(27287): platform/platform_android.cpp:36 ~DbgLogger () - Source for file types.txt is r
07-16 10:50:16.362 D/OMcore  (27287): (main) platform/platform_android.cpp:36 ~DbgLogger(): Source for file types.txt is r
07-16 10:50:16.448 D/CoMapsDebug(27287): platform/platform_android.cpp:36 ~DbgLogger () - Source for file drules_proto_default_dark.bin is r
07-16 10:50:16.448 D/OMcore  (27287): (main) platform/platform_android.cpp:36 ~DbgLogger(): Source for file drules_proto_default_dark.bin is r
07-16 10:50:16.596 D/CoMapsDebug(27287): platform/platform_android.cpp:36 ~DbgLogger () - Source for file classificator.txt is r
07-16 10:50:16.597 D/OMcore  (27287): (main) platform/platform_android.cpp:36 ~DbgLogger(): Source for file classificator.txt is r
07-16 10:50:16.604 D/CoMapsDebug(27287): platform/platform_android.cpp:36 ~DbgLogger () - Source for file types.txt is r
07-16 10:50:16.604 D/OMcore  (27287): (main) platform/platform_android.cpp:36 ~DbgLogger(): Source for file types.txt is r
07-16 10:50:16.690 D/CoMapsDebug(27287): platform/platform_android.cpp:36 ~DbgLogger () - Source for file drules_proto_vehicle_light.bin is r
07-16 10:50:16.690 D/OMcore  (27287): (main) platform/platform_android.cpp:36 ~DbgLogger(): Source for file drules_proto_vehicle_light.bin is r
07-16 10:50:16.785 D/CoMapsDebug(27287): platform/platform_android.cpp:36 ~DbgLogger () - Source for file classificator.txt is r
07-16 10:50:16.786 D/OMcore  (27287): (main) platform/platform_android.cpp:36 ~DbgLogger(): Source for file classificator.txt is r
07-16 10:50:16.793 D/CoMapsDebug(27287): platform/platform_android.cpp:36 ~DbgLogger () - Source for file types.txt is r
07-16 10:50:16.794 D/OMcore  (27287): (main) platform/platform_android.cpp:36 ~DbgLogger(): Source for file types.txt is r
07-16 10:50:16.886 D/CoMapsDebug(27287): platform/platform_android.cpp:36 ~DbgLogger () - Source for file drules_proto_vehicle_dark.bin is r
07-16 10:50:16.886 D/OMcore  (27287): (main) platform/platform_android.cpp:36 ~DbgLogger(): Source for file drules_proto_vehicle_dark.bin is r
07-16 10:50:16.987 D/CoMapsDebug(27287): platform/platform_android.cpp:36 ~DbgLogger () - Source for file classificator.txt is r
07-16 10:50:16.988 D/OMcore  (27287): (main) platform/platform_android.cpp:36 ~DbgLogger(): Source for file classificator.txt is r
07-16 10:50:16.996 D/CoMapsDebug(27287): platform/platform_android.cpp:36 ~DbgLogger () - Source for file types.txt is r
07-16 10:50:16.997 D/OMcore  (27287): (main) platform/platform_android.cpp:36 ~DbgLogger(): Source for file types.txt is r
07-16 10:50:17.086 D/CoMapsDebug(27287): platform/platform_android.cpp:36 ~DbgLogger () - Source for file drules_proto_outdoors_light.bin is r
07-16 10:50:17.087 D/OMcore  (27287): (main) platform/platform_android.cpp:36 ~DbgLogger(): Source for file drules_proto_outdoors_light.bin is r
07-16 10:50:17.256 D/CoMapsDebug(27287): platform/platform_android.cpp:36 ~DbgLogger () - Source for file classificator.txt is r
07-16 10:50:17.257 D/OMcore  (27287): (main) platform/platform_android.cpp:36 ~DbgLogger(): Source for file classificator.txt is r
07-16 10:50:17.269 D/CoMapsDebug(27287): platform/platform_android.cpp:36 ~DbgLogger () - Source for file types.txt is r
07-16 10:50:17.270 D/OMcore  (27287): (main) platform/platform_android.cpp:36 ~DbgLogger(): Source for file types.txt is r
07-16 10:50:17.377 D/CoMapsDebug(27287): platform/platform_android.cpp:36 ~DbgLogger () - Source for file drules_proto_outdoors_dark.bin is r
07-16 10:50:17.377 D/OMcore  (27287): (main) platform/platform_android.cpp:36 ~DbgLogger(): Source for file drules_proto_outdoors_dark.bin is r
07-16 10:50:17.516 D/CoMapsDebug(27287): indexer/classificator_loader.cpp:67 Load () - Reading of classificator finished
07-16 10:50:17.516 D/OMcore  (27287): (main) indexer/classificator_loader.cpp:67 Load(): Reading of classificator finished
07-16 10:50:17.517 D/CoMapsDebug(27287): map/framework.cpp:357 Framework () - Classificator initialized
07-16 10:50:17.517 D/OMcore  (27287): (main) map/framework.cpp:357 Framework(): Classificator initialized
07-16 10:50:17.519 D/CoMapsDebug(27287): platform/platform_android.cpp:36 ~DbgLogger () - Source for file categories.txt is r
07-16 10:50:17.519 D/OMcore  (27287): (main) platform/platform_android.cpp:36 ~DbgLogger(): Source for file categories.txt is r
07-16 10:50:19.459 W/CoMapsDebug(27287): indexer/categories_holder.cpp:48 ParseEmoji () - Bad emoji code: U+2139
07-16 10:50:19.459 W/OMcore  (27287): (main) indexer/categories_holder.cpp:48 ParseEmoji(): Bad emoji code: U+2139
07-16 10:50:19.466 W/CoMapsDebug(27287): indexer/categories_holder.cpp:48 ParseEmoji () - Bad emoji code: U+2139
07-16 10:50:19.466 W/OMcore  (27287): (main) indexer/categories_holder.cpp:48 ParseEmoji(): Bad emoji code: U+2139
07-16 10:50:19.518 D/CoMapsDebug(27287): platform/platform_android.cpp:36 ~DbgLogger () - Source for file packed_polygons.bin is r
07-16 10:50:19.518 D/OMcore  (27287): (main) platform/platform_android.cpp:36 ~DbgLogger(): Source for file packed_polygons.bin is r
07-16 10:50:19.521 D/CoMapsDebug(27287): platform/platform_android.cpp:36 ~DbgLogger () - Source for file countries.txt is r
07-16 10:50:19.521 D/OMcore  (27287): (main) platform/platform_android.cpp:36 ~DbgLogger(): Source for file countries.txt is r
07-16 10:50:19.686 D/CoMapsDebug(27287): map/framework.cpp:363 Framework () - Country info getter initialized
07-16 10:50:19.686 D/OMcore  (27287): (main) map/framework.cpp:363 Framework(): Country info getter initialized
07-16 10:50:19.922 I/CoMapsDebug(27287): search/processor.cpp:195 SetPreferredLocale () - New preferred locale: en
07-16 10:50:19.922 I/OMcore  (27287): (main) search/processor.cpp:195 SetPreferredLocale(): New preferred locale: en
07-16 10:50:19.923 D/CoMapsDebug(27287): search/processor.cpp:214 SetInputLocale () - New input locale: en ; locale code: 1
07-16 10:50:19.923 D/OMcore  (27287): (main) search/processor.cpp:214 SetInputLocale(): New input locale: en ; locale code: 1
07-16 10:50:19.926 D/CoMapsDebug(27287): platform/platform_android.cpp:36 ~DbgLogger () - Source for file countries-strings/en.json/localize.json is r
07-16 10:50:19.926 D/OMcore  (27287): (main) platform/platform_android.cpp:36 ~DbgLogger(): Source for file countries-strings/en.json/localize.json is r
07-16 10:50:19.961 W/CoMapsDebug(27287): search/geocoder.cpp:719 CacheWorldLocalities () - Can't find World map file.
07-16 10:50:19.962 D/CoMapsDebug(27287): map/framework.cpp:366 Framework () - Search API initialized, part 1
07-16 10:50:19.962 W/OMcore  (27287): (Thread-11) search/geocoder.cpp:719 CacheWorldLocalities(): Can't find World map file.
07-16 10:50:19.962 D/OMcore  (27287): (main) map/framework.cpp:366 Framework(): Search API initialized, part 1
07-16 10:50:19.962 W/CoMapsDebug(27287): search/cities_boundaries_table.cpp:52 Load () - Can't find World map file.
07-16 10:50:19.962 W/OMcore  (27287): (Thread-11) search/cities_boundaries_table.cpp:52 Load(): Can't find World map file.
07-16 10:50:19.962 W/CoMapsDebug(27287): search/processor.cpp:312 LoadCitiesBoundaries () - Can't load cities boundaries
07-16 10:50:19.963 W/OMcore  (27287): (Thread-11) search/processor.cpp:312 LoadCitiesBoundaries(): Can't load cities boundaries
07-16 10:50:19.963 D/SecureStorage(27287): (main) SecureStorage.java:32 load(): load: key = LastBookmarkCategoryId
07-16 10:50:19.966 D/CoMapsDebug(27287): platform/platform_android.cpp:36 ~DbgLogger () - Source for file countries.txt is r
07-16 10:50:19.966 D/OMcore  (27287): (Thread-11) platform/platform_android.cpp:36 ~DbgLogger(): Source for file countries.txt is r
07-16 10:50:19.966 D/CoMapsDebug(27287): storage/country_tree.cpp:458 LoadCountriesFromFile () - COUNTRIES: loading bundled countries.txt
07-16 10:50:19.966 D/OMcore  (27287): (Thread-11) storage/country_tree.cpp:458 LoadCountriesFromFile(): COUNTRIES: loading bundled countries.txt
07-16 10:50:19.967 D/SecureStorage(27287): (main) SecureStorage.java:32 load(): load: key = LastBookmarkId
07-16 10:50:19.967 D/SecureStorage(27287): (main) SecureStorage.java:32 load(): load: key = LastTrackId
07-16 10:50:19.968 D/SecureStorage(27287): (main) SecureStorage.java:32 load(): load: key = LastBookmarkId
07-16 10:50:19.968 D/SecureStorage(27287): (main) SecureStorage.java:32 load(): load: key = LastTrackId
07-16 10:50:19.968 D/SecureStorage(27287): (main) SecureStorage.java:32 load(): load: key = LastBookmarkCategoryId
07-16 10:50:19.972 D/CoMapsDebug(27287): platform/platform_android.cpp:36 ~DbgLogger () - Source for file countries.txt is r
07-16 10:50:19.972 D/OMcore  (27287): (main) platform/platform_android.cpp:36 ~DbgLogger(): Source for file countries.txt is r
07-16 10:50:19.972 D/CoMapsDebug(27287): storage/country_tree.cpp:458 LoadCountriesFromFile () - COUNTRIES: loading bundled countries.txt
07-16 10:50:19.972 D/OMcore  (27287): (main) storage/country_tree.cpp:458 LoadCountriesFromFile(): COUNTRIES: loading bundled countries.txt
07-16 10:50:20.016 D/CoMapsDebug(27287): storage/country_tree.cpp:414 LoadCountriesFromBuffer () - COUNTRIES: loaded and parsed map version 260603 mapSeries 2026.04.05
07-16 10:50:20.016 D/OMcore  (27287): (Thread-11) storage/country_tree.cpp:414 LoadCountriesFromBuffer(): COUNTRIES: loaded and parsed map version 260603 mapSeries 2026.04.05
07-16 10:50:20.022 D/CoMapsDebug(27287): storage/country_tree.cpp:414 LoadCountriesFromBuffer () - COUNTRIES: loaded and parsed map version 260603 mapSeries 2026.04.05
07-16 10:50:20.022 D/OMcore  (27287): (main) storage/country_tree.cpp:414 LoadCountriesFromBuffer(): COUNTRIES: loaded and parsed map version 260603 mapSeries 2026.04.05
07-16 10:50:20.121 W/CoMapsDebug(27287): platform/platform_android.cpp:125 GetReader () - Can't get reader for: countries.txt in scope w
07-16 10:50:20.122 W/OMcore  (27287): (Thread-11) platform/platform_android.cpp:125 GetReader(): Can't get reader for: countries.txt in scope w
07-16 10:50:20.122 D/CoMapsDebug(27287): platform/platform_android.cpp:36 ~DbgLogger () - Source for file countries.txt is w
07-16 10:50:20.122 D/OMcore  (27287): (Thread-11) platform/platform_android.cpp:36 ~DbgLogger(): Source for file countries.txt is w
07-16 10:50:20.129 W/CoMapsDebug(27287): platform/platform_android.cpp:125 GetReader () - Can't get reader for: countries.txt in scope w
07-16 10:50:20.129 W/OMcore  (27287): (main) platform/platform_android.cpp:125 GetReader(): Can't get reader for: countries.txt in scope w
07-16 10:50:20.129 D/CoMapsDebug(27287): platform/platform_android.cpp:36 ~DbgLogger () - Source for file countries.txt is w
07-16 10:50:20.130 D/OMcore  (27287): (main) platform/platform_android.cpp:36 ~DbgLogger(): Source for file countries.txt is w
07-16 10:50:20.135 D/CoMapsDebug(27287): platform/platform_android.cpp:36 ~DbgLogger () - Source for file countries-strings/en.json/localize.json is r
07-16 10:50:20.135 D/OMcore  (27287): (main) platform/platform_android.cpp:36 ~DbgLogger(): Source for file countries-strings/en.json/localize.json is r
07-16 10:50:20.226 I/CoMapsDebug(27287): routing/edge_estimator.cpp:180 EdgeEstimator () - Loading turn penalties for vehicle type: 2
07-16 10:50:20.226 I/OMcore  (27287): (main) routing/edge_estimator.cpp:180 EdgeEstimator(): Loading turn penalties for vehicle type: 2
07-16 10:50:20.227 I/CoMapsDebug(27287): routing/edge_estimator.cpp:515 EdgeEstimator () - Loaded 144 turn penalties with default: 0.0727778
07-16 10:50:20.227 I/OMcore  (27287): (main) routing/edge_estimator.cpp:515 EdgeEstimator(): Loaded 144 turn penalties with default: 0.0727778
07-16 10:50:20.228 I/CoMapsDebug(27287): map/framework.cpp:394 Framework () - System languages: en_GB
07-16 10:50:20.228 I/OMcore  (27287): (main) map/framework.cpp:394 Framework(): System languages: en_GB
07-16 10:50:20.229 D/CoMapsDebug(27287): map/framework.cpp:407 Framework () - Transliterators initialized
07-16 10:50:20.229 D/OMcore  (27287): (main) map/framework.cpp:407 Framework(): Transliterators initialized
07-16 10:50:20.231 W/CoMapsDebug(27287): power_management/power_manager.cpp:70 Load () - Cannot read power manager config file. Exception: /data/user/0/app.comaps.fdroid.debug/files/power_manager_config; READ; No such file or directory
07-16 10:50:20.232 W/OMcore  (27287): (main) power_management/power_manager.cpp:70 Load(): Cannot read power manager config file. Exception: /data/user/0/app.comaps.fdroid.debug/files/power_manager_config; READ; No such file or directory
07-16 10:50:20.293 W/CoMapsDebug(27287): platform/platform_android.cpp:117 GetReader () - Can't get reader: LocateZipException /home/runner/work/comaps/comaps/libs/coding/zip_reader.cpp:55, "Can't locate file inside zip assets/World.mwm"
07-16 10:50:20.294 W/OMcore  (27287): (Thread-12) platform/platform_android.cpp:117 GetReader(): Can't get reader: LocateZipException /home/runner/work/comaps/comaps/libs/coding/zip_reader.cpp:55, "Can't locate file inside zip assets/World.mwm"
07-16 10:50:20.294 W/CoMapsDebug(27287): platform/platform_android.cpp:125 GetReader () - Can't get reader for: World.mwm in scope r
07-16 10:50:20.295 W/OMcore  (27287): (Thread-12) platform/platform_android.cpp:125 GetReader(): Can't get reader for: World.mwm in scope r
07-16 10:50:20.295 D/CoMapsDebug(27287): platform/platform_android.cpp:36 ~DbgLogger () - Source for file World.mwm is r
07-16 10:50:20.295 D/OMcore  (27287): (Thread-12) platform/platform_android.cpp:36 ~DbgLogger(): Source for file World.mwm is r
07-16 10:50:20.301 I/TextToSpeech(27287): Sucessfully bound to com.samsung.SMT
07-16 10:50:20.359 I/CoMapsDebug(27287): routing/edge_estimator.cpp:180 EdgeEstimator () - Loading turn penalties for vehicle type: 0
07-16 10:50:20.359 I/OMcore  (27287): (main) routing/edge_estimator.cpp:180 EdgeEstimator(): Loading turn penalties for vehicle type: 0
07-16 10:50:20.359 W/CoMapsDebug(27287): routing/edge_estimator.cpp:519 EdgeEstimator () - No turn penalties loaded for vehicle type: 0
07-16 10:50:20.360 W/OMcore  (27287): (main) routing/edge_estimator.cpp:519 EdgeEstimator(): No turn penalties loaded for vehicle type: 0
07-16 10:50:20.363 W/CoMapsDebug(27287): platform/platform_android.cpp:117 GetReader () - Can't get reader: LocateZipException /home/runner/work/comaps/comaps/libs/coding/zip_reader.cpp:55, "Can't locate file inside zip assets/WorldCoasts.mwm"
07-16 10:50:20.363 W/OMcore  (27287): (Thread-12) platform/platform_android.cpp:117 GetReader(): Can't get reader: LocateZipException /home/runner/work/comaps/comaps/libs/coding/zip_reader.cpp:55, "Can't locate file inside zip assets/WorldCoasts.mwm"
07-16 10:50:20.363 W/CoMapsDebug(27287): platform/platform_android.cpp:125 GetReader () - Can't get reader for: WorldCoasts.mwm in scope r
07-16 10:50:20.364 W/OMcore  (27287): (Thread-12) platform/platform_android.cpp:125 GetReader(): Can't get reader for: WorldCoasts.mwm in scope r
07-16 10:50:20.364 D/CoMapsDebug(27287): platform/platform_android.cpp:36 ~DbgLogger () - Source for file WorldCoasts.mwm is r
07-16 10:50:20.364 D/OMcore  (27287): (Thread-12) platform/platform_android.cpp:36 ~DbgLogger(): Source for file WorldCoasts.mwm is r
07-16 10:50:20.365 I/CoMapsDebug(27287): storage/storage.cpp:1258 RegisterLocalFile () - Found file: Spain_Cantabria in directory: /storage/emulated/0/Android/data/app.comaps.fdroid.debug/files/260603 with size: 41636026
07-16 10:50:20.366 I/OMcore  (27287): (Thread-12) storage/storage.cpp:1258 RegisterLocalFile(): Found file: Spain_Cantabria in directory: /storage/emulated/0/Android/data/app.comaps.fdroid.debug/files/260603 with size: 41636026
07-16 10:50:20.366 D/TrafficManager(27287): (main) TrafficManager.java:29 initialize(): Initialization of traffic manager and setting the listener for traffic state changes
07-16 10:50:20.366 I/CoMapsDebug(27287): storage/storage.cpp:1258 RegisterLocalFile () - Found file: World in directory: /storage/emulated/0/Android/data/app.comaps.fdroid.debug/files/260603 with size: 53254586
07-16 10:50:20.366 I/OMcore  (27287): (Thread-12) storage/storage.cpp:1258 RegisterLocalFile(): Found file: World in directory: /storage/emulated/0/Android/data/app.comaps.fdroid.debug/files/260603 with size: 53254586
07-16 10:50:20.367 I/CoMapsDebug(27287): storage/storage.cpp:1258 RegisterLocalFile () - Found file: WorldCoasts in directory: /storage/emulated/0/Android/data/app.comaps.fdroid.debug/files/260603 with size: 8491724
07-16 10:50:20.367 I/OrganicMaps(27287): (main) OrganicMaps.java:199 initNativeFramework(): Framework initialized
07-16 10:50:20.367 I/OMcore  (27287): (Thread-12) storage/storage.cpp:1258 RegisterLocalFile(): Found file: WorldCoasts in directory: /storage/emulated/0/Android/data/app.comaps.fdroid.debug/files/260603 with size: 8491724
07-16 10:50:20.369 D/CoMapsDebug(27287): platform/platform_android.cpp:36 ~DbgLogger () - Source for file /storage/emulated/0/Android/data/app.comaps.fdroid.debug/files/260603/Spain_Cantabria.mwm is f
07-16 10:50:20.370 D/OMcore  (27287): (Thread-12) platform/platform_android.cpp:36 ~DbgLogger(): Source for file /storage/emulated/0/Android/data/app.comaps.fdroid.debug/files/260603/Spain_Cantabria.mwm is f
07-16 10:50:20.377 I/CoMapsDebug(27287): map/framework.cpp:171 RegisterMap () - Loaded Spain_Cantabria map, of version 260603
07-16 10:50:20.377 I/OMcore  (27287): (Thread-12) map/framework.cpp:171 RegisterMap(): Loaded Spain_Cantabria map, of version 260603
07-16 10:50:20.378 D/CoMapsDebug(27287): platform/platform_android.cpp:36 ~DbgLogger () - Source for file /storage/emulated/0/Android/data/app.comaps.fdroid.debug/files/260603/World.mwm is f
07-16 10:50:20.378 D/OMcore  (27287): (Thread-12) platform/platform_android.cpp:36 ~DbgLogger(): Source for file /storage/emulated/0/Android/data/app.comaps.fdroid.debug/files/260603/World.mwm is f
07-16 10:50:20.382 I/CoMapsDebug(27287): map/framework.cpp:171 RegisterMap () - Loaded World map, of version 260603
07-16 10:50:20.382 I/OMcore  (27287): (Thread-12) map/framework.cpp:171 RegisterMap(): Loaded World map, of version 260603
07-16 10:50:20.383 D/CoMapsDebug(27287): platform/platform_android.cpp:36 ~DbgLogger () - Source for file /storage/emulated/0/Android/data/app.comaps.fdroid.debug/files/260603/WorldCoasts.mwm is f
07-16 10:50:20.383 D/OMcore  (27287): (Thread-12) platform/platform_android.cpp:36 ~DbgLogger(): Source for file /storage/emulated/0/Android/data/app.comaps.fdroid.debug/files/260603/WorldCoasts.mwm is f
07-16 10:50:20.384 D/SecureStorage(27287): (main) SecureStorage.java:21 save(): save: key = LastBookmarkId
07-16 10:50:20.385 D/SecureStorage(27287): (main) SecureStorage.java:21 save(): save: key = LastTrackId
07-16 10:50:20.386 D/SecureStorage(27287): (main) SecureStorage.java:21 save(): save: key = LastBookmarkCategoryId
07-16 10:50:20.386 I/CoMapsDebug(27287): map/framework.cpp:171 RegisterMap () - Loaded WorldCoasts map, of version 260603
07-16 10:50:20.386 I/OMcore  (27287): (Thread-12) map/framework.cpp:171 RegisterMap(): Loaded WorldCoasts map, of version 260603
07-16 10:50:20.387 D/CoMapsDebug(27287): map/framework.cpp:547 operator() () - Maps initialized
07-16 10:50:20.387 D/OMcore  (27287): (Thread-12) map/framework.cpp:547 operator()(): Maps initialized
07-16 10:50:20.387 D/CoMapsDebug(27287): map/framework.cpp:550 operator() () - Search API initialized, part 2, after World was loaded
07-16 10:50:20.387 D/OMcore  (27287): (Thread-12) map/framework.cpp:550 operator()(): Search API initialized, part 2, after World was loaded
07-16 10:50:20.388 D/CoMapsDebug(27287): platform/platform_android.cpp:36 ~DbgLogger () - Source for file /storage/emulated/0/Android/data/app.comaps.fdroid.debug/files/260603/World.mwm is f
07-16 10:50:20.388 I/ViewRootImpl@8f2b4d2[DownloadResourcesActivity](27287): MSG_WINDOW_FOCUS_CHANGED 1 0
07-16 10:50:20.388 D/OMcore  (27287): (Thread-11) platform/platform_android.cpp:36 ~DbgLogger(): Source for file /storage/emulated/0/Android/data/app.comaps.fdroid.debug/files/260603/World.mwm is f
07-16 10:50:20.389 I/ViewRootImpl@8f2b4d2[DownloadResourcesActivity](27287): mThreadedRenderer.initializeIfNeeded()#2 mSurface={isValid=true 0xebceec00}
07-16 10:50:20.390 D/InputMethodManager(27287): startInputInner - Id : 0
07-16 10:50:20.391 I/InputMethodManager(27287): startInputInner - mService.startInputOrWindowGainedFocus
07-16 10:50:20.432 I/CoMapsDebug(27287): editor/osm_editor.cpp:157 LoadEdits () - Loading OSM edits...
07-16 10:50:20.433 I/OMcore  (27287): (main) editor/osm_editor.cpp:157 LoadEdits(): Loading OSM edits...
07-16 10:50:20.433 D/CoMapsDebug(27287): map/framework.cpp:556 operator() () - Editor initialized
07-16 10:50:20.434 D/OMcore  (27287): (main) map/framework.cpp:556 operator()(): Editor initialized
07-16 10:50:20.443 D/MwmApplication(27287): (main) MwmApplication.java:214 onForeground(): 
07-16 10:50:20.445 D/LocationState(27287): (main) LocationHelper.java:478 resumeLocationInForeground(): Engine is not created yet.
07-16 10:50:20.501 D/InputMethodManager(27287): startInputInner - Id : 0
07-16 10:50:20.511 D/MwmApplication(27287): (main) MwmApplication.java:192 onActivityPaused(): activity = app.organicmaps.SplashActivity@acf8e0e
07-16 10:50:20.567 I/DecorView(27287): [INFO] isPopOver=false config=true
07-16 10:50:20.567 I/DecorView(27287): updateCaptionType: isFloating=false isApplication=true hasWindowDecorCaption=false this=DecorView@8c4a286[]
07-16 10:50:20.567 D/DecorView(27287): setCaptionType = 0, this = DecorView@8c4a286[]
07-16 10:50:20.570 I/DecorView(27287): getCurrentDensityDpi: from real metrics. densityDpi=420 msg=resources_loaded
07-16 10:50:20.570 I/DecorView(27287): setWindowBackground: isPopOver=false color=ffffffff d=android.graphics.drawable.ColorDrawable@b135b74
07-16 10:50:20.972 W/CoMapsDebug(27287): platform/platform_android.cpp:117 GetReader () - Can't get reader: LocateZipException /home/runner/work/comaps/comaps/libs/coding/zip_reader.cpp:55, "Can't locate file inside zip assets/World.mwm"
07-16 10:50:20.972 W/OMcore  (27287): (main) platform/platform_android.cpp:117 GetReader(): Can't get reader: LocateZipException /home/runner/work/comaps/comaps/libs/coding/zip_reader.cpp:55, "Can't locate file inside zip assets/World.mwm"
07-16 10:50:20.972 W/CoMapsDebug(27287): platform/platform_android.cpp:125 GetReader () - Can't get reader for: World.mwm in scope r
07-16 10:50:20.973 W/OMcore  (27287): (main) platform/platform_android.cpp:125 GetReader(): Can't get reader for: World.mwm in scope r
07-16 10:50:20.973 D/CoMapsDebug(27287): platform/platform_android.cpp:36 ~DbgLogger () - Source for file World.mwm is r
07-16 10:50:20.974 D/OMcore  (27287): (main) platform/platform_android.cpp:36 ~DbgLogger(): Source for file World.mwm is r
07-16 10:50:21.049 W/CoMapsDebug(27287): platform/platform_android.cpp:117 GetReader () - Can't get reader: LocateZipException /home/runner/work/comaps/comaps/libs/coding/zip_reader.cpp:55, "Can't locate file inside zip assets/WorldCoasts.mwm"
07-16 10:50:21.049 W/OMcore  (27287): (main) platform/platform_android.cpp:117 GetReader(): Can't get reader: LocateZipException /home/runner/work/comaps/comaps/libs/coding/zip_reader.cpp:55, "Can't locate file inside zip assets/WorldCoasts.mwm"
07-16 10:50:21.050 W/CoMapsDebug(27287): platform/platform_android.cpp:125 GetReader () - Can't get reader for: WorldCoasts.mwm in scope r
07-16 10:50:21.050 W/OMcore  (27287): (main) platform/platform_android.cpp:125 GetReader(): Can't get reader for: WorldCoasts.mwm in scope r
07-16 10:50:21.050 D/CoMapsDebug(27287): platform/platform_android.cpp:36 ~DbgLogger () - Source for file WorldCoasts.mwm is r
07-16 10:50:21.050 D/OMcore  (27287): (main) platform/platform_android.cpp:36 ~DbgLogger(): Source for file WorldCoasts.mwm is r
07-16 10:50:21.051 I/CoMapsDebug(27287): platform/platform_unix_impl.cpp:115 GetWritableStorageStatus () - statfs return = 0 ; block size = 4096 ; blocks available = 7445687
07-16 10:50:21.051 I/OMcore  (27287): (main) platform/platform_unix_impl.cpp:115 GetWritableStorageStatus(): statfs return = 0 ; block size = 4096 ; blocks available = 7445687
07-16 10:50:21.051 I/CoMapsDebug(27287): platform/platform_unix_impl.cpp:124 GetWritableStorageStatus () - Free space check: requested = 0 ; available = 30497533952
07-16 10:50:21.052 I/OMcore  (27287): (main) platform/platform_unix_impl.cpp:124 GetWritableStorageStatus(): Free space check: requested = 0 ; available = 30497533952
07-16 10:50:21.079 D/ProfileInstaller(27287): Installing profile for app.comaps.fdroid.debug
07-16 10:50:21.089 I/ViewRootImpl@8f2b4d2[DownloadResourcesActivity](27287): MSG_WINDOW_FOCUS_CHANGED 0 0
07-16 10:50:21.139 I/DecorView(27287): [INFO] isPopOver=false config=true
07-16 10:50:21.139 I/DecorView(27287): updateCaptionType: isFloating=false isApplication=true hasWindowDecorCaption=false this=DecorView@b27c657[]
07-16 10:50:21.139 D/DecorView(27287): setCaptionType = 0, this = DecorView@b27c657[]
07-16 10:50:21.141 I/DecorView(27287): getCurrentDensityDpi: from real metrics. densityDpi=420 msg=resources_loaded
07-16 10:50:21.142 I/DecorView(27287): setWindowBackground: isPopOver=false color=fff6f6f6 d=null
07-16 10:50:21.147 D/PhoneWindow(27287): forceLight changed to false [] from com.android.internal.policy.PhoneWindow.updateForceLightNavigationBar:4314 com.android.internal.policy.PhoneWindow.setNavigationBarColor:4033 androidx.activity.EdgeToEdgeApi29.setUp:322 androidx.activity.EdgeToEdge.enable:95 androidx.activity.EdgeToEdge.enable$default:69 
07-16 10:50:21.158 I/TextToSpeech(27287): Connected to TTS engine
07-16 10:50:21.166 I/TextToSpeech(27287): Setting up the connection to TTS engine...
07-16 10:50:21.178 D/CompatibilityChangeReporter(27287): Compat change id reported: 171228096; UID 10451; state: ENABLED
07-16 10:50:21.187 D/ScrollView(27287): initGoToTop
07-16 10:50:21.603 D/ScrollView(27287): initGoToTop
07-16 10:50:21.869 D/DisplayManager(27287): (main) DisplayManager.java:62 addListener(): displayType = Device, listener = app.organicmaps.MwmActivity@d392b56
07-16 10:50:22.011 I/CoMapsDebug(27287): sdk/Framework.cpp:916 Java_app_organicmaps_sdk_Framework_nativePlacePageActivationListener () - Set global map object listener
07-16 10:50:22.012 I/OMcore  (27287): (main) sdk/Framework.cpp:916 Java_app_organicmaps_sdk_Framework_nativePlacePageActivationListener(): Set global map object listener
07-16 10:50:22.013 D/LocationState(27287): (main) LocationHelper.java:372 addListener(): listener: app.organicmaps.MwmActivity@d392b56 count was: 0
07-16 10:50:22.014 I/Utils   (27287): (main) Utils.java:78 keepScreenOn(): KeepScreenOn = false window = com.android.internal.policy.PhoneWindow@1caed3f
07-16 10:50:22.016 D/MapController[Device](27287): (main) MapController.java:70 onStart(): 
07-16 10:50:22.046 D/MwmApplication(27287): (main) MwmApplication.java:183 onActivityResumed(): activity = app.organicmaps.MwmActivity@d392b56
07-16 10:50:22.046 I/Utils   (27287): (main) Utils.java:95 showOnLockScreen(): showOnLockScreen = false window = com.android.internal.policy.PhoneWindow@1caed3f
07-16 10:50:22.047 I/SensorHelper(27287): (main) SensorHelper.java:94 setRotation(): rotation = 0
07-16 10:50:22.056 D/SensorHelper(27287): (main) SensorHelper.java:105 addListener(): listener: app.organicmaps.MwmActivity@d392b56 count was: 0
07-16 10:50:22.101 D/MapController[Device](27287): (main) MapController.java:77 onResume(): 
07-16 10:50:22.102 I/MSHandlerLifeCycle(27287): check: return. pkg=app.comaps.fdroid.debug parent=null callers=com.android.internal.policy.DecorView.setVisibility:4412 android.app.ActivityThread.handleResumeActivity:5476 android.app.servertransaction.ResumeActivityItem.execute:54 android.app.servertransaction.ActivityTransactionItem.execute:45 android.app.servertransaction.TransactionExecutor.executeLifecycleState:176 
07-16 10:50:22.102 I/MSHandlerLifeCycle(27287): removeMultiSplitHandler: no exist. decor=DecorView@b27c657[]
07-16 10:50:22.106 D/NativeCustomFrequencyManager(27287): [NativeCFMS] BpCustomFrequencyManager::BpCustomFrequencyManager()
07-16 10:50:22.107 I/DecorView(27287): notifyKeepScreenOnChanged: keepScreenOn=false
07-16 10:50:22.116 D/InsetsController(27287): onStateChanged: InsetsState: {mDisplayFrame=Rect(0, 0 - 1080, 2400), mDisplayCutout=DisplayCutout{insets=Rect(0, 88 - 0, 0) waterfall=Insets{left=0, top=0, right=0, bottom=0} boundingRect={Bounds=[Rect(0, 0 - 0, 0), Rect(512, 0 - 568, 88), Rect(0, 0 - 0, 0), Rect(0, 0 - 0, 0)]} cutoutPathParserInfo={CutoutPathParserInfo{displayWidth=1080 displayHeight=2400 physicalDisplayWidth=1080 physicalDisplayHeight=2400 density={2.625} cutoutSpec={M 0,0 M 0,12.25101276465640 a 10.60613009248640,10.60613009248640 0 1,0 0,21.21226018497290 a 10.60613009248640,10.60613009248640 0 1,0 0,-21.21226018497290 Z @dp} rotation={0} scale={1.0} physicalPixelDisplaySizeRatio={1.0}}}}, mRoundedCorners=RoundedCorners{[RoundedCorner{position=TopLeft, radius=84, center=Point(84, 84)}, RoundedCorner{position=TopRight, radius=84, center=Point(996, 84)}, RoundedCorner{position=BottomRight, radius=84, center=Point(996, 2316)}, RoundedCorner{position=BottomLeft, radius=84, center=Point(84, 2316)}]}  mRoundedCornerFrame=Rect(0, 0 - 1080, 2400), mPrivacyIndicatorBounds=PrivacyIndicatorBounds {static bounds=Rect(964, 0 - 1080, 88) rotation=0}, mSources= { InsetsSource: {mType=ITYPE_STATUS_BAR, mFrame=[0,0][1080,88], mVisible=true, mInsetsRoundedCornerFrame=false}, InsetsSource: {mType=ITYPE_NAVIGATION_BAR, mFrame=[0,2274][1080,2400], mVisible=true, mInsetsRoundedCornerFrame=false}, InsetsSource: {mType=ITYPE_LEFT_GESTURES, mFrame=[0,0][0,2400], mVisible=true, mInsetsRoundedCornerFrame=false}, InsetsSource: {mType=ITYPE_RIGHT_GESTURES, mFrame=[1080,0][1080,2400], mVisible=true, mInsetsRoundedCornerFrame=false}, InsetsSource: {mType=ITYPE_TOP_MANDATORY_GESTURES, mFrame=[0,0][1080,120], mVisible=true, mInsetsRoundedCornerFrame=false}, InsetsSource: {mType=ITYPE_BOTTOM_MANDATORY_GESTURES, mFrame=[0,2274][1080,2400], mVisible=true, mInsetsRoundedCornerFrame=false}, InsetsSource: {mType=ITYPE_LEFT_DISPLAY_CUTOUT, mFrame=[0,0][-100000,2400], mVisible=true, mInsetsRoundedCornerFrame=false}, InsetsSource: {mType=ITYPE_TOP_DISPLAY_CUTOUT, mFrame=[0,0][1080,88], mVisible=true, mInsetsRoundedCornerFrame=false}, InsetsSource: {mType=ITYPE_RIGHT_DISPLAY_CUTOUT, mFrame=[100000,0][1080,2400], mVisible=true, mInsetsRoundedCornerFrame=false}, InsetsSource: {mType=ITYPE_BOTTOM_DISPLAY_CUTOUT, mFrame=[0,100000][1080,2400], mVisible=true, mInsetsRoundedCornerFrame=false}, InsetsSource: {mType=ITYPE_TOP_TAPPABLE_ELEMENT, mFrame=[0,0][1080,88], mVisible=true, mInsetsRoundedCornerFrame=false}, InsetsSource: {mType=ITYPE_BOTTOM_TAPPABLE_ELEMENT, mFrame=[0,2274][1080,2400], mVisible=true, mInsetsRoundedCornerFrame=false} } host=app.comaps.fdroid.debug/app.organicmaps.MwmActivity from=android.view.ViewRootImpl.setView:1732
07-16 10:50:22.118 I/ViewRootImpl@b70ee28[MwmActivity](27287): setView = com.android.internal.policy.DecorView@b27c657 TM=true
07-16 10:50:22.119 I/MSHandlerLifeCycle(27287): removeMultiSplitHandler: no exist. decor=DecorView@b27c657[MwmActivity]
07-16 10:50:22.120 I/Choreographer(27287): Skipped 61 frames!  The application may be doing too much work on its main thread.
07-16 10:50:22.126 I/SurfaceView@51f294f(27287): onWindowVisibilityChanged(0) true app.organicmaps.sdk.MapView{51f294f V.E...... ......I. 0,0-0,0 #7f090237 app:id/map} of ViewRootImpl@b70ee28[MwmActivity]
07-16 10:50:22.126 D/SurfaceView@51f294f(27287): updateSurface: has no frame
07-16 10:50:22.336 I/ViewRootImpl@b70ee28[MwmActivity](27287): performTraversals params={(0,0)(fillxfill) sim={state=always_hidden adjust=pan forwardNavigation} layoutInDisplayCutoutMode=always ty=BASE_APPLICATION wanim=0x1030309
07-16 10:50:22.336 I/ViewRootImpl@b70ee28[MwmActivity](27287):   fl=81810100
07-16 10:50:22.336 I/ViewRootImpl@b70ee28[MwmActivity](27287):   pfl=16020040
07-16 10:50:22.336 I/ViewRootImpl@b70ee28[MwmActivity](27287):   vsysui=2310
07-16 10:50:22.336 I/ViewRootImpl@b70ee28[MwmActivity](27287):   apr=LIGHT_STATUS_BARS LIGHT_NAVIGATION_BARS
07-16 10:50:22.336 I/ViewRootImpl@b70ee28[MwmActivity](27287):   bhv=DEFAULT
07-16 10:50:22.336 I/ViewRootImpl@b70ee28[MwmActivity](27287):   fitSides= naviIconColor=0}
07-16 10:50:22.338 I/ViewRootImpl@b70ee28[MwmActivity](27287): performTraversals mFirst=true windowShouldResize=true viewVisibilityChanged=false mForceNextWindowRelayout=false params={(0,0)(fillxfill) sim={state=always_hidden adjust=pan forwardNavigation} layoutInDisplayCutoutMode=always ty=BASE_APPLICATION fmt=TRANSLUCENT wanim=0x1030309
07-16 10:50:22.338 I/ViewRootImpl@b70ee28[MwmActivity](27287):   fl=81810100
07-16 10:50:22.338 I/ViewRootImpl@b70ee28[MwmActivity](27287):   pfl=16020040
07-16 10:50:22.338 I/ViewRootImpl@b70ee28[MwmActivity](27287):   vsysui=2310
07-16 10:50:22.338 I/ViewRootImpl@b70ee28[MwmActivity](27287):   apr=LIGHT_STATUS_BARS LIGHT_NAVIGATION_BARS
07-16 10:50:22.338 I/ViewRootImpl@b70ee28[MwmActivity](27287):   bhv=DEFAULT
07-16 10:50:22.338 I/ViewRootImpl@b70ee28[MwmActivity](27287):   fitSides= naviIconColor=0}
07-16 10:50:22.357 D/InsetsController(27287): onStateChanged: InsetsState: {mDisplayFrame=Rect(0, 0 - 1080, 2400), mDisplayCutout=DisplayCutout{insets=Rect(0, 88 - 0, 0) waterfall=Insets{left=0, top=0, right=0, bottom=0} boundingRect={Bounds=[Rect(0, 0 - 0, 0), Rect(512, 0 - 568, 88), Rect(0, 0 - 0, 0), Rect(0, 0 - 0, 0)]} cutoutPathParserInfo={CutoutPathParserInfo{displayWidth=1080 displayHeight=2400 physicalDisplayWidth=1080 physicalDisplayHeight=2400 density={2.625} cutoutSpec={M 0,0 M 0,12.25101276465640 a 10.60613009248640,10.60613009248640 0 1,0 0,21.21226018497290 a 10.60613009248640,10.60613009248640 0 1,0 0,-21.21226018497290 Z @dp} rotation={0} scale={1.0} physicalPixelDisplaySizeRatio={1.0}}}}, mRoundedCorners=RoundedCorners{[RoundedCorner{position=TopLeft, radius=84, center=Point(84, 84)}, RoundedCorner{position=TopRight, radius=84, center=Point(996, 84)}, RoundedCorner{position=BottomRight, radius=84, center=Point(996, 2316)}, RoundedCorner{position=BottomLeft, radius=84, center=Point(84, 2316)}]}  mRoundedCornerFrame=Rect(0, 0 - 1080, 2400), mPrivacyIndicatorBounds=PrivacyIndicatorBounds {static bounds=Rect(964, 0 - 1080, 88) rotation=0}, mSources= { InsetsSource: {mType=ITYPE_STATUS_BAR, mFrame=[0,0][1080,88], mVisible=true, mInsetsRoundedCornerFrame=false}, InsetsSource: {mType=ITYPE_NAVIGATION_BAR, mFrame=[0,2274][1080,2400], mVisible=true, mInsetsRoundedCornerFrame=false}, InsetsSource: {mType=ITYPE_LEFT_GESTURES, mFrame=[0,0][0,2400], mVisible=true, mInsetsRoundedCornerFrame=false}, InsetsSource: {mType=ITYPE_RIGHT_GESTURES, mFrame=[1080,0][1080,2400], mVisible=true, mInsetsRoundedCornerFrame=false}, InsetsSource: {mType=ITYPE_TOP_MANDATORY_GESTURES, mFrame=[0,0][1080,120], mVisible=true, mInsetsRoundedCornerFrame=false}, InsetsSource: {mType=ITYPE_BOTTOM_MANDATORY_GESTURES, mFrame=[0,2274][1080,2400], mVisible=true, mInsetsRoundedCornerFrame=false}, InsetsSource: {mType=ITYPE_LEFT_DISPLAY_CUTOUT, mFrame=[0,0][-100000,2400], mVisible=true, mInsetsRoundedCornerFrame=false}, InsetsSource: {mType=ITYPE_TOP_DISPLAY_CUTOUT, mFrame=[0,0][1080,88], mVisible=true, mInsetsRoundedCornerFrame=false}, InsetsSource: {mType=ITYPE_RIGHT_DISPLAY_CUTOUT, mFrame=[100000,0][1080,2400], mVisible=true, mInsetsRoundedCornerFrame=false}, InsetsSource: {mType=ITYPE_BOTTOM_DISPLAY_CUTOUT, mFrame=[0,100000][1080,2400], mVisible=true, mInsetsRoundedCornerFrame=false}, InsetsSource: {mType=ITYPE_TOP_TAPPABLE_ELEMENT, mFrame=[0,0][1080,88], mVisible=true, mInsetsRoundedCornerFrame=false}, InsetsSource: {mType=ITYPE_BOTTOM_TAPPABLE_ELEMENT, mFrame=[0,2274][1080,2400], mVisible=true, mInsetsRoundedCornerFrame=false}, InsetsSource: {mType=ITYPE_IME, mFrame=[0,0][0,0], mVisibleFrame=[0,1499][1080,2400], mVisible=false, mInsetsRoundedCornerFrame=false} } host=app.comaps.fdroid.debug/app.organicmaps.MwmActivity from=android.view.ViewRootImpl.relayoutWindow:9802
07-16 10:50:22.361 I/ViewRootImpl@b70ee28[MwmActivity](27287): updateBlastSurfaceIfNeeded mBlastBufferQueue=null isSameSurfaceControl=false
07-16 10:50:22.362 I/BLASTBufferQueue(27287): new BLASTBufferQueue, mName= ViewRootImpl@b70ee28[MwmActivity] mNativeObject= 0xddf1db80 sc.mNativeObject= 0xdc88e820 caller= android.view.ViewRootImpl.updateBlastSurfaceIfNeeded:2909 android.view.ViewRootImpl.relayoutWindow:9847 android.view.ViewRootImpl.performTraversals:3884 android.view.ViewRootImpl.doTraversal:3116 android.view.ViewRootImpl$TraversalRunnable.run:10885 android.view.Choreographer$CallbackRecord.run:1301 android.view.Choreographer$CallbackRecord.run:1309 android.view.Choreographer.doCallbacks:923 android.view.Choreographer.doFrame:852 android.view.Choreographer$FrameDisplayEventReceiver.run:1283 
07-16 10:50:22.362 I/BLASTBufferQueue(27287): update, w= 1080 h= 2400 mName = ViewRootImpl@b70ee28[MwmActivity] mNativeObject= 0xddf1db80 sc.mNativeObject= 0xdc88e820 format= -3 caller= android.graphics.BLASTBufferQueue.<init>:84 android.view.ViewRootImpl.updateBlastSurfaceIfNeeded:2909 android.view.ViewRootImpl.relayoutWindow:9847 android.view.ViewRootImpl.performTraversals:3884 android.view.ViewRootImpl.doTraversal:3116 android.view.ViewRootImpl$TraversalRunnable.run:10885 
07-16 10:50:22.363 I/ViewRootImpl@b70ee28[MwmActivity](27287): Relayout returned: old=(0,0,1080,2400) new=(0,0,1080,2400) req=(1080,2400)0 dur=23 res=0x3 s={true 0xe97f9400} ch=true seqId=0
07-16 10:50:22.366 I/ViewRootImpl@b70ee28[MwmActivity](27287): mThreadedRenderer.initialize() mSurface={isValid=true 0xe97f9400} hwInitialized=true
07-16 10:50:22.367 D/OpenGLRenderer(27287): eglCreateWindowSurface
07-16 10:50:22.496 D/SurfaceView@51f294f(27287): updateSurface: has no frame
07-16 10:50:22.525 I/SurfaceView@51f294f(27287): windowStopped(false) true app.organicmaps.sdk.MapView{51f294f V.E...... ......ID 0,0-1080,2400 #7f090237 app:id/map} of ViewRootImpl@b70ee28[MwmActivity]
07-16 10:50:22.525 D/SurfaceView@51f294f(27287): updateSurface: has no frame
07-16 10:50:22.561 I/ViewRootImpl@b70ee28[MwmActivity](27287): reportNextDraw android.view.ViewRootImpl.performTraversals:4438 android.view.ViewRootImpl.doTraversal:3116 android.view.ViewRootImpl$TraversalRunnable.run:10885 android.view.Choreographer$CallbackRecord.run:1301 android.view.Choreographer$CallbackRecord.run:1309 
07-16 10:50:22.562 I/SurfaceView@51f294f(27287): Changes: creating=true format=true size=true visible=true alpha=false hint=false mUseAlpha=false visible=true left=true top=true
07-16 10:50:22.569 I/BLASTBufferQueue(27287): update, w= 1080 h= 2400 mName = null mNativeObject= 0xdcf54180 sc.mNativeObject= 0xdc88ec30 format= 4 caller= android.view.SurfaceView.createBlastSurfaceControls:1383 android.view.SurfaceView.updateSurface:1079 android.view.SurfaceView.lambda$new$0$android-view-SurfaceView:200 android.view.SurfaceView$$ExternalSyntheticLambda5.onPreDraw:2 android.view.ViewTreeObserver.dispatchOnPreDraw:1121 android.view.ViewRootImpl.performTraversals:4442 
07-16 10:50:22.570 I/SurfaceView@51f294f(27287): 85928271 Cur surface: Surface(name=null)/@0x63a9da3
07-16 10:50:22.571 I/SurfaceView@51f294f(27287): pST: sr = Rect(0, 0 - 1080, 2400) sw = 1080 sh = 2400
07-16 10:50:22.573 D/SurfaceView@51f294f(27287): performSurfaceTransaction RenderWorker position = [0, 0, 1080, 2400] surfaceSize = 1080x2400
07-16 10:50:22.574 I/SurfaceView@51f294f(27287): applyTransactionOnVriDraw: vri = ViewRootImpl@b70ee28[MwmActivity] fRS = false t = 0xddf0bde0 android.view.SurfaceView.performSurfaceTransaction:959 android.view.SurfaceView.updateSurface:1105 android.view.SurfaceView.lambda$new$0$android-view-SurfaceView:200 
07-16 10:50:22.574 I/ViewRootImpl@b70ee28[MwmActivity](27287): applyTransactionOnDraw: mRemoved = false isHardwareEnabled = true t = 0xddf0bde0android.view.SurfaceView.applyTransactionOnVriDraw:2048 android.view.SurfaceView.performSurfaceTransaction:959 android.view.SurfaceView.updateSurface:1105 android.view.SurfaceView.lambda$new$0$android-view-SurfaceView:200 android.view.SurfaceView$$ExternalSyntheticLambda5.onPreDraw:2 
07-16 10:50:22.575 I/SurfaceView@51f294f(27287): updateSurface: mVisible = true mSurface.isValid() = true
07-16 10:50:22.575 I/SurfaceView@51f294f(27287): updateSurface: mSurfaceCreated = false surfaceChanged = true visibleChanged = true
07-16 10:50:22.575 I/SurfaceView@51f294f(27287): visibleChanged -- surfaceCreated
07-16 10:50:22.575 I/SurfaceView@51f294f(27287): surfaceCreated 1 #8 app.organicmaps.sdk.MapView{51f294f V.E...... ......ID 0,0-1080,2400 #7f090237 app:id/map}
07-16 10:50:22.577 D/MapView (27287): (main) MapView.java:28 surfaceCreated(): 
07-16 10:50:22.579 D/Map     (27287): (main) Map.java:154 onSurfaceCreated(): mSurfaceCreated = false
07-16 10:50:22.579 D/CoMapsDebug(27287): search/cities_boundaries_table.cpp:107 Load () - Localities count = 117359 ; with boundary = 47310
07-16 10:50:22.580 D/OMcore  (27287): (Thread-11) search/cities_boundaries_table.cpp:107 Load(): Localities count = 117359 ; with boundary = 47310
07-16 10:50:22.581 I/CoMapsDebug(27287): sdk/Framework.cpp:192 CreateDrapeEngine () - Android SDK version in the Drape Engine: 33
07-16 10:50:22.582 I/OMcore  (27287): (main) sdk/Framework.cpp:192 CreateDrapeEngine(): Android SDK version in the Drape Engine: 33
07-16 10:50:22.587 I/CoMapsDebug(27287): search/processor.cpp:310 LoadCitiesBoundaries () - Loaded cities boundaries
07-16 10:50:22.588 I/OMcore  (27287): (Thread-11) search/processor.cpp:310 LoadCitiesBoundaries(): Loaded cities boundaries
07-16 10:50:22.620 D/vulkan  (27287): searching for layers in '/data/app/~~PYa1VxiRgPYCwa1bvrt0Xg==/app.comaps.fdroid.debug-MJO_yC3gfzRxpjU7zakTlQ==/lib/arm'
07-16 10:50:22.621 D/vulkan  (27287): searching for layers in '/data/app/~~PYa1VxiRgPYCwa1bvrt0Xg==/app.comaps.fdroid.debug-MJO_yC3gfzRxpjU7zakTlQ==/base.apk!/lib/armeabi-v7a'
07-16 10:50:22.622 I/CoMapsDebug(27287): vulkan/vulkan_layers.cpp:259 Layers () - Vulkan instance extension prepared VK_KHR_surface
07-16 10:50:22.623 I/OMcore  (27287): (main) vulkan/vulkan_layers.cpp:259 Layers(): Vulkan instance extension prepared VK_KHR_surface
07-16 10:50:22.623 I/CoMapsDebug(27287): vulkan/vulkan_layers.cpp:259 Layers () - Vulkan instance extension prepared VK_KHR_android_surface
07-16 10:50:22.623 I/OMcore  (27287): (main) vulkan/vulkan_layers.cpp:259 Layers(): Vulkan instance extension prepared VK_KHR_android_surface
07-16 10:50:22.634 I/CoMapsDebug(27287): drape/support_manager.cpp:92 IsVulkanForbidden () - Device = Mali-G72 API = [3: 1 1 213 ] Driver = [3: 38 1 0 ] SDK = 33
07-16 10:50:22.635 I/OMcore  (27287): (main) drape/support_manager.cpp:92 IsVulkanForbidden(): Device = Mali-G72 API = [3: 1 1 213 ] Driver = [3: 38 1 0 ] SDK = 33
07-16 10:50:22.636 I/CoMapsDebug(27287): vulkan/vulkan_layers.cpp:372 Initialize () - Vulkan device extension prepared VK_KHR_swapchain
07-16 10:50:22.637 I/OMcore  (27287): (main) vulkan/vulkan_layers.cpp:372 Initialize(): Vulkan device extension prepared VK_KHR_swapchain
07-16 10:50:22.637 W/CoMapsDebug(27287): vulkan/vulkan_context_factory.cpp:204 VulkanContextFactory () - Widelines Vulkan feature is not supported.
07-16 10:50:22.637 W/OMcore  (27287): (main) vulkan/vulkan_context_factory.cpp:204 VulkanContextFactory(): Widelines Vulkan feature is not supported.
07-16 10:50:22.660 E/GraphicBufferAllocator(27287): Failed to allocate (4 x 4) layerCount 1 format 56 usage b00: 5
07-16 10:50:22.660 E/AHardwareBuffer(27287): GraphicBuffer(w=4, h=4, lc=1) failed (Unknown error -5), handle=0x0
07-16 10:50:22.663 E/GraphicBufferAllocator(27287): Failed to allocate (4 x 4) layerCount 1 format 56 usage b00: 5
07-16 10:50:22.663 E/AHardwareBuffer(27287): GraphicBuffer(w=4, h=4, lc=1) failed (Unknown error -5), handle=0x0
07-16 10:50:22.701 I/CoMapsDebug(27287): drape_frontend/visual_params.cpp:55 Init () - Visual scale = 2.625 ; Tile size = 1024 ; Resources = 6plus
07-16 10:50:22.702 I/OMcore  (27287): (main) drape_frontend/visual_params.cpp:55 Init(): Visual scale = 2.625 ; Tile size = 1024 ; Resources = 6plus
07-16 10:50:22.714 I/CoMapsDebug(27287): drape_frontend/backend_renderer.cpp:729 Do () - Start routine.
07-16 10:50:22.715 I/OMcore  (27287): (Thread-20) drape_frontend/backend_renderer.cpp:729 Do(): Start routine.
07-16 10:50:22.715 I/CoMapsDebug(27287): drape_frontend/backend_renderer.cpp:697 OnContextCreate () - On context create.
07-16 10:50:22.715 I/OMcore  (27287): (Thread-20) drape_frontend/backend_renderer.cpp:697 OnContextCreate(): On context create.
07-16 10:50:22.716 I/CoMapsDebug(27287): drape/support_manager.cpp:35 Init () - Renderer = Mali-G72 | Api = Vulkan | Version = API:1.1.213/Driver:38.1.0
07-16 10:50:22.716 I/OMcore  (27287): (Thread-20) drape/support_manager.cpp:35 Init(): Renderer = Mali-G72 | Api = Vulkan | Version = API:1.1.213/Driver:38.1.0
07-16 10:50:22.717 I/CoMapsDebug(27287): drape/support_manager.cpp:56 Init () - Max line width = 1 | Max texture size = 16384
07-16 10:50:22.718 I/OMcore  (27287): (Thread-20) drape/support_manager.cpp:56 Init(): Max line width = 1 | Max texture size = 16384
07-16 10:50:22.727 I/CoMapsDebug(27287): drape_frontend/frontend_renderer.cpp:2401 Do () - Start routine.
07-16 10:50:22.729 I/OMcore  (27287): (Thread-21) drape_frontend/frontend_renderer.cpp:2401 Do(): Start routine.
07-16 10:50:22.729 I/CoMapsDebug(27287): drape_frontend/frontend_renderer.cpp:2326 OnContextCreate () - On context create.
07-16 10:50:22.730 I/OMcore  (27287): (Thread-21) drape_frontend/frontend_renderer.cpp:2326 OnContextCreate(): On context create.
07-16 10:50:22.736 I/CoMapsDebug(27287): search/processor.cpp:195 SetPreferredLocale () - New preferred locale: en
07-16 10:50:22.737 I/OMcore  (27287): (Thread-11) search/processor.cpp:195 SetPreferredLocale(): New preferred locale: en
07-16 10:50:22.738 D/CoMapsDebug(27287): search/processor.cpp:214 SetInputLocale () - New input locale: en ; locale code: 1
07-16 10:50:22.739 D/OMcore  (27287): (Thread-11) search/processor.cpp:214 SetInputLocale(): New input locale: en ; locale code: 1
07-16 10:50:22.740 I/CoMapsDebug(27287): sdk/Framework.cpp:415 ResumeSurfaceRendering () - Resume surface rendering.
07-16 10:50:22.741 I/OMcore  (27287): (main) sdk/Framework.cpp:415 ResumeSurfaceRendering(): Resume surface rendering.
07-16 10:50:22.743 D/CoMapsDebug(27287): platform/platform_android.cpp:36 ~DbgLogger () - Source for file countries-strings/en.json/localize.json is r
07-16 10:50:22.743 I/CoMapsDebug(27287): platform/platform.cpp:216 GetFontNames () - Available font files: [129: fonts/00_NotoNaskhArabic-Regular.ttf fonts/00_NotoSansBengali-Regular.ttf fonts/00_NotoSansHebrew-Regular.ttf fonts/00_NotoSansMalayalam-Regular.ttf fonts/00_NotoSansThai-Regular.ttf fonts/00_NotoSerifDevanagari-Regular.ttf fonts/01_dejavusans.ttf fonts/02_droidsans-fallback.ttf fonts/03_jomolhari-id-a3d.ttf fonts/04_padauk.ttf fonts/05_khmeros.ttf fonts/06_code2000.ttf fonts/07_roboto_medium.ttf /system/fonts/NotoNaskhArabic-Regular.ttf /system/fonts/NotoNaskhArabicUI-Regular.ttf /system/fonts/NotoSansAhom-Regular.otf /system/fonts/NotoSansAnatolianHieroglyphs-Regular.otf /system/fonts/NotoSansAvestan-Regular.ttf /system/fonts/NotoSansBalinese-Regular.ttf /system/fonts/NotoSansBamum-Regular.ttf /system/fonts/NotoSansBassaVah-Regular.otf /system/fonts/NotoSansBatak-Regular.ttf /system/fonts/NotoSansBhaiksuki-Regular.otf /system/fonts/NotoSansBrahmi-Regular.ttf /system/fonts/NotoSansBuginese-Regular.ttf /system/fonts/NotoSansBuhid-Regular
07-16 10:50:22.743 D/OMcore  (27287): (Thread-11) platform/platform_android.cpp:36 ~DbgLogger(): Source for file countries-strings/en.json/localize.json is r
07-16 10:50:22.744 I/OMcore  (27287): (Thread-20) platform/platform.cpp:216 GetFontNames(): Available font files: [129: fonts/00_NotoNaskhArabic-Regular.ttf fonts/00_NotoSansBengali-Regular.ttf fonts/00_NotoSansHebrew-Regular.ttf fonts/00_NotoSansMalayalam-Regular.ttf fonts/00_NotoSansThai-Regular.ttf fonts/00_NotoSerifDevanagari-Regular.ttf fonts/01_dejavusans.ttf fonts/02_droidsans-fallback.ttf fonts/03_jomolhari-id-a3d.ttf fonts/04_padauk.ttf fonts/05_khmeros.ttf fonts/06_code2000.ttf fonts/07_roboto_medium.ttf /system/fonts/NotoNaskhArabic-Regular.ttf /system/fonts/NotoNaskhArabicUI-Regular.ttf /system/fonts/NotoSansAhom-Regular.otf /system/fonts/NotoSansAnatolianHieroglyphs-Regular.otf /system/fonts/NotoSansAvestan-Regular.ttf /system/fonts/NotoSansBalinese-Regular.ttf /system/fonts/NotoSansBamum-Regular.ttf /system/fonts/NotoSansBassaVah-Regular.otf /system/fonts/NotoSansBatak-Regular.ttf /system/fonts/NotoSansBhaiksuki-Regular.otf /system/fonts/NotoSansBrahmi-Regular.ttf /system/fonts/NotoSansBuginese-Regular.ttf /system/fonts/NotoSansBuhid-Regular.ttf /system/fonts/NotoSansCJK-Regular.ttc /system/fonts/NotoSansCanadianAboriginal-Regular.ttf /system/fonts/NotoSansCarian-Regular.ttf /system/fonts/NotoSansChakma-Regular.otf /system/fonts/NotoSansCham-Regular.ttf /system/fonts/NotoSansCherokee-Regular.ttf /system/fonts/NotoSansCoptic-Regular.ttf /system/fonts/NotoSansCuneiform-Regular.ttf /system/fonts/NotoSansCypriot-Regular.ttf /system/fonts/NotoSansDeseret-Regular.ttf /system/fonts/NotoSansEgyptianHieroglyphs-Regular.ttf /system/fonts/NotoSansElbasan-Regular.otf /system/fonts/NotoSansGlagolitic-Regular.ttf /system/fonts/NotoSansGothic-Regular.ttf /system/fonts/NotoSansGrantha-Regular.ttf /system/fonts/NotoSansGujarati-Regular.ttf /system/fonts/NotoSansGujaratiUI-Regular.ttf /system/fonts/NotoSansGunjalaGondi-Regular.otf /system/fonts/NotoSansHanifiRohingya-Regular.otf /system/fonts/NotoSansHanunoo-Regular.ttf /system/fonts/NotoSansHatran-Regular.otf /system/fonts/NotoSansHebrew-Regular.ttf /system/fonts/NotoSansImperialAramaic-Regular.ttf /system/fonts/NotoSansInscriptionalPahlavi-Regular.ttf /system/fonts/NotoSansInscriptionalParthian-Regular.ttf /system/fonts/NotoSansJavanese-Regular.otf /system/fonts/NotoSansKaithi-Regular.ttf /system/fonts/NotoSansKayahLi-Regular.ttf /system/fonts/NotoSansKharoshthi-Regular.ttf /system/fonts/NotoSansKhmerUI-Regular.ttf /system/fonts/NotoSansKhojki-Regular.otf /system/fonts/NotoSansLao-Regular.ttf /system/fonts/NotoSansLaoUI-Regular.ttf /system/fonts/NotoSansLepcha-Regular.ttf /system/fonts/NotoSansLimbu-Regular.ttf /system/fonts/NotoSansLinearA-Regular.otf /system/fonts/NotoSansLinearB-Regular.ttf /system/fonts/NotoSansLisu-Regular.ttf /system/fonts/NotoSansLycian-Regular.ttf /system/fonts/NotoSansLydian-Regular.ttf /system/fonts/NotoSansMandaic-Regular.ttf /system/fonts/NotoSansManichaean-Regular.otf /system/fonts/NotoSansMarchen-Regular.otf /system/fonts/NotoSansMasaramGondi-Regular.otf /system/fonts/NotoSansMeeteiMayek-Regular.ttf /system/fonts/NotoSansMeroitic-Regular.otf /system/fonts/NotoSansMiao-Regular.otf /system/fonts/NotoSansModi-Regular.ttf /system/fonts/NotoSansMongolian-Regular.ttf /system/fonts/NotoSansMro-Regular.otf /system/fonts/NotoSansMultani-Regular.otf /system/fonts/NotoSansMyanmar-Regular.otf /system/fonts/NotoSansMyanmarUI-Regular.otf /system/fonts/NotoSansNKo-Regular.ttf /system/fonts/NotoSansNabataean-Regular.otf /system/fonts/NotoSansNewTaiLue-Regular.ttf /system/fonts/NotoSansNewa-Regular.otf /system/fonts/NotoSansOgham-Regular.ttf /system/fonts/NotoSansOlChiki-Regular.ttf /system/fonts/NotoSansOldItalic-Regular.ttf /system/fonts/NotoSansOldNorthArabian-Regular.otf /system/fonts/NotoSansOldPermic-Regular.otf /system/fonts/NotoSansOldPersian-Regular.ttf /system/fonts/NotoSansOldSouthArabian-Regular.ttf /system/fonts/NotoSansOldTurkic-Regular.ttf /system/fonts/NotoSansOriya-Regular.ttf /system/fonts/NotoSansOriyaUI-Regular.ttf /system/fonts/NotoSansOsage-Regular.ttf /system/fonts/NotoSansOsmanya-Regular.ttf /system/fonts/NotoSansPahawhHmong-Regular.otf
07-16 10:50:22.746 I/SurfaceView@51f294f(27287): surfaceChanged -- format=4 w=1080 h=2400
07-16 10:50:22.747 I/SurfaceView@51f294f(27287): surfaceChanged (1080,2400) 1 #8 app.organicmaps.sdk.MapView{51f294f V.E...... ......ID 0,0-1080,2400 #7f090237 app:id/map}
07-16 10:50:22.748 D/MapView (27287): (main) MapView.java:36 surfaceChanged(): 
07-16 10:50:22.750 D/Map     (27287): (main) Map.java:209 onSurfaceChanged(): mSurfaceCreated = true
07-16 10:50:22.750 I/SurfaceView@51f294f(27287): surfaceRedrawNeeded
07-16 10:50:22.751 V/SurfaceView@51f294f(27287): Layout: x=0 y=0 w=1080 h=2400, frame=Rect(0, 0 - 1080, 2400)
07-16 10:50:22.756 D/CoMapsDebug(27287): platform/platform_android.cpp:36 ~DbgLogger () - Source for file symbols/6plus/light/symbols.sdf is r
07-16 10:50:22.757 D/OMcore  (27287): (Thread-20) platform/platform_android.cpp:36 ~DbgLogger(): Source for file symbols/6plus/light/symbols.sdf is r
07-16 10:50:22.796 I/ViewRootImpl@b70ee28[MwmActivity](27287): Setup new sync id=0
07-16 10:50:22.796 I/ViewRootImpl@b70ee28[MwmActivity](27287): Setting syncFrameCallback
07-16 10:50:22.796 E/SurfaceSyncer(27287): Failed to find sync for id=0
07-16 10:50:22.796 D/CoMapsDebug(27287): platform/platform_android.cpp:36 ~DbgLogger () - Source for file symbols/6plus/light/symbols.png is r
07-16 10:50:22.796 I/ViewRootImpl@b70ee28[MwmActivity](27287): registerCallbacksForSync syncBuffer=false
07-16 10:50:22.797 D/OMcore  (27287): (Thread-20) platform/platform_android.cpp:36 ~DbgLogger(): Source for file symbols/6plus/light/symbols.png is r
07-16 10:50:22.827 I/BLASTBufferQueue(27287): [SurfaceView[app.comaps.fdroid.debug/app.organicmaps.MwmActivity]@0#2](f:0,a:0) onFrameAvailable the first frame is available
07-16 10:50:22.833 D/SurfaceView@51f294f(27287): updateSurfacePosition RenderWorker, frameNr = 1, position = [0, 0, 1080, 2400] surfaceSize = 1080x2400
07-16 10:50:22.833 I/SurfaceView@51f294f(27287): uSP: rtp = Rect(0, 0 - 1080, 2400) rtsw = 1080 rtsh = 2400
07-16 10:50:22.834 I/SurfaceView@51f294f(27287): onSSPAndSRT: pl = 0 pt = 0 sx = 1.0 sy = 1.0
07-16 10:50:22.836 D/CoMapsDebug(27287): platform/platform_android.cpp:36 ~DbgLogger () - Source for file vulkan_shaders/reflection.json is r
07-16 10:50:22.836 I/SurfaceView@51f294f(27287): aOrMT: ViewRootImpl@b70ee28[MwmActivity] t = android.view.SurfaceControl$Transaction@4ca357e fN = 1 android.view.SurfaceView.-$$Nest$mapplyOrMergeTransaction:0 android.view.SurfaceView$SurfaceViewPositionUpdateListener.positionChanged:1537 android.graphics.RenderNode$CompositePositionUpdateListener.positionChanged:373 
07-16 10:50:22.837 D/OMcore  (27287): (Thread-21) platform/platform_android.cpp:36 ~DbgLogger(): Source for file vulkan_shaders/reflection.json is r
07-16 10:50:22.837 I/ViewRootImpl@b70ee28[MwmActivity](27287): mWNT: t=0xdc689960 mBlastBufferQueue=0xddf1db80 fn= 1 caller= android.view.SurfaceView.applyOrMergeTransaction:1455 android.view.SurfaceView.-$$Nest$mapplyOrMergeTransaction:0 android.view.SurfaceView$SurfaceViewPositionUpdateListener.positionChanged:1537 
07-16 10:50:22.839 I/ViewRootImpl@b70ee28[MwmActivity](27287): mWNT: t=0xddf0bde0 mBlastBufferQueue=0xddf1db80 fn= 1 caller= android.view.ViewRootImpl.lambda$applyTransactionOnDraw$11$android-view-ViewRootImpl:12865 android.view.ViewRootImpl$$ExternalSyntheticLambda1.onFrameDraw:4 android.graphics.HardwareRenderer$FrameDrawingCallback.onFrameDraw:924 
07-16 10:50:22.840 I/ViewRootImpl@b70ee28[MwmActivity](27287): Received frameDrawingCallback syncResult=0 frameNum=1.
07-16 10:50:22.840 I/ViewRootImpl@b70ee28[MwmActivity](27287): Setting up sync and frameCommitCallback
07-16 10:50:22.851 D/CoMapsDebug(27287): platform/platform_android.cpp:36 ~DbgLogger () - Source for file vulkan_shaders/shaders_pack.spv is r
07-16 10:50:22.851 D/OMcore  (27287): (Thread-21) platform/platform_android.cpp:36 ~DbgLogger(): Source for file vulkan_shaders/shaders_pack.spv is r
07-16 10:50:22.955 I/BLASTBufferQueue(27287): [ViewRootImpl@b70ee28[MwmActivity]#1](f:0,a:0) onFrameAvailable the first frame is available
07-16 10:50:22.957 I/ViewRootImpl@b70ee28[MwmActivity](27287): Received frameCommittedCallback lastAttemptedDrawFrameNum=1 didProduceBuffer=true
07-16 10:50:22.958 D/OpenGLRenderer(27287): CFMS:: SetUp Pid : 27287    Tid : 27393
07-16 10:50:22.960 I/ViewRootImpl@b70ee28[MwmActivity](27287): onSyncComplete
07-16 10:50:22.961 I/ViewRootImpl@b70ee28[MwmActivity](27287): setupSync seqId=0 mSyncId=0 fn=1 caller=android.view.ViewRootImpl$$ExternalSyntheticLambda11.accept:6 android.window.SurfaceSyncer.lambda$setupSync$1$android-window-SurfaceSyncer:128 android.window.SurfaceSyncer$$ExternalSyntheticLambda1.accept:8 android.window.SurfaceSyncer$SyncSet.checkIfSyncIsComplete:382 android.window.SurfaceSyncer$SyncSet.markSyncReady:359 android.window.SurfaceSyncer.markSyncReady:151 android.view.ViewRootImpl.performTraversals:4503 
07-16 10:50:22.961 I/ViewRootImpl@b70ee28[MwmActivity](27287): reportDrawFinished seqId=0 mSyncId=-1 fn=1 mSurfaceChangedTransaction=0xdc6890a0
07-16 10:50:22.964 I/OpenGLRenderer(27287): Davey! duration=1864ms; Flags=1, FrameTimelineVsyncId=40138776, IntendedVsync=360440394333319, Vsync=360441410463389, InputEventId=0, HandleInputStart=360441422933454, AnimationStart=360441422943377, PerformTraversalsStart=360441423178762, DrawStart=360442099397415, FrameDeadline=360440410999985, FrameInterval=360441422836916, FrameStartTime=16657870, SyncQueued=360442133980915, SyncStart=360442134333877, IssueDrawCommandsStart=360442134557185, SwapBuffers=360442256915454, FrameCompleted=360442259092761, DequeueBufferDuration=7528115, QueueBufferDuration=1114231, GpuCompleted=360442258729146, SwapBuffersCompleted=360442259092761, DisplayPresentTime=867203908224, CommandSubmissionCompleted=360442256915454, 
07-16 10:50:22.978 W/TtsPlayer(27287): (main) TtsPlayer.java:366 getUsableLanguages(): Failed to get usable languages Locale "in" is not supported by current TTS engine
07-16 10:50:22.981 W/TtsPlayer(27287): (main) TtsPlayer.java:366 getUsableLanguages(): Failed to get usable languages Locale "ca" is not supported by current TTS engine
07-16 10:50:22.983 W/TtsPlayer(27287): (main) TtsPlayer.java:366 getUsableLanguages(): Failed to get usable languages Locale "da" is not supported by current TTS engine
07-16 10:50:22.993 W/TtsPlayer(27287): (main) TtsPlayer.java:366 getUsableLanguages(): Failed to get usable languages Locale "eu" is not supported by current TTS engine
07-16 10:50:22.998 W/TtsPlayer(27287): (main) TtsPlayer.java:366 getUsableLanguages(): Failed to get usable languages Locale "hr" is not supported by current TTS engine
07-16 10:50:23.005 W/TtsPlayer(27287): (main) TtsPlayer.java:366 getUsableLanguages(): Failed to get usable languages Locale "sw" is not supported by current TTS engine
07-16 10:50:23.008 W/TtsPlayer(27287): (main) TtsPlayer.java:366 getUsableLanguages(): Failed to get usable languages Locale "lv" is not supported by current TTS engine
07-16 10:50:23.012 W/TtsPlayer(27287): (main) TtsPlayer.java:366 getUsableLanguages(): Failed to get usable languages Locale "lt" is not supported by current TTS engine
07-16 10:50:23.014 W/TtsPlayer(27287): (main) TtsPlayer.java:366 getUsableLanguages(): Failed to get usable languages Locale "hu" is not supported by current TTS engine
07-16 10:50:23.019 W/TtsPlayer(27287): (main) TtsPlayer.java:366 getUsableLanguages(): Failed to get usable languages Locale "nl" is not supported by current TTS engine
07-16 10:50:23.021 W/TtsPlayer(27287): (main) TtsPlayer.java:366 getUsableLanguages(): Failed to get usable languages Locale "nb" is not supported by current TTS engine
07-16 10:50:23.023 W/TtsPlayer(27287): (main) TtsPlayer.java:366 getUsableLanguages(): Failed to get usable languages Locale "pl" is not supported by current TTS engine
07-16 10:50:23.032 W/TtsPlayer(27287): (main) TtsPlayer.java:366 getUsableLanguages(): Failed to get usable languages Locale "ro" is not supported by current TTS engine
07-16 10:50:23.034 W/TtsPlayer(27287): (main) TtsPlayer.java:366 getUsableLanguages(): Failed to get usable languages Locale "sk" is not supported by current TTS engine
07-16 10:50:23.038 W/TtsPlayer(27287): (main) TtsPlayer.java:366 getUsableLanguages(): Failed to get usable languages Locale "fi" is not supported by current TTS engine
07-16 10:50:23.040 W/TtsPlayer(27287): (main) TtsPlayer.java:366 getUsableLanguages(): Failed to get usable languages Locale "sv" is not supported by current TTS engine
07-16 10:50:23.052 W/TtsPlayer(27287): (main) TtsPlayer.java:366 getUsableLanguages(): Failed to get usable languages Locale "vi" is not supported by current TTS engine
07-16 10:50:23.056 W/TtsPlayer(27287): (main) TtsPlayer.java:366 getUsableLanguages(): Failed to get usable languages Locale "tr" is not supported by current TTS engine
07-16 10:50:23.059 W/TtsPlayer(27287): (main) TtsPlayer.java:366 getUsableLanguages(): Failed to get usable languages Locale "cs" is not supported by current TTS engine
07-16 10:50:23.066 W/TtsPlayer(27287): (main) TtsPlayer.java:366 getUsableLanguages(): Failed to get usable languages Locale "el" is not supported by current TTS engine
07-16 10:50:23.068 W/TtsPlayer(27287): (main) TtsPlayer.java:366 getUsableLanguages(): Failed to get usable languages Locale "be" is not supported by current TTS engine
07-16 10:50:23.074 W/TtsPlayer(27287): (main) TtsPlayer.java:366 getUsableLanguages(): Failed to get usable languages Locale "bg" is not supported by current TTS engine
07-16 10:50:23.079 W/TtsPlayer(27287): (main) TtsPlayer.java:366 getUsableLanguages(): Failed to get usable languages Locale "sr" is not supported by current TTS engine
07-16 10:50:23.081 W/TtsPlayer(27287): (main) TtsPlayer.java:366 getUsableLanguages(): Failed to get usable languages Locale "uk" is not supported by current TTS engine
07-16 10:50:23.082 W/TtsPlayer(27287): (main) TtsPlayer.java:366 getUsableLanguages(): Failed to get usable languages Locale "ar" is not supported by current TTS engine
07-16 10:50:23.084 W/TtsPlayer(27287): (main) TtsPlayer.java:366 getUsableLanguages(): Failed to get usable languages Locale "fa" is not supported by current TTS engine
07-16 10:50:23.085 W/TtsPlayer(27287): (main) TtsPlayer.java:366 getUsableLanguages(): Failed to get usable languages Locale "mr" is not supported by current TTS engine
07-16 10:50:23.087 W/TtsPlayer(27287): (main) TtsPlayer.java:366 getUsableLanguages(): Failed to get usable languages Locale "hi" is not supported by current TTS engine
07-16 10:50:23.089 W/TtsPlayer(27287): (main) TtsPlayer.java:366 getUsableLanguages(): Failed to get usable languages Locale "th" is not supported by current TTS engine
07-16 10:50:23.090 W/TtsPlayer(27287): (main) TtsPlayer.java:366 getUsableLanguages(): Failed to get usable languages Locale "zh_CN" is not supported by current TTS engine
07-16 10:50:23.092 W/TtsPlayer(27287): (main) TtsPlayer.java:366 getUsableLanguages(): Failed to get usable languages Locale "zh_TW" is not supported by current TTS engine
07-16 10:50:23.096 W/TtsPlayer(27287): (main) TtsPlayer.java:366 getUsableLanguages(): Failed to get usable languages Locale "ja" is not supported by current TTS engine
07-16 10:50:23.098 W/TtsPlayer(27287): (main) TtsPlayer.java:366 getUsableLanguages(): Failed to get usable languages Locale "ko" is not supported by current TTS engine
07-16 10:50:23.100 W/TtsPlayer(27287): (main) TtsPlayer.java:366 getUsableLanguages(): Failed to get usable languages Locale "ta" is not supported by current TTS engine
07-16 10:50:23.101 D/TtsPlayer(27287): (main) TtsPlayer.java:394 refreshLanguagesInternal(): Selected locale en will be used for TTS
07-16 10:50:23.102 D/CoMapsDebug(27287): platform/platform_android.cpp:36 ~DbgLogger () - Source for file symbols/6plus/light/traffic-arrow.png is r
07-16 10:50:23.103 D/OMcore  (27287): (Thread-20) platform/platform_android.cpp:36 ~DbgLogger(): Source for file symbols/6plus/light/traffic-arrow.png is r
07-16 10:50:23.114 D/CoMapsDebug(27287): platform/platform_android.cpp:36 ~DbgLogger () - Source for file symbols/6plus/light/area-hatching.png is r
07-16 10:50:23.114 D/OMcore  (27287): (Thread-20) platform/platform_android.cpp:36 ~DbgLogger(): Source for file symbols/6plus/light/area-hatching.png is r
07-16 10:50:23.154 I/ps.fdroid.debug(27287): Background concurrent copying GC freed 7810KB AllocSpace bytes, 12(368KB) LOS objects, 49% free, 8089KB/15MB, paused 751us,313us total 190.157ms
07-16 10:50:23.164 I/CoMapsDebug(27287): routing/routing_session.cpp:920 SetTurnNotificationsLocale () - The language for turn notifications is en
07-16 10:50:23.165 I/OMcore  (27287): (main) routing/routing_session.cpp:920 SetTurnNotificationsLocale(): The language for turn notifications is en
07-16 10:50:23.177 D/CoMapsDebug(27287): platform/platform_android.cpp:36 ~DbgLogger () - Source for file sound-strings/en.json/localize.json is r
07-16 10:50:23.177 D/OMcore  (27287): (main) platform/platform_android.cpp:36 ~DbgLogger(): Source for file sound-strings/en.json/localize.json is r
07-16 10:50:23.191 I/Choreographer(27287): Skipped 63 frames!  The application may be doing too much work on its main thread.
07-16 10:50:23.211 W/CoMapsDebug(27287): platform/platform_android.cpp:117 GetReader () - Can't get reader: LocateZipException /home/runner/work/comaps/comaps/libs/coding/zip_reader.cpp:55, "Can't locate file inside zip assets/symbols/default/arrow-texture.png"
07-16 10:50:23.212 W/OMcore  (27287): (Thread-20) platform/platform_android.cpp:117 GetReader(): Can't get reader: LocateZipException /home/runner/work/comaps/comaps/libs/coding/zip_reader.cpp:55, "Can't locate file inside zip assets/symbols/default/arrow-texture.png"
07-16 10:50:23.212 W/CoMapsDebug(27287): platform/platform_android.cpp:125 GetReader () - Can't get reader for: symbols/default/arrow-texture.png in scope rw
07-16 10:50:23.212 W/OMcore  (27287): (Thread-20) platform/platform_android.cpp:125 GetReader(): Can't get reader for: symbols/default/arrow-texture.png in scope rw
07-16 10:50:23.221 D/CoMapsDebug(27287): platform/platform_android.cpp:36 ~DbgLogger () - Source for file symbols/default/arrow-texture.png is w
07-16 10:50:23.222 D/OMcore  (27287): (Thread-20) platform/platform_android.cpp:36 ~DbgLogger(): Source for file symbols/default/arrow-texture.png is w
07-16 10:50:23.228 D/CoMapsDebug(27287): platform/platform_android.cpp:36 ~DbgLogger () - Source for file symbols/default/smaa-area.png is r
07-16 10:50:23.229 D/OMcore  (27287): (Thread-20) platform/platform_android.cpp:36 ~DbgLogger(): Source for file symbols/default/smaa-area.png is r
07-16 10:50:23.247 D/LocationState(27287): (main) MwmActivity.java:1885 onMyPositionModeChanged(): newMode = PENDING_POSITION
07-16 10:50:23.256 I/LocationState(27287): (main) LocationHelper.java:432 start(): 
07-16 10:50:23.259 D/LocationState(27287): (main) LocationHelper.java:504 checkForAgpsUpdates(): A-GPS should be up to date
07-16 10:50:23.261 D/SensorHelper(27287): (main) SensorHelper.java:144 start(): 
07-16 10:50:23.270 I/OpenGLRenderer(27287): Davey! duration=1115ms; Flags=0, FrameTimelineVsyncId=40138835, IntendedVsync=360441443304812, Vsync=360442492291982, InputEventId=0, HandleInputStart=360442494206800, AnimationStart=360442494216069, PerformTraversalsStart=360442494553184, DrawStart=360442517966800, FrameDeadline=360441476622068, FrameInterval=360442494033607, FrameStartTime=16650590, SyncQueued=360442523287492, SyncStart=360442523394569, IssueDrawCommandsStart=360442523526415, SwapBuffers=360442556400030, FrameCompleted=360442558953184, DequeueBufferDuration=19105500, QueueBufferDuration=676577, GpuCompleted=360442558953184, SwapBuffersCompleted=360442558744569, DisplayPresentTime=-1619763318442950656, CommandSubmissionCompleted=360442556400030, 
07-16 10:50:23.298 D/SensorManager(27287): registerListener :: 1936879478, Samsung Rotation Vector Sensor, 66667, 0, 
07-16 10:50:23.298 I/LocationState(27287): (main) LocationHelper.java:440 start(): provider = AndroidNativeProvider mInFirstRun = false oldInterval = 0 interval = 500
07-16 10:50:23.299 D/AndroidNativeProvider(27287): (main) AndroidNativeProvider.java:80 start(): 
07-16 10:50:23.306 D/AndroidNativeProvider(27287): (main) AndroidNativeProvider.java:116 start(): Request Android native provider 'fused' to get locations at this interval = 500 ms
07-16 10:50:23.312 D/CoMapsDebug(27287): platform/platform_android.cpp:36 ~DbgLogger () - Source for file symbols/default/smaa-search.png is r
07-16 10:50:23.312 D/OMcore  (27287): (Thread-20) platform/platform_android.cpp:36 ~DbgLogger(): Source for file symbols/default/smaa-search.png is r
07-16 10:50:23.317 D/CoMapsDebug(27287): platform/platform_android.cpp:36 ~DbgLogger () - Source for file patterns.txt is r
07-16 10:50:23.318 D/OMcore  (27287): (Thread-20) platform/platform_android.cpp:36 ~DbgLogger(): Source for file patterns.txt is r
07-16 10:50:23.321 D/CoMapsDebug(27287): drape/texture_manager.cpp:397 InitStipplePen () - Patterns texture size = 512 512
07-16 10:50:23.321 D/OMcore  (27287): (Thread-20) drape/texture_manager.cpp:397 InitStipplePen(): Patterns texture size = 512 512
07-16 10:50:23.326 D/CoMapsDebug(27287): platform/platform_android.cpp:36 ~DbgLogger () - Source for file colors.txt is r
07-16 10:50:23.326 D/OMcore  (27287): (Thread-20) platform/platform_android.cpp:36 ~DbgLogger(): Source for file colors.txt is r
07-16 10:50:23.332 I/CoMapsDebug(27287): drape/texture_manager.cpp:346 Init () - Colors count = 958 texture size = 128 128
07-16 10:50:23.333 I/OMcore  (27287): (Thread-20) drape/texture_manager.cpp:346 Init(): Colors count = 958 texture size = 128 128
07-16 10:50:23.343 D/CoMapsDebug(27287): platform/platform_android.cpp:36 ~DbgLogger () - Source for file fonts/unicode_blocks.txt is r
07-16 10:50:23.344 D/OMcore  (27287): (Thread-20) platform/platform_android.cpp:36 ~DbgLogger(): Source for file fonts/unicode_blocks.txt is r
07-16 10:50:23.351 D/CoMapsDebug(27287): platform/platform_android.cpp:36 ~DbgLogger () - Source for file fonts/whitelist.txt is r
07-16 10:50:23.351 D/OMcore  (27287): (Thread-20) platform/platform_android.cpp:36 ~DbgLogger(): Source for file fonts/whitelist.txt is r
07-16 10:50:23.356 D/CoMapsDebug(27287): platform/platform_android.cpp:36 ~DbgLogger () - Source for file fonts/blacklist.txt is r
07-16 10:50:23.357 D/OMcore  (27287): (Thread-20) platform/platform_android.cpp:36 ~DbgLogger(): Source for file fonts/blacklist.txt is r
07-16 10:50:23.362 W/onAccuracyChanged(27287): Sensor android.sensor.rotation_vector has changed accuracy to 3
07-16 10:50:23.364 I/SurfaceView@51f294f(27287): finishedDrawing
07-16 10:50:23.368 D/CoMapsDebug(27287): platform/platform_android.cpp:36 ~DbgLogger () - Source for file fonts/00_NotoNaskhArabic-Regular.ttf is r
07-16 10:50:23.368 D/OMcore  (27287): (Thread-20) platform/platform_android.cpp:36 ~DbgLogger(): Source for file fonts/00_NotoNaskhArabic-Regular.ttf is r
07-16 10:50:23.370 D/MwmApplication(27287): (main) MwmApplication.java:209 onActivityDestroyed(): activity = app.organicmaps.DownloadResourcesLegacyActivity@7aacbae
07-16 10:50:23.372 I/Utils   (27287): (main) Utils.java:78 keepScreenOn(): KeepScreenOn = false window = com.android.internal.policy.PhoneWindow@24c6916
07-16 10:50:23.374 I/ViewRootImpl@b70ee28[MwmActivity](27287): MSG_WINDOW_FOCUS_CHANGED 1 0
07-16 10:50:23.375 I/ViewRootImpl@b70ee28[MwmActivity](27287): mThreadedRenderer.initializeIfNeeded()#2 mSurface={isValid=true 0xe97f9400}
07-16 10:50:23.377 D/CoMapsDebug(27287): platform/platform_android.cpp:36 ~DbgLogger () - Source for file fonts/00_NotoSansBengali-Regular.ttf is r
07-16 10:50:23.378 D/OMcore  (27287): (Thread-20) platform/platform_android.cpp:36 ~DbgLogger(): Source for file fonts/00_NotoSansBengali-Regular.ttf is r
07-16 10:50:23.383 D/CoMapsDebug(27287): platform/platform_android.cpp:36 ~DbgLogger () - Source for file fonts/00_NotoSansHebrew-Regular.ttf is r
07-16 10:50:23.383 D/OMcore  (27287): (Thread-20) platform/platform_android.cpp:36 ~DbgLogger(): Source for file fonts/00_NotoSansHebrew-Regular.ttf is r
07-16 10:50:23.388 D/InputMethodManager(27287): startInputInner - Id : 0
07-16 10:50:23.388 I/InputMethodManager(27287): startInputInner - mService.startInputOrWindowGainedFocus
07-16 10:50:23.388 D/CoMapsDebug(27287): platform/platform_android.cpp:36 ~DbgLogger () - Source for file fonts/00_NotoSansMalayalam-Regular.ttf is r
07-16 10:50:23.389 D/OMcore  (27287): (Thread-20) platform/platform_android.cpp:36 ~DbgLogger(): Source for file fonts/00_NotoSansMalayalam-Regular.ttf is r
07-16 10:50:23.395 D/CoMapsDebug(27287): platform/platform_android.cpp:36 ~DbgLogger () - Source for file fonts/00_NotoSansThai-Regular.ttf is r
07-16 10:50:23.395 D/OMcore  (27287): (Thread-20) platform/platform_android.cpp:36 ~DbgLogger(): Source for file fonts/00_NotoSansThai-Regular.ttf is r
07-16 10:50:23.401 D/CoMapsDebug(27287): platform/platform_android.cpp:36 ~DbgLogger () - Source for file fonts/00_NotoSerifDevanagari-Regular.ttf is r
07-16 10:50:23.402 D/OMcore  (27287): (Thread-20) platform/platform_android.cpp:36 ~DbgLogger(): Source for file fonts/00_NotoSerifDevanagari-Regular.ttf is r
07-16 10:50:23.407 D/CoMapsDebug(27287): platform/platform_android.cpp:36 ~DbgLogger () - Source for file fonts/01_dejavusans.ttf is r
07-16 10:50:23.408 D/OMcore  (27287): (Thread-20) platform/platform_android.cpp:36 ~DbgLogger(): Source for file fonts/01_dejavusans.ttf is r
07-16 10:50:23.420 D/CoMapsDebug(27287): platform/platform_android.cpp:36 ~DbgLogger () - Source for file fonts/02_droidsans-fallback.ttf is r
07-16 10:50:23.421 D/OMcore  (27287): (Thread-20) platform/platform_android.cpp:36 ~DbgLogger(): Source for file fonts/02_droidsans-fallback.ttf is r
07-16 10:50:23.447 D/CoMapsDebug(27287): platform/platform_android.cpp:36 ~DbgLogger () - Source for file fonts/03_jomolhari-id-a3d.ttf is r
07-16 10:50:23.448 D/OMcore  (27287): (Thread-20) platform/platform_android.cpp:36 ~DbgLogger(): Source for file fonts/03_jomolhari-id-a3d.ttf is r
07-16 10:50:23.462 D/CoMapsDebug(27287): platform/platform_android.cpp:36 ~DbgLogger () - Source for file fonts/04_padauk.ttf is r
07-16 10:50:23.462 D/OMcore  (27287): (Thread-20) platform/platform_android.cpp:36 ~DbgLogger(): Source for file fonts/04_padauk.ttf is r
07-16 10:50:23.469 D/CoMapsDebug(27287): platform/platform_android.cpp:36 ~DbgLogger () - Source for file fonts/05_khmeros.ttf is r
07-16 10:50:23.470 D/OMcore  (27287): (Thread-20) platform/platform_android.cpp:36 ~DbgLogger(): Source for file fonts/05_khmeros.ttf is r
07-16 10:50:23.476 D/CoMapsDebug(27287): platform/platform_android.cpp:36 ~DbgLogger () - Source for file fonts/06_code2000.ttf is r
07-16 10:50:23.477 D/OMcore  (27287): (Thread-20) platform/platform_android.cpp:36 ~DbgLogger(): Source for file fonts/06_code2000.ttf is r
07-16 10:50:23.503 D/CoMapsDebug(27287): platform/platform_android.cpp:36 ~DbgLogger () - Source for file fonts/07_roboto_medium.ttf is r
07-16 10:50:23.504 D/OMcore  (27287): (Thread-20) platform/platform_android.cpp:36 ~DbgLogger(): Source for file fonts/07_roboto_medium.ttf is r
07-16 10:50:23.507 D/CoMapsDebug(27287): platform/platform_android.cpp:36 ~DbgLogger () - Source for file /system/fonts/NotoNaskhArabic-Regular.ttf is f
07-16 10:50:23.507 D/OMcore  (27287): (Thread-20) platform/platform_android.cpp:36 ~DbgLogger(): Source for file /system/fonts/NotoNaskhArabic-Regular.ttf is f
07-16 10:50:23.512 D/CoMapsDebug(27287): platform/platform_android.cpp:36 ~DbgLogger () - Source for file /system/fonts/NotoNaskhArabicUI-Regular.ttf is f
07-16 10:50:23.513 D/OMcore  (27287): (Thread-20) platform/platform_android.cpp:36 ~DbgLogger(): Source for file /system/fonts/NotoNaskhArabicUI-Regular.ttf is f
07-16 10:50:23.516 D/CoMapsDebug(27287): platform/platform_android.cpp:36 ~DbgLogger () - Source for file /system/fonts/NotoSansAhom-Regular.otf is f
07-16 10:50:23.517 D/OMcore  (27287): (Thread-20) platform/platform_android.cpp:36 ~DbgLogger(): Source for file /system/fonts/NotoSansAhom-Regular.otf is f
07-16 10:50:23.520 D/CoMapsDebug(27287): platform/platform_android.cpp:36 ~DbgLogger () - Source for file /system/fonts/NotoSansAnatolianHieroglyphs-Regular.otf is f
07-16 10:50:23.520 D/OMcore  (27287): (Thread-20) platform/platform_android.cpp:36 ~DbgLogger(): Source for file /system/fonts/NotoSansAnatolianHieroglyphs-Regular.otf is f
07-16 10:50:23.527 I/ViewRootImpl@8f2b4d2[DownloadResourcesActivity](27287): handleAppVisibility mAppVisible = true visible = false
07-16 10:50:23.528 I/ViewRootImpl@8f2b4d2[DownloadResourcesActivity](27287): stopped(true) old = false
07-16 10:50:23.528 I/ViewRootImpl@8f2b4d2[DownloadResourcesActivity](27287): WindowStopped on app.comaps.fdroid.debug/app.organicmaps.DownloadResourcesActivity set to true
07-16 10:50:23.528 D/CoMapsDebug(27287): platform/platform_android.cpp:36 ~DbgLogger () - Source for file /system/fonts/NotoSansAvestan-Regular.ttf is f
07-16 10:50:23.529 D/OMcore  (27287): (Thread-20) platform/platform_android.cpp:36 ~DbgLogger(): Source for file /system/fonts/NotoSansAvestan-Regular.ttf is f
07-16 10:50:23.532 D/CoMapsDebug(27287): platform/platform_android.cpp:36 ~DbgLogger () - Source for file /system/fonts/NotoSansBalinese-Regular.ttf is f
07-16 10:50:23.533 D/OMcore  (27287): (Thread-20) platform/platform_android.cpp:36 ~DbgLogger(): Source for file /system/fonts/NotoSansBalinese-Regular.ttf is f
07-16 10:50:23.535 D/CoMapsDebug(27287): platform/platform_android.cpp:36 ~DbgLogger () - Source for file /system/fonts/NotoSansBamum-Regular.ttf is f
07-16 10:50:23.536 D/OMcore  (27287): (Thread-20) platform/platform_android.cpp:36 ~DbgLogger(): Source for file /system/fonts/NotoSansBamum-Regular.ttf is f
07-16 10:50:23.543 D/CoMapsDebug(27287): platform/platform_android.cpp:36 ~DbgLogger () - Source for file /system/fonts/NotoSansBassaVah-Regular.otf is f
07-16 10:50:23.544 D/OMcore  (27287): (Thread-20) platform/platform_android.cpp:36 ~DbgLogger(): Source for file /system/fonts/NotoSansBassaVah-Regular.otf is f
07-16 10:50:23.544 I/MSHandlerLifeCycle(27287): removeMultiSplitHandler: no exist. decor=DecorView@b9ea0d4[DownloadResourcesActivity]
07-16 10:50:23.546 D/MwmApplication(27287): (main) MwmApplication.java:209 onActivityDestroyed(): activity = app.organicmaps.SplashActivity@acf8e0e
07-16 10:50:23.547 D/CoMapsDebug(27287): platform/platform_android.cpp:36 ~DbgLogger () - Source for file /system/fonts/NotoSansBatak-Regular.ttf is f
07-16 10:50:23.548 D/OMcore  (27287): (Thread-20) platform/platform_android.cpp:36 ~DbgLogger(): Source for file /system/fonts/NotoSansBatak-Regular.ttf is f
07-16 10:50:23.550 D/CoMapsDebug(27287): platform/platform_android.cpp:36 ~DbgLogger () - Source for file /system/fonts/NotoSansBhaiksuki-Regular.otf is f
07-16 10:50:23.550 I/MSHandlerLifeCycle(27287): removeMultiSplitHandler: no exist. decor=DecorView@b9ea0d4[DownloadResourcesActivity]
07-16 10:50:23.550 D/OMcore  (27287): (Thread-20) platform/platform_android.cpp:36 ~DbgLogger(): Source for file /system/fonts/NotoSansBhaiksuki-Regular.otf is f
07-16 10:50:23.551 D/OpenGLRenderer(27287): setSurface called with nullptr
07-16 10:50:23.551 D/OpenGLRenderer(27287): setSurface() destroyed EGLSurface
07-16 10:50:23.551 D/OpenGLRenderer(27287): destroyEglSurface
07-16 10:50:23.553 I/ViewRootImpl@8f2b4d2[DownloadResourcesActivity](27287): dispatchDetachedFromWindow
07-16 10:50:23.554 D/CoMapsDebug(27287): platform/platform_android.cpp:36 ~DbgLogger () - Source for file /system/fonts/NotoSansBrahmi-Regular.ttf is f
07-16 10:50:23.555 D/OMcore  (27287): (Thread-20) platform/platform_android.cpp:36 ~DbgLogger(): Source for file /system/fonts/NotoSansBrahmi-Regular.ttf is f
07-16 10:50:23.560 D/CoMapsDebug(27287): platform/platform_android.cpp:36 ~DbgLogger () - Source for file /system/fonts/NotoSansBuginese-Regular.ttf is f
07-16 10:50:23.560 D/OMcore  (27287): (Thread-20) platform/platform_android.cpp:36 ~DbgLogger(): Source for file /system/fonts/NotoSansBuginese-Regular.ttf is f
07-16 10:50:23.562 D/CoMapsDebug(27287): platform/platform_android.cpp:36 ~DbgLogger () - Source for file /system/fonts/NotoSansBuhid-Regular.ttf is f
07-16 10:50:23.562 D/OMcore  (27287): (Thread-20) platform/platform_android.cpp:36 ~DbgLogger(): Source for file /system/fonts/NotoSansBuhid-Regular.ttf is f
07-16 10:50:23.566 D/CoMapsDebug(27287): platform/platform_android.cpp:36 ~DbgLogger () - Source for file /system/fonts/NotoSansCJK-Regular.ttc is f
07-16 10:50:23.567 D/InputTransport(27287): Input channel destroyed: '641ab28', fd=100
07-16 10:50:23.567 D/OMcore  (27287): (Thread-20) platform/platform_android.cpp:36 ~DbgLogger(): Source for file /system/fonts/NotoSansCJK-Regular.ttc is f
07-16 10:50:23.617 D/CoMapsDebug(27287): platform/platform_android.cpp:36 ~DbgLogger () - Source for file /system/fonts/NotoSansCanadianAboriginal-Regular.ttf is f
07-16 10:50:23.618 D/OMcore  (27287): (Thread-20) platform/platform_android.cpp:36 ~DbgLogger(): Source for file /system/fonts/NotoSansCanadianAboriginal-Regular.ttf is f
07-16 10:50:23.621 D/CoMapsDebug(27287): platform/platform_android.cpp:36 ~DbgLogger () - Source for file /system/fonts/NotoSansCarian-Regular.ttf is f
07-16 10:50:23.621 D/OMcore  (27287): (Thread-20) platform/platform_android.cpp:36 ~DbgLogger(): Source for file /system/fonts/NotoSansCarian-Regular.ttf is f
07-16 10:50:23.623 D/CoMapsDebug(27287): platform/platform_android.cpp:36 ~DbgLogger () - Source for file /system/fonts/NotoSansChakma-Regular.otf is f
07-16 10:50:23.623 D/OMcore  (27287): (Thread-20) platform/platform_android.cpp:36 ~DbgLogger(): Source for file /system/fonts/NotoSansChakma-Regular.otf is f
07-16 10:50:23.626 D/CoMapsDebug(27287): platform/platform_android.cpp:36 ~DbgLogger () - Source for file /system/fonts/NotoSansCham-Regular.ttf is f
07-16 10:50:23.626 D/OMcore  (27287): (Thread-20) platform/platform_android.cpp:36 ~DbgLogger(): Source for file /system/fonts/NotoSansCham-Regular.ttf is f
07-16 10:50:23.629 D/CoMapsDebug(27287): platform/platform_android.cpp:36 ~DbgLogger () - Source for file /system/fonts/NotoSansCherokee-Regular.ttf is f
07-16 10:50:23.629 D/OMcore  (27287): (Thread-20) platform/platform_android.cpp:36 ~DbgLogger(): Source for file /system/fonts/NotoSansCherokee-Regular.ttf is f
07-16 10:50:23.632 D/CoMapsDebug(27287): platform/platform_android.cpp:36 ~DbgLogger () - Source for file /system/fonts/NotoSansCoptic-Regular.ttf is f
07-16 10:50:23.632 D/OMcore  (27287): (Thread-20) platform/platform_android.cpp:36 ~DbgLogger(): Source for file /system/fonts/NotoSansCoptic-Regular.ttf is f
07-16 10:50:23.634 D/CoMapsDebug(27287): platform/platform_android.cpp:36 ~DbgLogger () - Source for file /system/fonts/NotoSansCuneiform-Regular.ttf is f
07-16 10:50:23.635 D/OMcore  (27287): (Thread-20) platform/platform_android.cpp:36 ~DbgLogger(): Source for file /system/fonts/NotoSansCuneiform-Regular.ttf is f
07-16 10:50:23.637 D/CoMapsDebug(27287): platform/platform_android.cpp:36 ~DbgLogger () - Source for file /system/fonts/NotoSansCypriot-Regular.ttf is f
07-16 10:50:23.638 D/OMcore  (27287): (Thread-20) platform/platform_android.cpp:36 ~DbgLogger(): Source for file /system/fonts/NotoSansCypriot-Regular.ttf is f
07-16 10:50:23.639 D/CoMapsDebug(27287): platform/platform_android.cpp:36 ~DbgLogger () - Source for file /system/fonts/NotoSansDeseret-Regular.ttf is f
07-16 10:50:23.639 D/OMcore  (27287): (Thread-20) platform/platform_android.cpp:36 ~DbgLogger(): Source for file /system/fonts/NotoSansDeseret-Regular.ttf is f
07-16 10:50:23.641 D/CoMapsDebug(27287): platform/platform_android.cpp:36 ~DbgLogger () - Source for file /system/fonts/NotoSansEgyptianHieroglyphs-Regular.ttf is f
07-16 10:50:23.642 D/OMcore  (27287): (Thread-20) platform/platform_android.cpp:36 ~DbgLogger(): Source for file /system/fonts/NotoSansEgyptianHieroglyphs-Regular.ttf is f
07-16 10:50:23.644 D/CoMapsDebug(27287): platform/platform_android.cpp:36 ~DbgLogger () - Source for file /system/fonts/NotoSansElbasan-Regular.otf is f
07-16 10:50:23.645 D/OMcore  (27287): (Thread-20) platform/platform_android.cpp:36 ~DbgLogger(): Source for file /system/fonts/NotoSansElbasan-Regular.otf is f
07-16 10:50:23.647 D/LocationState(27287): (main) LocationHelper.java:71 onStarted(): 
07-16 10:50:23.647 D/CoMapsDebug(27287): platform/platform_android.cpp:36 ~DbgLogger () - Source for file /system/fonts/NotoSansGlagolitic-Regular.ttf is f
07-16 10:50:23.648 D/OMcore  (27287): (Thread-20) platform/platform_android.cpp:36 ~DbgLogger(): Source for file /system/fonts/NotoSansGlagolitic-Regular.ttf is f
07-16 10:50:23.649 D/CoMapsDebug(27287): platform/platform_android.cpp:36 ~DbgLogger () - Source for file /system/fonts/NotoSansGothic-Regular.ttf is f
07-16 10:50:23.650 D/OMcore  (27287): (Thread-20) platform/platform_android.cpp:36 ~DbgLogger(): Source for file /system/fonts/NotoSansGothic-Regular.ttf is f
07-16 10:50:23.651 D/CoMapsDebug(27287): platform/platform_android.cpp:36 ~DbgLogger () - Source for file /system/fonts/NotoSansGrantha-Regular.ttf is f
07-16 10:50:23.651 D/OMcore  (27287): (Thread-20) platform/platform_android.cpp:36 ~DbgLogger(): Source for file /system/fonts/NotoSansGrantha-Regular.ttf is f
07-16 10:50:23.654 D/CoMapsDebug(27287): platform/platform_android.cpp:36 ~DbgLogger () - Source for file /system/fonts/NotoSansGujarati-Regular.ttf is f
07-16 10:50:23.655 D/OMcore  (27287): (Thread-20) platform/platform_android.cpp:36 ~DbgLogger(): Source for file /system/fonts/NotoSansGujarati-Regular.ttf is f
07-16 10:50:23.657 D/CoMapsDebug(27287): platform/platform_android.cpp:36 ~DbgLogger () - Source for file /system/fonts/NotoSansGujaratiUI-Regular.ttf is f
07-16 10:50:23.658 D/OMcore  (27287): (Thread-20) platform/platform_android.cpp:36 ~DbgLogger(): Source for file /system/fonts/NotoSansGujaratiUI-Regular.ttf is f
07-16 10:50:23.662 D/CoMapsDebug(27287): platform/platform_android.cpp:36 ~DbgLogger () - Source for file /system/fonts/NotoSansGunjalaGondi-Regular.otf is f
07-16 10:50:23.663 D/OMcore  (27287): (Thread-20) platform/platform_android.cpp:36 ~DbgLogger(): Source for file /system/fonts/NotoSansGunjalaGondi-Regular.otf is f
07-16 10:50:23.665 D/CoMapsDebug(27287): platform/platform_android.cpp:36 ~DbgLogger () - Source for file /system/fonts/NotoSansHanifiRohingya-Regular.otf is f
07-16 10:50:23.666 D/OMcore  (27287): (Thread-20) platform/platform_android.cpp:36 ~DbgLogger(): Source for file /system/fonts/NotoSansHanifiRohingya-Regular.otf is f
07-16 10:50:23.668 D/CoMapsDebug(27287): platform/platform_android.cpp:36 ~DbgLogger () - Source for file /system/fonts/NotoSansHanunoo-Regular.ttf is f
07-16 10:50:23.668 D/OMcore  (27287): (Thread-20) platform/platform_android.cpp:36 ~DbgLogger(): Source for file /system/fonts/NotoSansHanunoo-Regular.ttf is f
07-16 10:50:23.669 D/CoMapsDebug(27287): platform/platform_android.cpp:36 ~DbgLogger () - Source for file /system/fonts/NotoSansHatran-Regular.otf is f
07-16 10:50:23.670 D/OMcore  (27287): (Thread-20) platform/platform_android.cpp:36 ~DbgLogger(): Source for file /system/fonts/NotoSansHatran-Regular.otf is f
07-16 10:50:23.672 D/CoMapsDebug(27287): platform/platform_android.cpp:36 ~DbgLogger () - Source for file /system/fonts/NotoSansHebrew-Regular.ttf is f
07-16 10:50:23.672 D/OMcore  (27287): (Thread-20) platform/platform_android.cpp:36 ~DbgLogger(): Source for file /system/fonts/NotoSansHebrew-Regular.ttf is f
07-16 10:50:23.674 D/CoMapsDebug(27287): platform/platform_android.cpp:36 ~DbgLogger () - Source for file /system/fonts/NotoSansImperialAramaic-Regular.ttf is f
07-16 10:50:23.675 D/OMcore  (27287): (Thread-20) platform/platform_android.cpp:36 ~DbgLogger(): Source for file /system/fonts/NotoSansImperialAramaic-Regular.ttf is f
07-16 10:50:23.677 D/CoMapsDebug(27287): platform/platform_android.cpp:36 ~DbgLogger () - Source for file /system/fonts/NotoSansInscriptionalPahlavi-Regular.ttf is f
07-16 10:50:23.677 D/OMcore  (27287): (Thread-20) platform/platform_android.cpp:36 ~DbgLogger(): Source for file /system/fonts/NotoSansInscriptionalPahlavi-Regular.ttf is f
07-16 10:50:23.678 D/CoMapsDebug(27287): platform/platform_android.cpp:36 ~DbgLogger () - Source for file /system/fonts/NotoSansInscriptionalParthian-Regular.ttf is f
07-16 10:50:23.679 D/OMcore  (27287): (Thread-20) platform/platform_android.cpp:36 ~DbgLogger(): Source for file /system/fonts/NotoSansInscriptionalParthian-Regular.ttf is f
07-16 10:50:23.681 D/CoMapsDebug(27287): platform/platform_android.cpp:36 ~DbgLogger () - Source for file /system/fonts/NotoSansJavanese-Regular.otf is f
07-16 10:50:23.682 D/OMcore  (27287): (Thread-20) platform/platform_android.cpp:36 ~DbgLogger(): Source for file /system/fonts/NotoSansJavanese-Regular.otf is f
07-16 10:50:23.685 D/CoMapsDebug(27287): platform/platform_android.cpp:36 ~DbgLogger () - Source for file /system/fonts/NotoSansKaithi-Regular.ttf is f
07-16 10:50:23.686 D/OMcore  (27287): (Thread-20) platform/platform_android.cpp:36 ~DbgLogger(): Source for file /system/fonts/NotoSansKaithi-Regular.ttf is f
07-16 10:50:23.688 D/CoMapsDebug(27287): platform/platform_android.cpp:36 ~DbgLogger () - Source for file /system/fonts/NotoSansKayahLi-Regular.ttf is f
07-16 10:50:23.688 D/OMcore  (27287): (Thread-20) platform/platform_android.cpp:36 ~DbgLogger(): Source for file /system/fonts/NotoSansKayahLi-Regular.ttf is f
07-16 10:50:23.690 D/CoMapsDebug(27287): platform/platform_android.cpp:36 ~DbgLogger () - Source for file /system/fonts/NotoSansKharoshthi-Regular.ttf is f
07-16 10:50:23.690 D/OMcore  (27287): (Thread-20) platform/platform_android.cpp:36 ~DbgLogger(): Source for file /system/fonts/NotoSansKharoshthi-Regular.ttf is f
07-16 10:50:23.693 D/CoMapsDebug(27287): platform/platform_android.cpp:36 ~DbgLogger () - Source for file /system/fonts/NotoSansKhmerUI-Regular.ttf is f
07-16 10:50:23.694 D/OMcore  (27287): (Thread-20) platform/platform_android.cpp:36 ~DbgLogger(): Source for file /system/fonts/NotoSansKhmerUI-Regular.ttf is f
07-16 10:50:23.696 D/CoMapsDebug(27287): platform/platform_android.cpp:36 ~DbgLogger () - Source for file /system/fonts/NotoSansKhojki-Regular.otf is f
07-16 10:50:23.696 D/OMcore  (27287): (Thread-20) platform/platform_android.cpp:36 ~DbgLogger(): Source for file /system/fonts/NotoSansKhojki-Regular.otf is f
07-16 10:50:23.699 D/CoMapsDebug(27287): platform/platform_android.cpp:36 ~DbgLogger () - Source for file /system/fonts/NotoSansLao-Regular.ttf is f
07-16 10:50:23.700 D/OMcore  (27287): (Thread-20) platform/platform_android.cpp:36 ~DbgLogger(): Source for file /system/fonts/NotoSansLao-Regular.ttf is f
07-16 10:50:23.701 D/CoMapsDebug(27287): platform/platform_android.cpp:36 ~DbgLogger () - Source for file /system/fonts/NotoSansLaoUI-Regular.ttf is f
07-16 10:50:23.702 D/OMcore  (27287): (Thread-20) platform/platform_android.cpp:36 ~DbgLogger(): Source for file /system/fonts/NotoSansLaoUI-Regular.ttf is f
07-16 10:50:23.703 D/CoMapsDebug(27287): platform/platform_android.cpp:36 ~DbgLogger () - Source for file /system/fonts/NotoSansLepcha-Regular.ttf is f
07-16 10:50:23.704 D/OMcore  (27287): (Thread-20) platform/platform_android.cpp:36 ~DbgLogger(): Source for file /system/fonts/NotoSansLepcha-Regular.ttf is f
07-16 10:50:23.706 D/CoMapsDebug(27287): platform/platform_android.cpp:36 ~DbgLogger () - Source for file /system/fonts/NotoSansLimbu-Regular.ttf is f
07-16 10:50:23.707 D/OMcore  (27287): (Thread-20) platform/platform_android.cpp:36 ~DbgLogger(): Source for file /system/fonts/NotoSansLimbu-Regular.ttf is f
07-16 10:50:23.708 D/CoMapsDebug(27287): platform/platform_android.cpp:36 ~DbgLogger () - Source for file /system/fonts/NotoSansLinearA-Regular.otf is f
07-16 10:50:23.709 D/OMcore  (27287): (Thread-20) platform/platform_android.cpp:36 ~DbgLogger(): Source for file /system/fonts/NotoSansLinearA-Regular.otf is f
07-16 10:50:23.714 D/CoMapsDebug(27287): platform/platform_android.cpp:36 ~DbgLogger () - Source for file /system/fonts/NotoSansLinearB-Regular.ttf is f
07-16 10:50:23.714 D/OMcore  (27287): (Thread-20) platform/platform_android.cpp:36 ~DbgLogger(): Source for file /system/fonts/NotoSansLinearB-Regular.ttf is f
07-16 10:50:23.717 D/CoMapsDebug(27287): platform/platform_android.cpp:36 ~DbgLogger () - Source for file /system/fonts/NotoSansLisu-Regular.ttf is f
07-16 10:50:23.718 D/OMcore  (27287): (Thread-20) platform/platform_android.cpp:36 ~DbgLogger(): Source for file /system/fonts/NotoSansLisu-Regular.ttf is f
07-16 10:50:23.719 D/CoMapsDebug(27287): platform/platform_android.cpp:36 ~DbgLogger () - Source for file /system/fonts/NotoSansLycian-Regular.ttf is f
07-16 10:50:23.719 D/OMcore  (27287): (Thread-20) platform/platform_android.cpp:36 ~DbgLogger(): Source for file /system/fonts/NotoSansLycian-Regular.ttf is f
07-16 10:50:23.722 D/CoMapsDebug(27287): platform/platform_android.cpp:36 ~DbgLogger () - Source for file /system/fonts/NotoSansLydian-Regular.ttf is f
07-16 10:50:23.722 D/OMcore  (27287): (Thread-20) platform/platform_android.cpp:36 ~DbgLogger(): Source for file /system/fonts/NotoSansLydian-Regular.ttf is f
07-16 10:50:23.723 D/CoMapsDebug(27287): platform/platform_android.cpp:36 ~DbgLogger () - Source for file /system/fonts/NotoSansMandaic-Regular.ttf is f
07-16 10:50:23.724 D/OMcore  (27287): (Thread-20) platform/platform_android.cpp:36 ~DbgLogger(): Source for file /system/fonts/NotoSansMandaic-Regular.ttf is f
07-16 10:50:23.728 D/CoMapsDebug(27287): platform/platform_android.cpp:36 ~DbgLogger () - Source for file /system/fonts/NotoSansManichaean-Regular.otf is f
07-16 10:50:23.728 D/OMcore  (27287): (Thread-20) platform/platform_android.cpp:36 ~DbgLogger(): Source for file /system/fonts/NotoSansManichaean-Regular.otf is f
07-16 10:50:23.731 D/CoMapsDebug(27287): platform/platform_android.cpp:36 ~DbgLogger () - Source for file /system/fonts/NotoSansMarchen-Regular.otf is f
07-16 10:50:23.731 D/OMcore  (27287): (Thread-20) platform/platform_android.cpp:36 ~DbgLogger(): Source for file /system/fonts/NotoSansMarchen-Regular.otf is f
07-16 10:50:23.735 D/CoMapsDebug(27287): platform/platform_android.cpp:36 ~DbgLogger () - Source for file /system/fonts/NotoSansMasaramGondi-Regular.otf is f
07-16 10:50:23.736 D/OMcore  (27287): (Thread-20) platform/platform_android.cpp:36 ~DbgLogger(): Source for file /system/fonts/NotoSansMasaramGondi-Regular.otf is f
07-16 10:50:23.738 D/CoMapsDebug(27287): platform/platform_android.cpp:36 ~DbgLogger () - Source for file /system/fonts/NotoSansMeeteiMayek-Regular.ttf is f
07-16 10:50:23.739 D/OMcore  (27287): (Thread-20) platform/platform_android.cpp:36 ~DbgLogger(): Source for file /system/fonts/NotoSansMeeteiMayek-Regular.ttf is f
07-16 10:50:23.741 D/CoMapsDebug(27287): platform/platform_android.cpp:36 ~DbgLogger () - Source for file /system/fonts/NotoSansMeroitic-Regular.otf is f
07-16 10:50:23.741 D/OMcore  (27287): (Thread-20) platform/platform_android.cpp:36 ~DbgLogger(): Source for file /system/fonts/NotoSansMeroitic-Regular.otf is f
07-16 10:50:23.744 D/CoMapsDebug(27287): platform/platform_android.cpp:36 ~DbgLogger () - Source for file /system/fonts/NotoSansMiao-Regular.otf is f
07-16 10:50:23.745 D/OMcore  (27287): (Thread-20) platform/platform_android.cpp:36 ~DbgLogger(): Source for file /system/fonts/NotoSansMiao-Regular.otf is f
07-16 10:50:23.747 D/CoMapsDebug(27287): platform/platform_android.cpp:36 ~DbgLogger () - Source for file /system/fonts/NotoSansModi-Regular.ttf is f
07-16 10:50:23.747 D/OMcore  (27287): (Thread-20) platform/platform_android.cpp:36 ~DbgLogger(): Source for file /system/fonts/NotoSansModi-Regular.ttf is f
07-16 10:50:23.749 D/CoMapsDebug(27287): platform/platform_android.cpp:36 ~DbgLogger () - Source for file /system/fonts/NotoSansMongolian-Regular.ttf is f
07-16 10:50:23.750 D/OMcore  (27287): (Thread-20) platform/platform_android.cpp:36 ~DbgLogger(): Source for file /system/fonts/NotoSansMongolian-Regular.ttf is f
07-16 10:50:23.752 D/CoMapsDebug(27287): platform/platform_android.cpp:36 ~DbgLogger () - Source for file /system/fonts/NotoSansMro-Regular.otf is f
07-16 10:50:23.752 D/OMcore  (27287): (Thread-20) platform/platform_android.cpp:36 ~DbgLogger(): Source for file /system/fonts/NotoSansMro-Regular.otf is f
07-16 10:50:23.754 D/CoMapsDebug(27287): platform/platform_android.cpp:36 ~DbgLogger () - Source for file /system/fonts/NotoSansMultani-Regular.otf is f
07-16 10:50:23.755 D/OMcore  (27287): (Thread-20) platform/platform_android.cpp:36 ~DbgLogger(): Source for file /system/fonts/NotoSansMultani-Regular.otf is f
07-16 10:50:23.756 D/CoMapsDebug(27287): platform/platform_android.cpp:36 ~DbgLogger () - Source for file /system/fonts/NotoSansMyanmar-Regular.otf is f
07-16 10:50:23.756 D/OMcore  (27287): (Thread-20) platform/platform_android.cpp:36 ~DbgLogger(): Source for file /system/fonts/NotoSansMyanmar-Regular.otf is f
07-16 10:50:23.759 D/CoMapsDebug(27287): platform/platform_android.cpp:36 ~DbgLogger () - Source for file /system/fonts/NotoSansMyanmarUI-Regular.otf is f
07-16 10:50:23.760 D/OMcore  (27287): (Thread-20) platform/platform_android.cpp:36 ~DbgLogger(): Source for file /system/fonts/NotoSansMyanmarUI-Regular.otf is f
07-16 10:50:23.763 D/CoMapsDebug(27287): platform/platform_android.cpp:36 ~DbgLogger () - Source for file /system/fonts/NotoSansNKo-Regular.ttf is f
07-16 10:50:23.763 D/OMcore  (27287): (Thread-20) platform/platform_android.cpp:36 ~DbgLogger(): Source for file /system/fonts/NotoSansNKo-Regular.ttf is f
07-16 10:50:23.765 D/CoMapsDebug(27287): platform/platform_android.cpp:36 ~DbgLogger () - Source for file /system/fonts/NotoSansNabataean-Regular.otf is f
07-16 10:50:23.765 D/OMcore  (27287): (Thread-20) platform/platform_android.cpp:36 ~DbgLogger(): Source for file /system/fonts/NotoSansNabataean-Regular.otf is f
07-16 10:50:23.767 D/CoMapsDebug(27287): platform/platform_android.cpp:36 ~DbgLogger () - Source for file /system/fonts/NotoSansNewTaiLue-Regular.ttf is f
07-16 10:50:23.767 D/OMcore  (27287): (Thread-20) platform/platform_android.cpp:36 ~DbgLogger(): Source for file /system/fonts/NotoSansNewTaiLue-Regular.ttf is f
07-16 10:50:23.768 D/CoMapsDebug(27287): platform/platform_android.cpp:36 ~DbgLogger () - Source for file /system/fonts/NotoSansNewa-Regular.otf is f
07-16 10:50:23.769 D/OMcore  (27287): (Thread-20) platform/platform_android.cpp:36 ~DbgLogger(): Source for file /system/fonts/NotoSansNewa-Regular.otf is f
07-16 10:50:23.771 D/CoMapsDebug(27287): platform/platform_android.cpp:36 ~DbgLogger () - Source for file /system/fonts/NotoSansOgham-Regular.ttf is f
07-16 10:50:23.771 D/OMcore  (27287): (Thread-20) platform/platform_android.cpp:36 ~DbgLogger(): Source for file /system/fonts/NotoSansOgham-Regular.ttf is f
07-16 10:50:23.773 D/CoMapsDebug(27287): platform/platform_android.cpp:36 ~DbgLogger () - Source for file /system/fonts/NotoSansOlChiki-Regular.ttf is f
07-16 10:50:23.773 D/OMcore  (27287): (Thread-20) platform/platform_android.cpp:36 ~DbgLogger(): Source for file /system/fonts/NotoSansOlChiki-Regular.ttf is f
07-16 10:50:23.774 D/CoMapsDebug(27287): platform/platform_android.cpp:36 ~DbgLogger () - Source for file /system/fonts/NotoSansOldItalic-Regular.ttf is f
07-16 10:50:23.775 D/OMcore  (27287): (Thread-20) platform/platform_android.cpp:36 ~DbgLogger(): Source for file /system/fonts/NotoSansOldItalic-Regular.ttf is f
07-16 10:50:23.776 D/CoMapsDebug(27287): platform/platform_android.cpp:36 ~DbgLogger () - Source for file /system/fonts/NotoSansOldNorthArabian-Regular.otf is f
07-16 10:50:23.777 D/OMcore  (27287): (Thread-20) platform/platform_android.cpp:36 ~DbgLogger(): Source for file /system/fonts/NotoSansOldNorthArabian-Regular.otf is f
07-16 10:50:23.778 D/CoMapsDebug(27287): platform/platform_android.cpp:36 ~DbgLogger () - Source for file /system/fonts/NotoSansOldPermic-Regular.otf is f
07-16 10:50:23.779 D/OMcore  (27287): (Thread-20) platform/platform_android.cpp:36 ~DbgLogger(): Source for file /system/fonts/NotoSansOldPermic-Regular.otf is f
07-16 10:50:23.780 D/CoMapsDebug(27287): platform/platform_android.cpp:36 ~DbgLogger () - Source for file /system/fonts/NotoSansOldPersian-Regular.ttf is f
07-16 10:50:23.781 D/OMcore  (27287): (Thread-20) platform/platform_android.cpp:36 ~DbgLogger(): Source for file /system/fonts/NotoSansOldPersian-Regular.ttf is f
07-16 10:50:23.782 D/CoMapsDebug(27287): platform/platform_android.cpp:36 ~DbgLogger () - Source for file /system/fonts/NotoSansOldSouthArabian-Regular.ttf is f
07-16 10:50:23.782 D/OMcore  (27287): (Thread-20) platform/platform_android.cpp:36 ~DbgLogger(): Source for file /system/fonts/NotoSansOldSouthArabian-Regular.ttf is f
07-16 10:50:23.784 D/CoMapsDebug(27287): platform/platform_android.cpp:36 ~DbgLogger () - Source for file /system/fonts/NotoSansOldTurkic-Regular.ttf is f
07-16 10:50:23.785 D/OMcore  (27287): (Thread-20) platform/platform_android.cpp:36 ~DbgLogger(): Source for file /system/fonts/NotoSansOldTurkic-Regular.ttf is f
07-16 10:50:23.786 D/CoMapsDebug(27287): platform/platform_android.cpp:36 ~DbgLogger () - Source for file /system/fonts/NotoSansOriya-Regular.ttf is f
07-16 10:50:23.786 D/OMcore  (27287): (Thread-20) platform/platform_android.cpp:36 ~DbgLogger(): Source for file /system/fonts/NotoSansOriya-Regular.ttf is f
07-16 10:50:23.788 D/CoMapsDebug(27287): platform/platform_android.cpp:36 ~DbgLogger () - Source for file /system/fonts/NotoSansOriyaUI-Regular.ttf is f
07-16 10:50:23.789 D/OMcore  (27287): (Thread-20) platform/platform_android.cpp:36 ~DbgLogger(): Source for file /system/fonts/NotoSansOriyaUI-Regular.ttf is f
07-16 10:50:23.792 D/CoMapsDebug(27287): platform/platform_android.cpp:36 ~DbgLogger () - Source for file /system/fonts/NotoSansOsage-Regular.ttf is f
07-16 10:50:23.793 D/OMcore  (27287): (Thread-20) platform/platform_android.cpp:36 ~DbgLogger(): Source for file /system/fonts/NotoSansOsage-Regular.ttf is f
07-16 10:50:23.794 D/CoMapsDebug(27287): platform/platform_android.cpp:36 ~DbgLogger () - Source for file /system/fonts/NotoSansOsmanya-Regular.ttf is f
07-16 10:50:23.795 D/OMcore  (27287): (Thread-20) platform/platform_android.cpp:36 ~DbgLogger(): Source for file /system/fonts/NotoSansOsmanya-Regular.ttf is f
07-16 10:50:23.797 D/CoMapsDebug(27287): platform/platform_android.cpp:36 ~DbgLogger () - Source for file /system/fonts/NotoSansPahawhHmong-Regular.otf is f
07-16 10:50:23.797 D/OMcore  (27287): (Thread-20) platform/platform_android.cpp:36 ~DbgLogger(): Source for file /system/fonts/NotoSansPahawhHmong-Regular.otf is f
07-16 10:50:23.800 D/CoMapsDebug(27287): platform/platform_android.cpp:36 ~DbgLogger () - Source for file /system/fonts/NotoSansPalmyrene-Regular.otf is f
07-16 10:50:23.800 D/OMcore  (27287): (Thread-20) platform/platform_android.cpp:36 ~DbgLogger(): Source for file /system/fonts/NotoSansPalmyrene-Regular.otf is f
07-16 10:50:23.802 D/CoMapsDebug(27287): platform/platform_android.cpp:36 ~DbgLogger () - Source for file /system/fonts/NotoSansPauCinHau-Regular.otf is f
07-16 10:50:23.802 D/OMcore  (27287): (Thread-20) platform/platform_android.cpp:36 ~DbgLogger(): Source for file /system/fonts/NotoSansPauCinHau-Regular.otf is f
07-16 10:50:23.804 D/CoMapsDebug(27287): platform/platform_android.cpp:36 ~DbgLogger () - Source for file /system/fonts/NotoSansPhagsPa-Regular.ttf is f
07-16 10:50:23.804 D/OMcore  (27287): (Thread-20) platform/platform_android.cpp:36 ~DbgLogger(): Source for file /system/fonts/NotoSansPhagsPa-Regular.ttf is f
07-16 10:50:23.806 D/CoMapsDebug(27287): platform/platform_android.cpp:36 ~DbgLogger () - Source for file /system/fonts/NotoSansPhoenician-Regular.ttf is f
07-16 10:50:23.807 D/OMcore  (27287): (Thread-20) platform/platform_android.cpp:36 ~DbgLogger(): Source for file /system/fonts/NotoSansPhoenician-Regular.ttf is f
07-16 10:50:23.809 D/CoMapsDebug(27287): platform/platform_android.cpp:36 ~DbgLogger () - Source for file /system/fonts/NotoSansRejang-Regular.ttf is f
07-16 10:50:23.809 D/OMcore  (27287): (Thread-20) platform/platform_android.cpp:36 ~DbgLogger(): Source for file /system/fonts/NotoSansRejang-Regular.ttf is f
07-16 10:50:23.811 D/CoMapsDebug(27287): platform/platform_android.cpp:36 ~DbgLogger () - Source for file /system/fonts/NotoSansRunic-Regular.ttf is f
07-16 10:50:23.812 D/OMcore  (27287): (Thread-20) platform/platform_android.cpp:36 ~DbgLogger(): Source for file /system/fonts/NotoSansRunic-Regular.ttf is f
07-16 10:50:23.815 D/CoMapsDebug(27287): platform/platform_android.cpp:36 ~DbgLogger () - Source for file /system/fonts/NotoSansSamaritan-Regular.ttf is f
07-16 10:50:23.816 D/OMcore  (27287): (Thread-20) platform/platform_android.cpp:36 ~DbgLogger(): Source for file /system/fonts/NotoSansSamaritan-Regular.ttf is f
07-16 10:50:23.817 D/CoMapsDebug(27287): platform/platform_android.cpp:36 ~DbgLogger () - Source for file /system/fonts/NotoSansSaurashtra-Regular.ttf is f
07-16 10:50:23.817 D/OMcore  (27287): (Thread-20) platform/platform_android.cpp:36 ~DbgLogger(): Source for file /system/fonts/NotoSansSaurashtra-Regular.ttf is f
07-16 10:50:23.819 D/CoMapsDebug(27287): platform/platform_android.cpp:36 ~DbgLogger () - Source for file /system/fonts/NotoSansSharada-Regular.otf is f
07-16 10:50:23.819 D/OMcore  (27287): (Thread-20) platform/platform_android.cpp:36 ~DbgLogger(): Source for file /system/fonts/NotoSansSharada-Regular.otf is f
07-16 10:50:23.822 D/CoMapsDebug(27287): platform/platform_android.cpp:36 ~DbgLogger () - Source for file /system/fonts/NotoSansShavian-Regular.ttf is f
07-16 10:50:23.822 D/OMcore  (27287): (Thread-20) platform/platform_android.cpp:36 ~DbgLogger(): Source for file /system/fonts/NotoSansShavian-Regular.ttf is f
07-16 10:50:23.824 D/CoMapsDebug(27287): platform/platform_android.cpp:36 ~DbgLogger () - Source for file /system/fonts/NotoSansSoraSompeng-Regular.otf is f
07-16 10:50:23.825 D/OMcore  (27287): (Thread-20) platform/platform_android.cpp:36 ~DbgLogger(): Source for file /system/fonts/NotoSansSoraSompeng-Regular.otf is f
07-16 10:50:23.826 D/CoMapsDebug(27287): platform/platform_android.cpp:36 ~DbgLogger () - Source for file /system/fonts/NotoSansSundanese-Regular.ttf is f
07-16 10:50:23.827 D/OMcore  (27287): (Thread-20) platform/platform_android.cpp:36 ~DbgLogger(): Source for file /system/fonts/NotoSansSundanese-Regular.ttf is f
07-16 10:50:23.828 D/CoMapsDebug(27287): platform/platform_android.cpp:36 ~DbgLogger () - Source for file /system/fonts/NotoSansSylotiNagri-Regular.ttf is f
07-16 10:50:23.828 D/OMcore  (27287): (Thread-20) platform/platform_android.cpp:36 ~DbgLogger(): Source for file /system/fonts/NotoSansSylotiNagri-Regular.ttf is f
07-16 10:50:23.830 D/CoMapsDebug(27287): platform/platform_android.cpp:36 ~DbgLogger () - Source for file /system/fonts/NotoSansSymbols-Regular-Subsetted.ttf is f
07-16 10:50:23.831 D/OMcore  (27287): (Thread-20) platform/platform_android.cpp:36 ~DbgLogger(): Source for file /system/fonts/NotoSansSymbols-Regular-Subsetted.ttf is f
07-16 10:50:23.839 D/CoMapsDebug(27287): platform/platform_android.cpp:36 ~DbgLogger () - Source for file /system/fonts/NotoSansSymbols-Regular-Subsetted2.ttf is f
07-16 10:50:23.839 D/OMcore  (27287): (Thread-20) platform/platform_android.cpp:36 ~DbgLogger(): Source for file /system/fonts/NotoSansSymbols-Regular-Subsetted2.ttf is f
07-16 10:50:23.842 D/CoMapsDebug(27287): platform/platform_android.cpp:36 ~DbgLogger () - Source for file /system/fonts/NotoSansSyriacEastern-Regular.ttf is f
07-16 10:50:23.842 D/OMcore  (27287): (Thread-20) platform/platform_android.cpp:36 ~DbgLogger(): Source for file /system/fonts/NotoSansSyriacEastern-Regular.ttf is f
07-16 10:50:23.845 D/CoMapsDebug(27287): platform/platform_android.cpp:36 ~DbgLogger () - Source for file /system/fonts/NotoSansSyriacEstrangela-Regular.ttf is f
07-16 10:50:23.845 D/OMcore  (27287): (Thread-20) platform/platform_android.cpp:36 ~DbgLogger(): Source for file /system/fonts/NotoSansSyriacEstrangela-Regular.ttf is f
07-16 10:50:23.847 D/CoMapsDebug(27287): platform/platform_android.cpp:36 ~DbgLogger () - Source for file /system/fonts/NotoSansSyriacWestern-Regular.ttf is f
07-16 10:50:23.848 D/OMcore  (27287): (Thread-20) platform/platform_android.cpp:36 ~DbgLogger(): Source for file /system/fonts/NotoSansSyriacWestern-Regular.ttf is f
07-16 10:50:23.850 D/CoMapsDebug(27287): platform/platform_android.cpp:36 ~DbgLogger () - Source for file /system/fonts/NotoSansTagalog-Regular.ttf is f
07-16 10:50:23.850 D/OMcore  (27287): (Thread-20) platform/platform_android.cpp:36 ~DbgLogger(): Source for file /system/fonts/NotoSansTagalog-Regular.ttf is f
07-16 10:50:23.852 D/CoMapsDebug(27287): platform/platform_android.cpp:36 ~DbgLogger () - Source for file /system/fonts/NotoSansTagbanwa-Regular.ttf is f
07-16 10:50:23.852 D/OMcore  (27287): (Thread-20) platform/platform_android.cpp:36 ~DbgLogger(): Source for file /system/fonts/NotoSansTagbanwa-Regular.ttf is f
07-16 10:50:23.854 D/CoMapsDebug(27287): platform/platform_android.cpp:36 ~DbgLogger () - Source for file /system/fonts/NotoSansTaiLe-Regular.ttf is f
07-16 10:50:23.854 D/OMcore  (27287): (Thread-20) platform/platform_android.cpp:36 ~DbgLogger(): Source for file /system/fonts/NotoSansTaiLe-Regular.ttf is f
07-16 10:50:23.855 D/CoMapsDebug(27287): platform/platform_android.cpp:36 ~DbgLogger () - Source for file /system/fonts/NotoSansTaiTham-Regular.ttf is f
07-16 10:50:23.856 D/OMcore  (27287): (Thread-20) platform/platform_android.cpp:36 ~DbgLogger(): Source for file /system/fonts/NotoSansTaiTham-Regular.ttf is f
07-16 10:50:23.858 D/CoMapsDebug(27287): platform/platform_android.cpp:36 ~DbgLogger () - Source for file /system/fonts/NotoSansTaiViet-Regular.ttf is f
07-16 10:50:23.859 D/OMcore  (27287): (Thread-20) platform/platform_android.cpp:36 ~DbgLogger(): Source for file /system/fonts/NotoSansTaiViet-Regular.ttf is f
07-16 10:50:23.860 D/CoMapsDebug(27287): platform/platform_android.cpp:36 ~DbgLogger () - Source for file /system/fonts/NotoSansThaana-Regular.ttf is f
07-16 10:50:23.861 D/OMcore  (27287): (Thread-20) platform/platform_android.cpp:36 ~DbgLogger(): Source for file /system/fonts/NotoSansThaana-Regular.ttf is f
07-16 10:50:23.864 D/CoMapsDebug(27287): platform/platform_android.cpp:36 ~DbgLogger () - Source for file /system/fonts/NotoSansThai-Regular.ttf is f
07-16 10:50:23.864 D/OMcore  (27287): (Thread-20) platform/platform_android.cpp:36 ~DbgLogger(): Source for file /system/fonts/NotoSansThai-Regular.ttf is f
07-16 10:50:23.867 D/CoMapsDebug(27287): platform/platform_android.cpp:36 ~DbgLogger () - Source for file /system/fonts/NotoSansThaiUI-Regular.ttf is f
07-16 10:50:23.867 D/OMcore  (27287): (Thread-20) platform/platform_android.cpp:36 ~DbgLogger(): Source for file /system/fonts/NotoSansThaiUI-Regular.ttf is f
07-16 10:50:23.870 D/CoMapsDebug(27287): platform/platform_android.cpp:36 ~DbgLogger () - Source for file /system/fonts/NotoSansTifinagh-Regular.otf is f
07-16 10:50:23.870 D/OMcore  (27287): (Thread-20) platform/platform_android.cpp:36 ~DbgLogger(): Source for file /system/fonts/NotoSansTifinagh-Regular.otf is f
07-16 10:50:23.872 D/CoMapsDebug(27287): platform/platform_android.cpp:36 ~DbgLogger () - Source for file /system/fonts/NotoSansUgaritic-Regular.ttf is f
07-16 10:50:23.872 D/OMcore  (27287): (Thread-20) platform/platform_android.cpp:36 ~DbgLogger(): Source for file /system/fonts/NotoSansUgaritic-Regular.ttf is f
07-16 10:50:23.874 D/CoMapsDebug(27287): platform/platform_android.cpp:36 ~DbgLogger () - Source for file /system/fonts/NotoSansVai-Regular.ttf is f
07-16 10:50:23.874 D/OMcore  (27287): (Thread-20) platform/platform_android.cpp:36 ~DbgLogger(): Source for file /system/fonts/NotoSansVai-Regular.ttf is f
07-16 10:50:23.877 D/CoMapsDebug(27287): platform/platform_android.cpp:36 ~DbgLogger () - Source for file /system/fonts/NotoSansWancho-Regular.otf is f
07-16 10:50:23.878 D/OMcore  (27287): (Thread-20) platform/platform_android.cpp:36 ~DbgLogger(): Source for file /system/fonts/NotoSansWancho-Regular.otf is f
07-16 10:50:23.880 D/CoMapsDebug(27287): platform/platform_android.cpp:36 ~DbgLogger () - Source for file /system/fonts/NotoSansWarangCiti-Regular.otf is f
07-16 10:50:23.880 D/OMcore  (27287): (Thread-20) platform/platform_android.cpp:36 ~DbgLogger(): Source for file /system/fonts/NotoSansWarangCiti-Regular.otf is f
07-16 10:50:23.883 D/CoMapsDebug(27287): platform/platform_android.cpp:36 ~DbgLogger () - Source for file /system/fonts/NotoSansYi-Regular.ttf is f
07-16 10:50:23.883 D/OMcore  (27287): (Thread-20) platform/platform_android.cpp:36 ~DbgLogger(): Source for file /system/fonts/NotoSansYi-Regular.ttf is f
07-16 10:50:23.886 D/CoMapsDebug(27287): platform/platform_android.cpp:36 ~DbgLogger () - Source for file /system/fonts/Roboto-Regular.ttf is f
07-16 10:50:23.887 D/OMcore  (27287): (Thread-20) platform/platform_android.cpp:36 ~DbgLogger(): Source for file /system/fonts/Roboto-Regular.ttf is f
07-16 10:50:23.892 D/CoMapsDebug(27287): drape/glyph_manager.cpp:466 GlyphManager () - How unicode blocks are mapped on font files:
07-16 10:50:23.893 D/OMcore  (27287): (Thread-20) drape/glyph_manager.cpp:466 GlyphManager(): How unicode blocks are mapped on font files:
07-16 10:50:23.893 D/CoMapsDebug(27287): :-1   - Basic_Latin is in fonts/07_roboto_medium.ttf
07-16 10:50:23.893 D/OMcore  (27287): (Thread-20) Basic_Latin is in fonts/07_roboto_medium.ttf
07-16 10:50:23.893 D/CoMapsDebug(27287): :-1   - Latin-1_Supplement is in fonts/07_roboto_medium.ttf
07-16 10:50:23.894 D/OMcore  (27287): (Thread-20) Latin-1_Supplement is in fonts/07_roboto_medium.ttf
07-16 10:50:23.894 D/CoMapsDebug(27287): :-1   - Latin_Extended-A is in fonts/07_roboto_medium.ttf
07-16 10:50:23.894 D/OMcore  (27287): (Thread-20) Latin_Extended-A is in fonts/07_roboto_medium.ttf
07-16 10:50:23.895 D/CoMapsDebug(27287): :-1   - Latin_Extended-B is in fonts/07_roboto_medium.ttf
07-16 10:50:23.895 D/OMcore  (27287): (Thread-20) Latin_Extended-B is in fonts/07_roboto_medium.ttf
07-16 10:50:23.895 D/CoMapsDebug(27287): :-1   - IPA_Extensions is in fonts/01_dejavusans.ttf
07-16 10:50:23.895 D/OMcore  (27287): (Thread-20) IPA_Extensions is in fonts/01_dejavusans.ttf
07-16 10:50:23.896 D/CoMapsDebug(27287): :-1   - Spacing_Modifier_Letters is in /system/fonts/Roboto-Regular.ttf
07-16 10:50:23.896 D/OMcore  (27287): (Thread-20) Spacing_Modifier_Letters is in /system/fonts/Roboto-Regular.ttf
07-16 10:50:23.896 D/CoMapsDebug(27287): :-1   - Combining_Diacritical_Marks is in /system/fonts/Roboto-Regular.ttf
07-16 10:50:23.896 D/OMcore  (27287): (Thread-20) Combining_Diacritical_Marks is in /system/fonts/Roboto-Regular.ttf
07-16 10:50:23.896 D/CoMapsDebug(27287): :-1   - Greek_and_Coptic is in fonts/01_dejavusans.ttf
07-16 10:50:23.897 D/OMcore  (27287): (Thread-20) Greek_and_Coptic is in fonts/01_dejavusans.ttf
07-16 10:50:23.897 D/CoMapsDebug(27287): :-1   - Cyrillic is in fonts/07_roboto_medium.ttf
07-16 10:50:23.897 D/OMcore  (27287): (Thread-20) Cyrillic is in fonts/07_roboto_medium.ttf
07-16 10:50:23.897 D/CoMapsDebug(27287): :-1   - Cyrillic_Supplement is in /system/fonts/Roboto-Regular.ttf
07-16 10:50:23.898 D/OMcore  (27287): (Thread-20) Cyrillic_Supplement is in /system/fonts/Roboto-Regular.ttf
07-16 10:50:23.898 D/CoMapsDebug(27287): :-1   - Armenian is in fonts/01_dejavusans.ttf
07-16 10:50:23.898 D/OMcore  (27287): (Thread-20) Armenian is in fonts/01_dejavusans.ttf
07-16 10:50:23.898 D/CoMapsDebug(27287): :-1   - Hebrew is in /system/fonts/NotoSansHebrew-Regular.ttf
07-16 10:50:23.898 D/OMcore  (27287): (Thread-20) Hebrew is in /system/fonts/NotoSansHebrew-Regular.ttf
07-16 10:50:23.898 D/CoMapsDebug(27287): :-1   - Arabic is in fonts/00_NotoNaskhArabic-Regular.ttf
07-16 10:50:23.899 D/OMcore  (27287): (Thread-20) Arabic is in fonts/00_NotoNaskhArabic-Regular.ttf
07-16 10:50:23.899 D/CoMapsDebug(27287): :-1   - Syriac is in /system/fonts/NotoSansSyriacEastern-Regular.ttf
07-16 10:50:23.899 D/OMcore  (27287): (Thread-20) Syriac is in /system/fonts/NotoSansSyriacEastern-Regular.ttf
07-16 10:50:23.899 D/CoMapsDebug(27287): :-1   - Arabic_Supplement is in fonts/00_NotoNaskhArabic-Regular.ttf
07-16 10:50:23.899 D/OMcore  (27287): (Thread-20) Arabic_Supplement is in fonts/00_NotoNaskhArabic-Regular.ttf
07-16 10:50:23.900 D/CoMapsDebug(27287): :-1   - Thaana is in fonts/06_code2000.ttf
07-16 10:50:23.900 D/OMcore  (27287): (Thread-20) Thaana is in fonts/06_code2000.ttf
07-16 10:50:23.900 D/CoMapsDebug(27287): :-1   - NKo is in /system/fonts/NotoSansNKo-Regular.ttf
07-16 10:50:23.900 D/OMcore  (27287): (Thread-20) NKo is in /system/fonts/NotoSansNKo-Regular.ttf
07-16 10:50:23.900 D/CoMapsDebug(27287): :-1   - Samaritan is in /system/fonts/NotoSansSamaritan-Regular.ttf
07-16 10:50:23.901 D/OMcore  (27287): (Thread-20) Samaritan is in /system/fonts/NotoSansSamaritan-Regular.ttf
07-16 10:50:23.901 D/CoMapsDebug(27287): :-1   - Mandaic is in /system/fonts/NotoSansMandaic-Regular.ttf
07-16 10:50:23.901 D/OMcore  (27287): (Thread-20) Mandaic is in /system/fonts/NotoSansMandaic-Regular.ttf
07-16 10:50:23.901 D/CoMapsDebug(27287): :-1   - Arabic_Extended-A is in fonts/00_NotoNaskhArabic-Regular.ttf
07-16 10:50:23.902 D/OMcore  (27287): (Thread-20) Arabic_Extended-A is in fonts/00_NotoNaskhArabic-Regular.ttf
07-16 10:50:23.902 D/CoMapsDebug(27287): :-1   - Devanagari is in fonts/00_NotoSerifDevanagari-Regular.ttf
07-16 10:50:23.902 D/OMcore  (27287): (Thread-20) Devanagari is in fonts/00_NotoSerifDevanagari-Regular.ttf
07-16 10:50:23.902 D/CoMapsDebug(27287): :-1   - Bengali is in fonts/00_NotoSansBengali-Regular.ttf
07-16 10:50:23.903 D/OMcore  (27287): (Thread-20) Bengali is in fonts/00_NotoSansBengali-Regular.ttf
07-16 10:50:23.903 D/CoMapsDebug(27287): :-1   - Gurmukhi is in fonts/06_code2000.ttf
07-16 10:50:23.903 D/OMcore  (27287): (Thread-20) Gurmukhi is in fonts/06_code2000.ttf
07-16 10:50:23.903 D/CoMapsDebug(27287): :-1   - Gujarati is in /system/fonts/NotoSansGujarati-Regular.ttf
07-16 10:50:23.903 D/OMcore  (27287): (Thread-20) Gujarati is in /system/fonts/NotoSansGujarati-Regular.ttf
07-16 10:50:23.904 D/CoMapsDebug(27287): :-1   - Oriya is in /system/fonts/NotoSansOriya-Regular.ttf
07-16 10:50:23.904 D/OMcore  (27287): (Thread-20) Oriya is in /system/fonts/NotoSansOriya-Regular.ttf
07-16 10:50:23.904 D/CoMapsDebug(27287): :-1   - Tamil is in fonts/06_code2000.ttf
07-16 10:50:23.904 D/OMcore  (27287): (Thread-20) Tamil is in fonts/06_code2000.ttf
07-16 10:50:23.904 D/CoMapsDebug(27287): :-1   - Telugu is in fonts/06_code2000.ttf
07-16 10:50:23.905 D/OMcore  (27287): (Thread-20) Telugu is in fonts/06_code2000.ttf
07-16 10:50:23.905 D/CoMapsDebug(27287): :-1   - Kannada is in fonts/06_code2000.ttf
07-16 10:50:23.905 D/OMcore  (27287): (Thread-20) Kannada is in fonts/06_code2000.ttf
07-16 10:50:23.905 D/CoMapsDebug(27287): :-1   - Malayalam is in fonts/00_NotoSansMalayalam-Regular.ttf
07-16 10:50:23.906 D/OMcore  (27287): (Thread-20) Malayalam is in fonts/00_NotoSansMalayalam-Regular.ttf
07-16 10:50:23.906 D/CoMapsDebug(27287): :-1   - Sinhala is unsupported
07-16 10:50:23.906 D/OMcore  (27287): (Thread-20) Sinhala is unsupported
07-16 10:50:23.906 D/CoMapsDebug(27287): :-1   - Thai is in fonts/00_NotoSansThai-Regular.ttf
07-16 10:50:23.907 D/OMcore  (27287): (Thread-20) Thai is in fonts/00_NotoSansThai-Regular.ttf
07-16 10:50:23.907 D/CoMapsDebug(27287): :-1   - Lao is in /system/fonts/NotoSansLao-Regular.ttf
07-16 10:50:23.907 D/OMcore  (27287): (Thread-20) Lao is in /system/fonts/NotoSansLao-Regular.ttf
07-16 10:50:23.907 D/CoMapsDebug(27287): :-1   - Tibetan is in fonts/03_jomolhari-id-a3d.ttf
07-16 10:50:23.908 D/OMcore  (27287): (Thread-20) Tibetan is in fonts/03_jomolhari-id-a3d.ttf
07-16 10:50:23.908 D/CoMapsDebug(27287): :-1   - Myanmar is in /system/fonts/NotoSansMyanmar-Regular.otf
07-16 10:50:23.908 D/OMcore  (27287): (Thread-20) Myanmar is in /system/fonts/NotoSansMyanmar-Regular.otf
07-16 10:50:23.908 D/CoMapsDebug(27287): :-1   - Georgian is in fonts/01_dejavusans.ttf
07-16 10:50:23.908 D/OMcore  (27287): (Thread-20) Georgian is in fonts/01_dejavusans.ttf
07-16 10:50:23.909 D/CoMapsDebug(27287): :-1   - Hangul_Jamo is in /system/fonts/NotoSansCJK-Regular.ttc
07-16 10:50:23.909 D/OMcore  (27287): (Thread-20) Hangul_Jamo is in /system/fonts/NotoSansCJK-Regular.ttc
07-16 10:50:23.909 D/CoMapsDebug(27287): :-1   - Ethiopic is in fonts/06_code2000.ttf
07-16 10:50:23.909 D/OMcore  (27287): (Thread-20) Ethiopic is in fonts/06_code2000.ttf
07-16 10:50:23.910 D/CoMapsDebug(27287): :-1   - Ethiopic_Supplement is in fonts/06_code2000.ttf
07-16 10:50:23.910 D/OMcore  (27287): (Thread-20) Ethiopic_Supplement is in fonts/06_code2000.ttf
07-16 10:50:23.910 D/CoMapsDebug(27287): :-1   - Cherokee is in /system/fonts/NotoSansCherokee-Regular.ttf
07-16 10:50:23.910 D/OMcore  (27287): (Thread-20) Cherokee is in /system/fonts/NotoSansCherokee-Regular.ttf
07-16 10:50:23.911 D/CoMapsDebug(27287): :-1   - Unified_Canadian_Aboriginal_Syllabics is in /system/fonts/NotoSansCanadianAboriginal-Regular.ttf
07-16 10:50:23.911 D/OMcore  (27287): (Thread-20) Unified_Canadian_Aboriginal_Syllabics is in /system/fonts/NotoSansCanadianAboriginal-Regular.ttf
07-16 10:50:23.911 D/CoMapsDebug(27287): :-1   - Ogham is in fonts/01_dejavusans.ttf
07-16 10:50:23.911 D/OMcore  (27287): (Thread-20) Ogham is in fonts/01_dejavusans.ttf
07-16 10:50:23.911 D/CoMapsDebug(27287): :-1   - Runic is in fonts/06_code2000.ttf
07-16 10:50:23.912 D/OMcore  (27287): (Thread-20) Runic is in fonts/06_code2000.ttf
07-16 10:50:23.912 D/CoMapsDebug(27287): :-1   - Tagalog is in /system/fonts/NotoSansTagalog-Regular.ttf
07-16 10:50:23.912 D/OMcore  (27287): (Thread-20) Tagalog is in /system/fonts/NotoSansTagalog-Regular.ttf
07-16 10:50:23.912 D/CoMapsDebug(27287): :-1   - Hanunoo is in /system/fonts/NotoSansHanunoo-Regular.ttf
07-16 10:50:23.913 D/OMcore  (27287): (Thread-20) Hanunoo is in /system/fonts/NotoSansHanunoo-Regular.ttf
07-16 10:50:23.913 D/CoMapsDebug(27287): :-1   - Buhid is in fonts/06_code2000.ttf
07-16 10:50:23.913 D/OMcore  (27287): (Thread-20) Buhid is in fonts/06_code2000.ttf
07-16 10:50:23.913 D/CoMapsDebug(27287): :-1   - Tagbanwa is in /system/fonts/NotoSansTagbanwa-Regular.ttf
07-16 10:50:23.914 D/OMcore  (27287): (Thread-20) Tagbanwa is in /system/fonts/NotoSansTagbanwa-Regular.ttf
07-16 10:50:23.914 D/CoMapsDebug(27287): :-1   - Khmer is in fonts/05_khmeros.ttf
07-16 10:50:23.914 D/OMcore  (27287): (Thread-20) Khmer is in fonts/05_khmeros.ttf
07-16 10:50:23.914 D/CoMapsDebug(27287): :-1   - Mongolian is in /system/fonts/NotoSansMongolian-Regular.ttf
07-16 10:50:23.914 D/OMcore  (27287): (Thread-20) Mongolian is in /system/fonts/NotoSansMongolian-Regular.ttf
07-16 10:50:23.915 D/CoMapsDebug(27287): :-1   - Unified_Canadian_Aboriginal_Syllabics_Extended is in /system/fonts/NotoSansCanadianAboriginal-Regular.ttf
07-16 10:50:23.915 D/OMcore  (27287): (Thread-20) Unified_Canadian_Aboriginal_Syllabics_Extended is in /system/fonts/NotoSansCanadianAboriginal-Regular.ttf
07-16 10:50:23.915 D/CoMapsDebug(27287): :-1   - Limbu is in /system/fonts/NotoSansLimbu-Regular.ttf
07-16 10:50:23.915 D/OMcore  (27287): (Thread-20) Limbu is in /system/fonts/NotoSansLimbu-Regular.ttf
07-16 10:50:23.915 D/CoMapsDebug(27287): :-1   - Tai_Le is in /system/fonts/NotoSansTaiLe-Regular.ttf
07-16 10:50:23.916 D/OMcore  (27287): (Thread-20) Tai_Le is in /system/fonts/NotoSansTaiLe-Regular.ttf
07-16 10:50:23.916 D/CoMapsDebug(27287): :-1   - New_Tai_Lue is in /system/fonts/NotoSansNewTaiLue-Regular.ttf
07-16 10:50:23.916 D/OMcore  (27287): (Thread-20) New_Tai_Lue is in /system/fonts/NotoSansNewTaiLue-Regular.ttf
07-16 10:50:23.916 D/CoMapsDebug(27287): :-1   - Khmer_Symbols is in fonts/05_khmeros.ttf
07-16 10:50:23.916 D/OMcore  (27287): (Thread-20) Khmer_Symbols is in fonts/05_khmeros.ttf
07-16 10:50:23.917 D/CoMapsDebug(27287): :-1   - Buginese is in /system/fonts/NotoSansBuginese-Regular.ttf
07-16 10:50:23.917 D/OMcore  (27287): (Thread-20) Buginese is in /system/fonts/NotoSansBuginese-Regular.ttf
07-16 10:50:23.917 D/CoMapsDebug(27287): :-1   - Tai_Tham is in /system/fonts/NotoSansTaiTham-Regular.ttf
07-16 10:50:23.917 D/OMcore  (27287): (Thread-20) Tai_Tham is in /system/fonts/NotoSansTaiTham-Regular.ttf
07-16 10:50:23.917 D/CoMapsDebug(27287): :-1   - Balinese is in /system/fonts/NotoSansBalinese-Regular.ttf
07-16 10:50:23.918 D/OMcore  (27287): (Thread-20) Balinese is in /system/fonts/NotoSansBalinese-Regular.ttf
07-16 10:50:23.918 D/CoMapsDebug(27287): :-1   - Sundanese is in /system/fonts/NotoSansSundanese-Regular.ttf
07-16 10:50:23.918 D/OMcore  (27287): (Thread-20) Sundanese is in /system/fonts/NotoSansSundanese-Regular.ttf
07-16 10:50:23.918 D/CoMapsDebug(27287): :-1   - Batak is in /system/fonts/NotoSansBatak-Regular.ttf
07-16 10:50:23.918 D/OMcore  (27287): (Thread-20) Batak is in /system/fonts/NotoSansBatak-Regular.ttf
07-16 10:50:23.918 D/CoMapsDebug(27287): :-1   - Lepcha is in /system/fonts/NotoSansLepcha-Regular.ttf
07-16 10:50:23.919 D/OMcore  (27287): (Thread-20) Lepcha is in /system/fonts/NotoSansLepcha-Regular.ttf
07-16 10:50:23.919 D/CoMapsDebug(27287): :-1   - Ol_Chiki is in /system/fonts/NotoSansOlChiki-Regular.ttf
07-16 10:50:23.919 D/OMcore  (27287): (Thread-20) Ol_Chiki is in /system/fonts/NotoSansOlChiki-Regular.ttf
07-16 10:50:23.919 D/CoMapsDebug(27287): :-1   - Vedic_Extensions is in fonts/00_NotoSerifDevanagari-Regular.ttf
07-16 10:50:23.919 D/OMcore  (27287): (Thread-20) Vedic_Extensions is in fonts/00_NotoSerifDevanagari-Regular.ttf
07-16 10:50:23.919 D/CoMapsDebug(27287): :-1   - Phonetic_Extensions is in /system/fonts/Roboto-Regular.ttf
07-16 10:50:23.920 D/OMcore  (27287): (Thread-20) Phonetic_Extensions is in /system/fonts/Roboto-Regular.ttf
07-16 10:50:23.920 D/CoMapsDebug(27287): :-1   - Phonetic_Extensions_Supplement is in /system/fonts/Roboto-Regular.ttf
07-16 10:50:23.920 D/OMcore  (27287): (Thread-20) Phonetic_Extensions_Supplement is in /system/fonts/Roboto-Regular.ttf
07-16 10:50:23.920 D/CoMapsDebug(27287): :-1   - Combining_Diacritical_Marks_Supplement is in /system/fonts/Roboto-Regular.ttf
07-16 10:50:23.920 D/OMcore  (27287): (Thread-20) Combining_Diacritical_Marks_Supplement is in /system/fonts/Roboto-Regular.ttf
07-16 10:50:23.921 D/CoMapsDebug(27287): :-1   - Latin_Extended_Additional is in fonts/07_roboto_medium.ttf
07-16 10:50:23.921 D/OMcore  (27287): (Thread-20) Latin_Extended_Additional is in fonts/07_roboto_medium.ttf
07-16 10:50:23.921 D/CoMapsDebug(27287): :-1   - Greek_Extended is in fonts/01_dejavusans.ttf
07-16 10:50:23.921 D/OMcore  (27287): (Thread-20) Greek_Extended is in fonts/01_dejavusans.ttf
07-16 10:50:23.921 D/CoMapsDebug(27287): :-1   - General_Punctuation is in fonts/01_dejavusans.ttf
07-16 10:50:23.922 D/OMcore  (27287): (Thread-20) General_Punctuation is in fonts/01_dejavusans.ttf
07-16 10:50:23.922 D/CoMapsDebug(27287): :-1   - Superscripts_and_Subscripts is in fonts/01_dejavusans.ttf
07-16 10:50:23.922 D/OMcore  (27287): (Thread-20) Superscripts_and_Subscripts is in fonts/01_dejavusans.ttf
07-16 10:50:23.922 D/CoMapsDebug(27287): :-1   - Currency_Symbols is in /system/fonts/Roboto-Regular.ttf
07-16 10:50:23.923 D/OMcore  (27287): (Thread-20) Currency_Symbols is in /system/fonts/Roboto-Regular.ttf
07-16 10:50:23.923 D/CoMapsDebug(27287): :-1   - Combining_Diacritical_Marks_for_Symbols is in /system/fonts/NotoSansSymbols-Regular-Subsetted.ttf
07-16 10:50:23.923 D/OMcore  (27287): (Thread-20) Combining_Diacritical_Marks_for_Symbols is in /system/fonts/NotoSansSymbols-Regular-Subsetted.ttf
07-16 10:50:23.923 D/CoMapsDebug(27287): :-1   - Letterlike_Symbols is in fonts/06_code2000.ttf
07-16 10:50:23.924 D/OMcore  (27287): (Thread-20) Letterlike_Symbols is in fonts/06_code2000.ttf
07-16 10:50:23.924 D/CoMapsDebug(27287): :-1   - Number_Forms is in /system/fonts/Roboto-Regular.ttf
07-16 10:50:23.924 D/OMcore  (27287): (Thread-20) Number_Forms is in /system/fonts/Roboto-Regular.ttf
07-16 10:50:23.924 D/CoMapsDebug(27287): :-1   - Arrows is in fonts/01_dejavusans.ttf
07-16 10:50:23.925 D/OMcore  (27287): (Thread-20) Arrows is in fonts/01_dejavusans.ttf
07-16 10:50:23.925 D/CoMapsDebug(27287): :-1   - Mathematical_Operators is in fonts/01_dejavusans.ttf
07-16 10:50:23.925 D/OMcore  (27287): (Thread-20) Mathematical_Operators is in fonts/01_dejavusans.ttf
07-16 10:50:23.925 D/CoMapsDebug(27287): :-1   - Miscellaneous_Technical is in /system/fonts/NotoSansSymbols-Regular-Subsetted.ttf
07-16 10:50:23.926 D/OMcore  (27287): (Thread-20) Miscellaneous_Technical is in /system/fonts/NotoSansSymbols-Regular-Subsetted.ttf
07-16 10:50:23.926 D/CoMapsDebug(27287): :-1   - Control_Pictures is in fonts/06_code2000.ttf
07-16 10:50:23.926 D/OMcore  (27287): (Thread-20) Control_Pictures is in fonts/06_code2000.ttf
07-16 10:50:23.927 D/CoMapsDebug(27287): :-1   - Optical_Character_Recognition is in fonts/06_code2000.ttf
07-16 10:50:23.927 D/OMcore  (27287): (Thread-20) Optical_Character_Recognition is in fonts/06_code2000.ttf
07-16 10:50:23.927 D/CoMapsDebug(27287): :-1   - Enclosed_Alphanumerics is in /system/fonts/NotoSansCJK-Regular.ttc
07-16 10:50:23.928 D/OMcore  (27287): (Thread-20) Enclosed_Alphanumerics is in /system/fonts/NotoSansCJK-Regular.ttc
07-16 10:50:23.928 D/CoMapsDebug(27287): :-1   - Box_Drawing is in fonts/01_dejavusans.ttf
07-16 10:50:23.928 D/OMcore  (27287): (Thread-20) Box_Drawing is in fonts/01_dejavusans.ttf
07-16 10:50:23.928 D/CoMapsDebug(27287): :-1   - Block_Elements is in fonts/01_dejavusans.ttf
07-16 10:50:23.929 D/OMcore  (27287): (Thread-20) Block_Elements is in fonts/01_dejavusans.ttf
07-16 10:50:23.929 D/CoMapsDebug(27287): :-1   - Geometric_Shapes is in fonts/01_dejavusans.ttf
07-16 10:50:23.929 D/OMcore  (27287): (Thread-20) Geometric_Shapes is in fonts/01_dejavusans.ttf
07-16 10:50:23.929 D/CoMapsDebug(27287): :-1   - Miscellaneous_Symbols is in /system/fonts/NotoSansSymbols-Regular-Subsetted.ttf
07-16 10:50:23.930 D/OMcore  (27287): (Thread-20) Miscellaneous_Symbols is in /system/fonts/NotoSansSymbols-Regular-Subsetted.ttf
07-16 10:50:23.930 D/CoMapsDebug(27287): :-1   - Dingbats is in fonts/01_dejavusans.ttf
07-16 10:50:23.930 D/OMcore  (27287): (Thread-20) Dingbats is in fonts/01_dejavusans.ttf
07-16 10:50:23.931 D/CoMapsDebug(27287): :-1   - Miscellaneous_Mathematical_Symbols-A is in /system/fonts/NotoSansSymbols-Regular-Subsetted.ttf
07-16 10:50:23.931 D/OMcore  (27287): (Thread-20) Miscellaneous_Mathematical_Symbols-A is in /system/fonts/NotoSansSymbols-Regular-Subsetted.ttf
07-16 10:50:23.931 D/CoMapsDebug(27287): :-1   - Supplemental_Arrows-A is in fonts/01_dejavusans.ttf
07-16 10:50:23.931 D/OMcore  (27287): (Thread-20) Supplemental_Arrows-A is in fonts/01_dejavusans.ttf
07-16 10:50:23.932 D/CoMapsDebug(27287): :-1   - Braille_Patterns is in fonts/01_dejavusans.ttf
07-16 10:50:23.932 D/OMcore  (27287): (Thread-20) Braille_Patterns is in fonts/01_dejavusans.ttf
07-16 10:50:23.932 D/CoMapsDebug(27287): :-1   - Supplemental_Arrows-B is in fonts/06_code2000.ttf
07-16 10:50:23.933 D/OMcore  (27287): (Thread-20) Supplemental_Arrows-B is in fonts/06_code2000.ttf
07-16 10:50:23.933 D/CoMapsDebug(27287): :-1   - Miscellaneous_Mathematical_Symbols-B is in fonts/06_code2000.ttf
07-16 10:50:23.934 D/OMcore  (27287): (Thread-20) Miscellaneous_Mathematical_Symbols-B is in fonts/06_code2000.ttf
07-16 10:50:23.934 D/CoMapsDebug(27287): :-1   - Supplemental_Mathematical_Operators is in fonts/06_code2000.ttf
07-16 10:50:23.934 D/OMcore  (27287): (Thread-20) Supplemental_Mathematical_Operators is in fonts/06_code2000.ttf
07-16 10:50:23.934 D/CoMapsDebug(27287): :-1   - Miscellaneous_Symbols_and_Arrows is in /system/fonts/NotoSansSymbols-Regular-Subsetted.ttf
07-16 10:50:23.935 D/OMcore  (27287): (Thread-20) Miscellaneous_Symbols_and_Arrows is in /system/fonts/NotoSansSymbols-Regular-Subsetted.ttf
07-16 10:50:23.935 D/CoMapsDebug(27287): :-1   - Glagolitic is in /system/fonts/NotoSansGlagolitic-Regular.ttf
07-16 10:50:23.935 D/OMcore  (27287): (Thread-20) Glagolitic is in /system/fonts/NotoSansGlagolitic-Regular.ttf
07-16 10:50:23.935 D/CoMapsDebug(27287): :-1   - Latin_Extended-C is in /system/fonts/Roboto-Regular.ttf
07-16 10:50:23.935 D/OMcore  (27287): (Thread-20) Latin_Extended-C is in /system/fonts/Roboto-Regular.ttf
07-16 10:50:23.936 D/CoMapsDebug(27287): :-1   - Coptic is in /system/fonts/NotoSansCoptic-Regular.ttf
07-16 10:50:23.936 D/OMcore  (27287): (Thread-20) Coptic is in /system/fonts/NotoSansCoptic-Regular.ttf
07-16 10:50:23.936 D/CoMapsDebug(27287): :-1   - Georgian_Supplement is in fonts/01_dejavusans.ttf
07-16 10:50:23.936 D/OMcore  (27287): (Thread-20) Georgian_Supplement is in fonts/01_dejavusans.ttf
07-16 10:50:23.936 D/CoMapsDebug(27287): :-1   - Tifinagh is in /system/fonts/NotoSansTifinagh-Regular.otf
07-16 10:50:23.937 D/OMcore  (27287): (Thread-20) Tifinagh is in /system/fonts/NotoSansTifinagh-Regular.otf
07-16 10:50:23.937 D/CoMapsDebug(27287): :-1   - Ethiopic_Extended is unsupported
07-16 10:50:23.937 D/OMcore  (27287): (Thread-20) Ethiopic_Extended is unsupported
07-16 10:50:23.937 D/CoMapsDebug(27287): :-1   - Cyrillic_Extended-A is in /system/fonts/Roboto-Regular.ttf
07-16 10:50:23.937 D/OMcore  (27287): (Thread-20) Cyrillic_Extended-A is in /system/fonts/Roboto-Regular.ttf
07-16 10:50:23.938 D/CoMapsDebug(27287): :-1   - Supplemental_Punctuation is in /system/fonts/Roboto-Regular.ttf
07-16 10:50:23.938 D/OMcore  (27287): (Thread-20) Supplemental_Punctuation is in /system/fonts/Roboto-Regular.ttf
07-16 10:50:23.938 D/CoMapsDebug(27287): :-1   - CJK_Radicals_Supplement is in fonts/06_code2000.ttf
07-16 10:50:23.938 D/OMcore  (27287): (Thread-20) CJK_Radicals_Supplement is in fonts/06_code2000.ttf
07-16 10:50:23.938 D/CoMapsDebug(27287): :-1   - Kangxi_Radicals is in fonts/06_code2000.ttf
07-16 10:50:23.939 D/OMcore  (27287): (Thread-20) Kangxi_Radicals is in fonts/06_code2000.ttf
07-16 10:50:23.939 D/CoMapsDebug(27287): :-1   - Ideographic_Description_Characters is in fonts/06_code2000.ttf
07-16 10:50:23.939 D/OMcore  (27287): (Thread-20) Ideographic_Description_Characters is in fonts/06_code2000.ttf
07-16 10:50:23.939 D/CoMapsDebug(27287): :-1   - CJK_Symbols_and_Punctuation is in fonts/06_code2000.ttf
07-16 10:50:23.939 D/OMcore  (27287): (Thread-20) CJK_Symbols_and_Punctuation is in fonts/06_code2000.ttf
07-16 10:50:23.940 D/CoMapsDebug(27287): :-1   - Hiragana is in /system/fonts/NotoSansCJK-Regular.ttc
07-16 10:50:23.940 D/OMcore  (27287): (Thread-20) Hiragana is in /system/fonts/NotoSansCJK-Regular.ttc
07-16 10:50:23.940 D/CoMapsDebug(27287): :-1   - Katakana is in /system/fonts/NotoSansCJK-Regular.ttc
07-16 10:50:23.940 D/OMcore  (27287): (Thread-20) Katakana is in /system/fonts/NotoSansCJK-Regular.ttc
07-16 10:50:23.940 D/CoMapsDebug(27287): :-1   - Bopomofo is in /system/fonts/NotoSansCJK-Regular.ttc
07-16 10:50:23.941 D/OMcore  (27287): (Thread-20) Bopomofo is in /system/fonts/NotoSansCJK-Regular.ttc
07-16 10:50:23.941 D/CoMapsDebug(27287): :-1   - Hangul_Compatibility_Jamo is in fonts/02_droidsans-fallback.ttf
07-16 10:50:23.941 D/OMcore  (27287): (Thread-20) Hangul_Compatibility_Jamo is in fonts/02_droidsans-fallback.ttf
07-16 10:50:23.941 D/CoMapsDebug(27287): :-1   - Kanbun is in fonts/06_code2000.ttf
07-16 10:50:23.942 D/OMcore  (27287): (Thread-20) Kanbun is in fonts/06_code2000.ttf
07-16 10:50:23.942 D/CoMapsDebug(27287): :-1   - Bopomofo_Extended is in /system/fonts/NotoSansCJK-Regular.ttc
07-16 10:50:23.942 D/OMcore  (27287): (Thread-20) Bopomofo_Extended is in /system/fonts/NotoSansCJK-Regular.ttc
07-16 10:50:23.943 D/CoMapsDebug(27287): :-1   - CJK_Strokes is in /system/fonts/NotoSansCJK-Regular.ttc
07-16 10:50:23.943 D/OMcore  (27287): (Thread-20) CJK_Strokes is in /system/fonts/NotoSansCJK-Regular.ttc
07-16 10:50:23.943 D/CoMapsDebug(27287): :-1   - Katakana_Phonetic_Extensions is in /system/fonts/NotoSansCJK-Regular.ttc
07-16 10:50:23.943 D/OMcore  (27287): (Thread-20) Katakana_Phonetic_Extensions is in /system/fonts/NotoSansCJK-Regular.ttc
07-16 10:50:23.943 D/CoMapsDebug(27287): :-1   - Enclosed_CJK_Letters_and_Months is in /system/fonts/NotoSansCJK-Regular.ttc
07-16 10:50:23.944 D/OMcore  (27287): (Thread-20) Enclosed_CJK_Letters_and_Months is in /system/fonts/NotoSansCJK-Regular.ttc
07-16 10:50:23.944 D/CoMapsDebug(27287): :-1   - CJK_Compatibility is in fonts/02_droidsans-fallback.ttf
07-16 10:50:23.944 D/OMcore  (27287): (Thread-20) CJK_Compatibility is in fonts/02_droidsans-fallback.ttf
07-16 10:50:23.944 D/CoMapsDebug(27287): :-1   - CJK_Unified_Ideographs_Extension_A is in /system/fonts/NotoSansCJK-Regular.ttc
07-16 10:50:23.944 D/OMcore  (27287): (Thread-20) CJK_Unified_Ideographs_Extension_A is in /system/fonts/NotoSansCJK-Regular.ttc
07-16 10:50:23.945 D/CoMapsDebug(27287): :-1   - Yijing_Hexagram_Symbols is in fonts/01_dejavusans.ttf
07-16 10:50:23.945 D/OMcore  (27287): (Thread-20) Yijing_Hexagram_Symbols is in fonts/01_dejavusans.ttf
07-16 10:50:23.945 D/CoMapsDebug(27287): :-1   - CJK_Unified_Ideographs is in /system/fonts/NotoSansCJK-Regular.ttc
07-16 10:50:23.945 D/OMcore  (27287): (Thread-20) CJK_Unified_Ideographs is in /system/fonts/NotoSansCJK-Regular.ttc
07-16 10:50:23.945 D/CoMapsDebug(27287): :-1   - Yi_Syllables is in fonts/06_code2000.ttf
07-16 10:50:23.946 D/OMcore  (27287): (Thread-20) Yi_Syllables is in fonts/06_code2000.ttf
07-16 10:50:23.946 D/CoMapsDebug(27287): :-1   - Yi_Radicals is in fonts/06_code2000.ttf
07-16 10:50:23.946 D/OMcore  (27287): (Thread-20) Yi_Radicals is in fonts/06_code2000.ttf
07-16 10:50:23.946 D/CoMapsDebug(27287): :-1   - Lisu is in fonts/01_dejavusans.ttf
07-16 10:50:23.947 D/OMcore  (27287): (Thread-20) Lisu is in fonts/01_dejavusans.ttf
07-16 10:50:23.947 D/CoMapsDebug(27287): :-1   - Vai is in /system/fonts/NotoSansVai-Regular.ttf
07-16 10:50:23.947 D/OMcore  (27287): (Thread-20) Vai is in /system/fonts/NotoSansVai-Regular.ttf
07-16 10:50:23.947 D/CoMapsDebug(27287): :-1   - Cyrillic_Extended-B is in /system/fonts/Roboto-Regular.ttf
07-16 10:50:23.947 D/OMcore  (27287): (Thread-20) Cyrillic_Extended-B is in /system/fonts/Roboto-Regular.ttf
07-16 10:50:23.948 D/CoMapsDebug(27287): :-1   - Bamum is in /system/fonts/NotoSansBamum-Regular.ttf
07-16 10:50:23.948 D/OMcore  (27287): (Thread-20) Bamum is in /system/fonts/NotoSansBamum-Regular.ttf
07-16 10:50:23.948 D/CoMapsDebug(27287): :-1   - Modifier_Tone_Letters is in /system/fonts/Roboto-Regular.ttf
07-16 10:50:23.948 D/OMcore  (27287): (Thread-20) Modifier_Tone_Letters is in /system/fonts/Roboto-Regular.ttf
07-16 10:50:23.948 D/CoMapsDebug(27287): :-1   - Latin_Extended-D is in /system/fonts/Roboto-Regular.ttf
07-16 10:50:23.949 D/OMcore  (27287): (Thread-20) Latin_Extended-D is in /system/fonts/Roboto-Regular.ttf
07-16 10:50:23.949 D/CoMapsDebug(27287): :-1   - Syloti_Nagri is in /system/fonts/NotoSansSylotiNagri-Regular.ttf
07-16 10:50:23.949 D/OMcore  (27287): (Thread-20) Syloti_Nagri is in /system/fonts/NotoSansSylotiNagri-Regular.ttf
07-16 10:50:23.949 D/CoMapsDebug(27287): :-1   - Common_Indic_Number_Forms is in fonts/00_NotoSerifDevanagari-Regular.ttf
07-16 10:50:23.949 D/OMcore  (27287): (Thread-20) Common_Indic_Number_Forms is in fonts/00_NotoSerifDevanagari-Regular.ttf
07-16 10:50:23.950 D/CoMapsDebug(27287): :-1   - Phags-pa is in /system/fonts/NotoSansPhagsPa-Regular.ttf
07-16 10:50:23.950 D/OMcore  (27287): (Thread-20) Phags-pa is in /system/fonts/NotoSansPhagsPa-Regular.ttf
07-16 10:50:23.950 D/CoMapsDebug(27287): :-1   - Saurashtra is in /system/fonts/NotoSansSaurashtra-Regular.ttf
07-16 10:50:23.950 D/OMcore  (27287): (Thread-20) Saurashtra is in /system/fonts/NotoSansSaurashtra-Regular.ttf
07-16 10:50:23.950 D/CoMapsDebug(27287): :-1   - Devanagari_Extended is in fonts/00_NotoSerifDevanagari-Regular.ttf
07-16 10:50:23.950 D/OMcore  (27287): (Thread-20) Devanagari_Extended is in fonts/00_NotoSerifDevanagari-Regular.ttf
07-16 10:50:23.951 D/CoMapsDebug(27287): :-1   - Kayah_Li is in /system/fonts/NotoSansKayahLi-Regular.ttf
07-16 10:50:23.951 D/OMcore  (27287): (Thread-20) Kayah_Li is in /system/fonts/NotoSansKayahLi-Regular.ttf
07-16 10:50:23.951 D/CoMapsDebug(27287): :-1   - Rejang is in /system/fonts/NotoSansRejang-Regular.ttf
07-16 10:50:23.951 D/OMcore  (27287): (Thread-20) Rejang is in /system/fonts/NotoSansRejang-Regular.ttf
07-16 10:50:23.951 D/CoMapsDebug(27287): :-1   - Hangul_Jamo_Extended-A is in /system/fonts/NotoSansCJK-Regular.ttc
07-16 10:50:23.951 D/OMcore  (27287): (Thread-20) Hangul_Jamo_Extended-A is in /system/fonts/NotoSansCJK-Regular.ttc
07-16 10:50:23.951 D/CoMapsDebug(27287): :-1   - Javanese is in /system/fonts/NotoSansJavanese-Regular.otf
07-16 10:50:23.952 D/OMcore  (27287): (Thread-20) Javanese is in /system/fonts/NotoSansJavanese-Regular.otf
07-16 10:50:23.952 D/CoMapsDebug(27287): :-1   - Cham is in /system/fonts/NotoSansCham-Regular.ttf
07-16 10:50:23.952 D/OMcore  (27287): (Thread-20) Cham is in /system/fonts/NotoSansCham-Regular.ttf
07-16 10:50:23.952 D/CoMapsDebug(27287): :-1   - Myanmar_Extended-A is in /system/fonts/NotoSansMyanmar-Regular.otf
07-16 10:50:23.952 D/OMcore  (27287): (Thread-20) Myanmar_Extended-A is in /system/fonts/NotoSansMyanmar-Regular.otf
07-16 10:50:23.953 D/CoMapsDebug(27287): :-1   - Tai_Viet is in /system/fonts/NotoSansTaiViet-Regular.ttf
07-16 10:50:23.953 D/OMcore  (27287): (Thread-20) Tai_Viet is in /system/fonts/NotoSansTaiViet-Regular.ttf
07-16 10:50:23.953 D/CoMapsDebug(27287): :-1   - Ethiopic_Extended-A is unsupported
07-16 10:50:23.953 D/OMcore  (27287): (Thread-20) Ethiopic_Extended-A is unsupported
07-16 10:50:23.953 D/CoMapsDebug(27287): :-1   - Meetei_Mayek is in /system/fonts/NotoSansMeeteiMayek-Regular.ttf
07-16 10:50:23.954 D/OMcore  (27287): (Thread-20) Meetei_Mayek is in /system/fonts/NotoSansMeeteiMayek-Regular.ttf
07-16 10:50:23.954 D/CoMapsDebug(27287): :-1   - Hangul_Syllables is in fonts/02_droidsans-fallback.ttf
07-16 10:50:23.954 D/OMcore  (27287): (Thread-20) Hangul_Syllables is in fonts/02_droidsans-fallback.ttf
07-16 10:50:23.954 D/CoMapsDebug(27287): :-1   - Hangul_Jamo_Extended-B is in /system/fonts/NotoSansCJK-Regular.ttc
07-16 10:50:23.955 D/OMcore  (27287): (Thread-20) Hangul_Jamo_Extended-B is in /system/fonts/NotoSansCJK-Regular.ttc
07-16 10:50:23.955 D/CoMapsDebug(27287): :-1   - High_Surrogates is unsupported
07-16 10:50:23.955 D/OMcore  (27287): (Thread-20) High_Surrogates is unsupported
07-16 10:50:23.955 D/CoMapsDebug(27287): :-1   - High_Private_Use_Surrogates is unsupported
07-16 10:50:23.955 D/OMcore  (27287): (Thread-20) High_Private_Use_Surrogates is unsupported
07-16 10:50:23.956 D/CoMapsDebug(27287): :-1   - Low_Surrogates is unsupported
07-16 10:50:23.956 D/OMcore  (27287): (Thread-20) Low_Surrogates is unsupported
07-16 10:50:23.956 D/CoMapsDebug(27287): :-1   - Private_Use_Area is in fonts/03_jomolhari-id-a3d.ttf
07-16 10:50:23.956 D/OMcore  (27287): (Thread-20) Private_Use_Area is in fonts/03_jomolhari-id-a3d.ttf
07-16 10:50:23.956 D/CoMapsDebug(27287): :-1   - CJK_Compatibility_Ideographs is in /system/fonts/NotoSansCJK-Regular.ttc
07-16 10:50:23.957 D/OMcore  (27287): (Thread-20) CJK_Compatibility_Ideographs is in /system/fonts/NotoSansCJK-Regular.ttc
07-16 10:50:23.957 D/CoMapsDebug(27287): :-1   - Alphabetic_Presentation_Forms is in fonts/01_dejavusans.ttf
07-16 10:50:23.957 D/OMcore  (27287): (Thread-20) Alphabetic_Presentation_Forms is in fonts/01_dejavusans.ttf
07-16 10:50:23.957 D/CoMapsDebug(27287): :-1   - Arabic_Presentation_Forms-A is in fonts/00_NotoNaskhArabic-Regular.ttf
07-16 10:50:23.958 D/OMcore  (27287): (Thread-20) Arabic_Presentation_Forms-A is in fonts/00_NotoNaskhArabic-Regular.ttf
07-16 10:50:23.958 D/CoMapsDebug(27287): :-1   - Variation_Selectors is in fonts/01_dejavusans.ttf
07-16 10:50:23.959 D/OMcore  (27287): (Thread-20) Variation_Selectors is in fonts/01_dejavusans.ttf
07-16 10:50:23.959 D/CoMapsDebug(27287): :-1   - Vertical_Forms is in fonts/02_droidsans-fallback.ttf
07-16 10:50:23.959 D/OMcore  (27287): (Thread-20) Vertical_Forms is in fonts/02_droidsans-fallback.ttf
07-16 10:50:23.959 D/CoMapsDebug(27287): :-1   - Combining_Half_Marks is in /system/fonts/Roboto-Regular.ttf
07-16 10:50:23.959 D/OMcore  (27287): (Thread-20) Combining_Half_Marks is in /system/fonts/Roboto-Regular.ttf
07-16 10:50:23.960 D/CoMapsDebug(27287): :-1   - CJK_Compatibility_Forms is in /system/fonts/NotoSansCJK-Regular.ttc
07-16 10:50:23.960 D/OMcore  (27287): (Thread-20) CJK_Compatibility_Forms is in /system/fonts/NotoSansCJK-Regular.ttc
07-16 10:50:23.960 D/CoMapsDebug(27287): :-1   - Small_Form_Variants is in /system/fonts/NotoSansCJK-Regular.ttc
07-16 10:50:23.960 D/OMcore  (27287): (Thread-20) Small_Form_Variants is in /system/fonts/NotoSansCJK-Regular.ttc
07-16 10:50:23.961 D/CoMapsDebug(27287): :-1   - Arabic_Presentation_Forms-B is in fonts/00_NotoNaskhArabic-Regular.ttf
07-16 10:50:23.961 D/OMcore  (27287): (Thread-20) Arabic_Presentation_Forms-B is in fonts/00_NotoNaskhArabic-Regular.ttf
07-16 10:50:23.961 D/CoMapsDebug(27287): :-1   - Halfwidth_and_Fullwidth_Forms is in /system/fonts/NotoSansCJK-Regular.ttc
07-16 10:50:23.961 D/OMcore  (27287): (Thread-20) Halfwidth_and_Fullwidth_Forms is in /system/fonts/NotoSansCJK-Regular.ttc
07-16 10:50:23.977 D/CoMapsDebug(27287): drape/texture_manager.cpp:362 Init () - Glyphs texture size = 1024 with max glyphs count = 1397
07-16 10:50:23.978 D/OMcore  (27287): (Thread-20) drape/texture_manager.cpp:362 Init(): Glyphs texture size = 1024 with max glyphs count = 1397
07-16 10:50:23.984 D/CoMapsDebug(27287): platform/platform_android.cpp:36 ~DbgLogger () - Source for file symbols/default/arrow.obj is r
07-16 10:50:23.984 D/OMcore  (27287): (Thread-20) platform/platform_android.cpp:36 ~DbgLogger(): Source for file symbols/default/arrow.obj is r
07-16 10:50:23.991 D/CoMapsDebug(27287): platform/platform_android.cpp:36 ~DbgLogger () - Source for file symbols/default/arrow_shadow.obj is r
07-16 10:50:23.991 D/OMcore  (27287): (Thread-20) platform/platform_android.cpp:36 ~DbgLogger(): Source for file symbols/default/arrow_shadow.obj is r
07-16 10:50:23.993 D/CoMapsDebug(27287): platform/platform_android.cpp:36 ~DbgLogger () - Source for file /storage/emulated/0/Android/data/app.comaps.fdroid.debug/files/260603/Spain_Cantabria.mwm is f
07-16 10:50:23.994 D/OMcore  (27287): (Thread-18) platform/platform_android.cpp:36 ~DbgLogger(): Source for file /storage/emulated/0/Android/data/app.comaps.fdroid.debug/files/260603/Spain_Cantabria.mwm is f
07-16 10:50:24.019 D/CoMapsDebug(27287): platform/platform_android.cpp:36 ~DbgLogger () - Source for file /storage/emulated/0/Android/data/app.comaps.fdroid.debug/files/260603/Spain_Cantabria.mwm is f
07-16 10:50:24.020 D/OMcore  (27287): (Thread-19) platform/platform_android.cpp:36 ~DbgLogger(): Source for file /storage/emulated/0/Android/data/app.comaps.fdroid.debug/files/260603/Spain_Cantabria.mwm is f
07-16 10:50:24.036 D/CoMapsDebug(27287): platform/platform_android.cpp:36 ~DbgLogger () - Source for file /storage/emulated/0/Android/data/app.comaps.fdroid.debug/files/260603/WorldCoasts.mwm is f
07-16 10:50:24.036 D/OMcore  (27287): (Thread-18) platform/platform_android.cpp:36 ~DbgLogger(): Source for file /storage/emulated/0/Android/data/app.comaps.fdroid.debug/files/260603/WorldCoasts.mwm is f
07-16 10:50:24.098 W/CoMapsDebug(27287): drape/texture_manager.cpp:481 GetSymbolRegion () - Detected using of unknown symbol  transit_tram-s
07-16 10:50:24.099 W/OMcore  (27287): (Thread-20) drape/texture_manager.cpp:481 GetSymbolRegion(): Detected using of unknown symbol  transit_tram-s
07-16 10:50:24.099 W/CoMapsDebug(27287): drape/texture_manager.cpp:481 GetSymbolRegion () - Detected using of unknown symbol  transit_tram-m
07-16 10:50:24.099 W/OMcore  (27287): (Thread-20) drape/texture_manager.cpp:481 GetSymbolRegion(): Detected using of unknown symbol  transit_tram-m
07-16 10:50:24.099 W/CoMapsDebug(27287): drape/texture_manager.cpp:481 GetSymbolRegion () - Detected using of unknown symbol  transit_bus-s
07-16 10:50:24.100 W/OMcore  (27287): (Thread-20) drape/texture_manager.cpp:481 GetSymbolRegion(): Detected using of unknown symbol  transit_bus-s
07-16 10:50:24.100 W/CoMapsDebug(27287): drape/texture_manager.cpp:481 GetSymbolRegion () - Detected using of unknown symbol  transit_bus-m
07-16 10:50:24.100 W/OMcore  (27287): (Thread-20) drape/texture_manager.cpp:481 GetSymbolRegion(): Detected using of unknown symbol  transit_bus-m
07-16 10:50:24.100 W/CoMapsDebug(27287): drape/texture_manager.cpp:481 GetSymbolRegion () - Detected using of unknown symbol  transit_ferry-s
07-16 10:50:24.100 W/OMcore  (27287): (Thread-20) drape/texture_manager.cpp:481 GetSymbolRegion(): Detected using of unknown symbol  transit_ferry-s
07-16 10:50:24.100 W/CoMapsDebug(27287): drape/texture_manager.cpp:481 GetSymbolRegion () - Detected using of unknown symbol  transit_ferry-m
07-16 10:50:24.101 W/OMcore  (27287): (Thread-20) drape/texture_manager.cpp:481 GetSymbolRegion(): Detected using of unknown symbol  transit_ferry-m
07-16 10:50:24.101 W/CoMapsDebug(27287): drape/texture_manager.cpp:481 GetSymbolRegion () - Detected using of unknown symbol  transit_cable_tram-s
07-16 10:50:24.101 W/OMcore  (27287): (Thread-20) drape/texture_manager.cpp:481 GetSymbolRegion(): Detected using of unknown symbol  transit_cable_tram-s
07-16 10:50:24.101 W/CoMapsDebug(27287): drape/texture_manager.cpp:481 GetSymbolRegion () - Detected using of unknown symbol  transit_cable_tram-m
07-16 10:50:24.101 W/OMcore  (27287): (Thread-20) drape/texture_manager.cpp:481 GetSymbolRegion(): Detected using of unknown symbol  transit_cable_tram-m
07-16 10:50:24.102 W/CoMapsDebug(27287): drape/texture_manager.cpp:481 GetSymbolRegion () - Detected using of unknown symbol  transit_aerial_lift-s
07-16 10:50:24.102 W/OMcore  (27287): (Thread-20) drape/texture_manager.cpp:481 GetSymbolRegion(): Detected using of unknown symbol  transit_aerial_lift-s
07-16 10:50:24.102 W/CoMapsDebug(27287): drape/texture_manager.cpp:481 GetSymbolRegion () - Detected using of unknown symbol  transit_aerial_lift-m
07-16 10:50:24.102 W/OMcore  (27287): (Thread-20) drape/texture_manager.cpp:481 GetSymbolRegion(): Detected using of unknown symbol  transit_aerial_lift-m
07-16 10:50:24.102 W/CoMapsDebug(27287): drape/texture_manager.cpp:481 GetSymbolRegion () - Detected using of unknown symbol  transit_funicular-s
07-16 10:50:24.103 W/OMcore  (27287): (Thread-20) drape/texture_manager.cpp:481 GetSymbolRegion(): Detected using of unknown symbol  transit_funicular-s
07-16 10:50:24.103 W/CoMapsDebug(27287): drape/texture_manager.cpp:481 GetSymbolRegion () - Detected using of unknown symbol  transit_funicular-m
07-16 10:50:24.103 W/OMcore  (27287): (Thread-20) drape/texture_manager.cpp:481 GetSymbolRegion(): Detected using of unknown symbol  transit_funicular-m
07-16 10:50:24.103 W/CoMapsDebug(27287): drape/texture_manager.cpp:481 GetSymbolRegion () - Detected using of unknown symbol  transit_trolleybus-s
07-16 10:50:24.103 W/OMcore  (27287): (Thread-20) drape/texture_manager.cpp:481 GetSymbolRegion(): Detected using of unknown symbol  transit_trolleybus-s
07-16 10:50:24.103 W/CoMapsDebug(27287): drape/texture_manager.cpp:481 GetSymbolRegion () - Detected using of unknown symbol  transit_trolleybus-m
07-16 10:50:24.104 W/OMcore  (27287): (Thread-20) drape/texture_manager.cpp:481 GetSymbolRegion(): Detected using of unknown symbol  transit_trolleybus-m
07-16 10:50:24.104 W/CoMapsDebug(27287): drape/texture_manager.cpp:481 GetSymbolRegion () - Detected using of unknown symbol  transit_air_service-s
07-16 10:50:24.104 W/OMcore  (27287): (Thread-20) drape/texture_manager.cpp:481 GetSymbolRegion(): Detected using of unknown symbol  transit_air_service-s
07-16 10:50:24.104 W/CoMapsDebug(27287): drape/texture_manager.cpp:481 GetSymbolRegion () - Detected using of unknown symbol  transit_air_service-m
07-16 10:50:24.104 W/OMcore  (27287): (Thread-20) drape/texture_manager.cpp:481 GetSymbolRegion(): Detected using of unknown symbol  transit_air_service-m
07-16 10:50:24.104 W/CoMapsDebug(27287): drape/texture_manager.cpp:481 GetSymbolRegion () - Detected using of unknown symbol  transit_water_service-s
07-16 10:50:24.105 W/OMcore  (27287): (Thread-20) drape/texture_manager.cpp:481 GetSymbolRegion(): Detected using of unknown symbol  transit_water_service-s
07-16 10:50:24.105 W/CoMapsDebug(27287): drape/texture_manager.cpp:481 GetSymbolRegion () - Detected using of unknown symbol  transit_water_service-m
07-16 10:50:24.105 W/OMcore  (27287): (Thread-20) drape/texture_manager.cpp:481 GetSymbolRegion(): Detected using of unknown symbol  transit_water_service-m
07-16 10:50:24.193 D/CoMapsDebug(27287): platform/platform_android.cpp:36 ~DbgLogger () - Source for file /storage/emulated/0/Android/data/app.comaps.fdroid.debug/files/260603/Spain_Cantabria.mwm is f
07-16 10:50:24.194 D/OMcore  (27287): (Thread-14) platform/platform_android.cpp:36 ~DbgLogger(): Source for file /storage/emulated/0/Android/data/app.comaps.fdroid.debug/files/260603/Spain_Cantabria.mwm is f
07-16 10:50:24.240 D/InputTransport(27287): Input channel destroyed: 'ClientS', fd=167
07-16 10:50:24.250 D/OpenGLRenderer(27287): setSurface called with nullptr
07-16 10:50:25.649 D/LocationState(27287): (main) LocationHelper.java:99 onSatelliteStatusChanged(): total = 3 used = 0 fixed = false
07-16 10:50:26.126 D/LocationState(27287): (main) LocationHelper.java:99 onSatelliteStatusChanged(): total = 4 used = 0 fixed = false
07-16 10:50:26.379 D/LocationState(27287): (main) LocationHelper.java:272 updateProviderDecision(): Selected: fused, with acc. 24.184
07-16 10:50:26.391 D/LocationState(27287): (main) LocationHelper.java:216 onLocationChanged(): provider = AndroidNativeProvider location = Location[fused 43.447771,-3.645374 hAcc=24.184 et=+12d16h49m17s83ms alt=138.40000915527344 vAcc=1.0]
07-16 10:50:26.408 D/LocationState(27287): (main) MwmActivity.java:1885 onMyPositionModeChanged(): newMode = NOT_FOLLOW
07-16 10:50:26.462 D/CoMapsDebug(27287): drape_frontend/metaline_manager.cpp:69 OnTaskFinished () - Metalines prepared: MwmId [Spain_Cantabria, 260603]
07-16 10:50:26.463 D/OMcore  (27287): (Thread-14) drape_frontend/metaline_manager.cpp:69 OnTaskFinished(): Metalines prepared: MwmId [Spain_Cantabria, 260603]
07-16 10:50:27.117 D/LocationState(27287): (main) LocationHelper.java:99 onSatelliteStatusChanged(): total = 4 used = 0 fixed = false
07-16 10:50:28.119 D/LocationState(27287): (main) LocationHelper.java:99 onSatelliteStatusChanged(): total = 4 used = 0 fixed = false
07-16 10:50:29.112 D/LocationState(27287): (main) LocationHelper.java:99 onSatelliteStatusChanged(): total = 4 used = 0 fixed = false
07-16 10:50:30.112 D/LocationState(27287): (main) LocationHelper.java:99 onSatelliteStatusChanged(): total = 4 used = 0 fixed = false
07-16 10:50:30.442 D/LocationState(27287): (main) LocationHelper.java:99 onSatelliteStatusChanged(): total = 4 used = 3 fixed = true
07-16 10:50:30.939 I/ViewRootImpl@b70ee28[MwmActivity](27287): ViewPostIme pointer 0
07-16 10:50:31.078 I/ViewRootImpl@b70ee28[MwmActivity](27287): ViewPostIme pointer 1
07-16 10:50:31.114 D/LocationState(27287): (main) LocationHelper.java:99 onSatelliteStatusChanged(): total = 4 used = 3 fixed = true
07-16 10:50:31.246 D/CoMapsDebug(27287): platform/platform_android.cpp:36 ~DbgLogger () - Source for file subtypes.csv is r
07-16 10:50:31.246 D/OMcore  (27287): (main) platform/platform_android.cpp:36 ~DbgLogger(): Source for file subtypes.csv is r
07-16 10:50:31.289 W/OnBackInvokedCallback(27287): OnBackInvokedCallback is not enabled for the application.
07-16 10:50:31.289 W/OnBackInvokedCallback(27287): Set 'android:enableOnBackInvokedCallback="true"' in the application manifest.
07-16 10:50:31.583 D/LocationState(27287): (main) LocationHelper.java:372 addListener(): listener: PlacePageView{fc55fa7} (e24ed4d4-8598-43ec-8c2d-406f7bba1da4 id=0x7f0902fb tag=PLACE_PAGE) count was: 1
07-16 10:50:31.584 D/SensorHelper(27287): (main) SensorHelper.java:105 addListener(): listener: PlacePageView{fc55fa7} (e24ed4d4-8598-43ec-8c2d-406f7bba1da4 id=0x7f0902fb tag=PLACE_PAGE) count was: 1
07-16 10:50:31.888 D/PlacePageController(27287): (main) PlacePageController.java:133 onStateChanged(): State change, new = SETTLING
07-16 10:50:32.116 D/LocationState(27287): (main) LocationHelper.java:99 onSatelliteStatusChanged(): total = 4 used = 3 fixed = true
07-16 10:50:32.152 D/PlacePageController(27287): (main) PlacePageController.java:133 onStateChanged(): State change, new = COLLAPSED
07-16 10:50:33.120 D/LocationState(27287): (main) LocationHelper.java:99 onSatelliteStatusChanged(): total = 4 used = 3 fixed = true
07-16 10:50:33.128 I/ViewRootImpl@b70ee28[MwmActivity](27287): ViewPostIme pointer 0
07-16 10:50:33.238 I/ViewRootImpl@b70ee28[MwmActivity](27287): ViewPostIme pointer 1
07-16 10:50:33.266 D/PlacePageController(27287): (main) PlacePageController.java:133 onStateChanged(): State change, new = SETTLING
07-16 10:50:33.268 D/RoutingController(27287): (main) RoutingController.java:326 prepare(): prepare (p2p)
07-16 10:50:33.270 D/RoutingController(27287): (main) RoutingController.java:482 cancel(): cancel: none
07-16 10:50:33.272 D/RoutingController(27287): (main) RoutingController.java:190 setState(): [S] State: NONE -> PREPARE, BuildState: NONE
07-16 10:50:33.287 D/RoutingPlanInplaceController(27287): (main) RoutingPlanInplaceController.java:36 show(): show=true mAnimator=null
07-16 10:50:33.290 D/RoutingController(27287): (main) RoutingController.java:284 build(): build
07-16 10:50:33.290 D/RoutingController(27287): (main) RoutingController.java:199 setBuildState(): [B] State: PREPARE, BuildState: NONE -> BUILDING
07-16 10:50:33.300 W/OnBackInvokedCallback(27287): OnBackInvokedCallback is not enabled for the application.
07-16 10:50:33.300 W/OnBackInvokedCallback(27287): Set 'android:enableOnBackInvokedCallback="true"' in the application manifest.
07-16 10:50:33.301 I/CoMapsDebug(27287): routing/async_router.cpp:310 CalculateRoute () - Calculating the route of direct length 7786.36 m. checkpoints: Checkpoints(ms::LatLon(43.4477707, -3.6453741); ms::LatLon(43.4534751, -3.741404); passed: 0) startDirection: m2::Point<d>(0, 0) router name: astar-bidirectional-Pedestrian
07-16 10:50:33.302 I/OMcore  (27287): (Thread-9) routing/async_router.cpp:310 CalculateRoute(): Calculating the route of direct length 7786.36 m. checkpoints: Checkpoints(ms::LatLon(43.4477707, -3.6453741); ms::LatLon(43.4534751, -3.741404); passed: 0) startDirection: m2::Point<d>(0, 0) router name: astar-bidirectional-Pedestrian
07-16 10:50:33.307 I/CoMapsDebug(27287): routing/index_router.cpp:1096 MakeWorldGraph () - Avoid next roads: RoutingOptions: { | steps | }
07-16 10:50:33.308 I/OMcore  (27287): (Thread-9) routing/index_router.cpp:1096 MakeWorldGraph(): Avoid next roads: RoutingOptions: { | steps | }
07-16 10:50:33.324 I/DecorView(27287): notifyKeepScreenOnChanged: keepScreenOn=false
07-16 10:50:33.326 I/ViewRootImpl@b70ee28[MwmActivity](27287): performTraversals params={(0,0)(fillxfill) sim={state=always_hidden adjust=pan} layoutInDisplayCutoutMode=always ty=BASE_APPLICATION fmt=TRANSLUCENT wanim=0x1030309
07-16 10:50:33.326 I/ViewRootImpl@b70ee28[MwmActivity](27287):   fl=81810100
07-16 10:50:33.326 I/ViewRootImpl@b70ee28[MwmActivity](27287):   pfl=16020040
07-16 10:50:33.326 I/ViewRootImpl@b70ee28[MwmActivity](27287):   vsysui=310
07-16 10:50:33.326 I/ViewRootImpl@b70ee28[MwmActivity](27287):   apr=LIGHT_NAVIGATION_BARS
07-16 10:50:33.326 I/ViewRootImpl@b70ee28[MwmActivity](27287):   bhv=DEFAULT
07-16 10:50:33.326 I/ViewRootImpl@b70ee28[MwmActivity](27287):   fitSides= naviIconColor=0}
07-16 10:50:33.327 I/ViewRootImpl@b70ee28[MwmActivity](27287): performTraversals mFirst=false windowShouldResize=false viewVisibilityChanged=false mForceNextWindowRelayout=false params={(0,0)(fillxfill) sim={state=always_hidden adjust=pan} layoutInDisplayCutoutMode=always ty=BASE_APPLICATION fmt=TRANSLUCENT wanim=0x1030309
07-16 10:50:33.327 I/ViewRootImpl@b70ee28[MwmActivity](27287):   fl=81810100
07-16 10:50:33.327 I/ViewRootImpl@b70ee28[MwmActivity](27287):   pfl=16020040
07-16 10:50:33.327 I/ViewRootImpl@b70ee28[MwmActivity](27287):   vsysui=310
07-16 10:50:33.327 I/ViewRootImpl@b70ee28[MwmActivity](27287):   apr=LIGHT_NAVIGATION_BARS
07-16 10:50:33.327 I/ViewRootImpl@b70ee28[MwmActivity](27287):   bhv=DEFAULT
07-16 10:50:33.327 I/ViewRootImpl@b70ee28[MwmActivity](27287):   fitSides= naviIconColor=0}
07-16 10:50:33.340 I/ViewRootImpl@b70ee28[MwmActivity](27287): updateBlastSurfaceIfNeeded mBlastBufferQueue=0xddf1db80 isSameSurfaceControl=true
07-16 10:50:33.341 I/BLASTBufferQueue(27287): update, w= 1080 h= 2400 mName = ViewRootImpl@b70ee28[MwmActivity] mNativeObject= 0xddf1db80 sc.mNativeObject= 0xe9984c40 format= -3 caller= android.view.ViewRootImpl.updateBlastSurfaceIfNeeded:2898 android.view.ViewRootImpl.relayoutWindow:9847 android.view.ViewRootImpl.performTraversals:3884 android.view.ViewRootImpl.doTraversal:3116 android.view.ViewRootImpl$TraversalRunnable.run:10885 android.view.Choreographer$CallbackRecord.run:1301 
07-16 10:50:33.341 I/ViewRootImpl@b70ee28[MwmActivity](27287): Relayout returned: old=(0,0,1080,2400) new=(0,0,1080,2400) req=(1080,2400)0 dur=13 res=0x0 s={true 0xe97f9400} ch=false seqId=0
07-16 10:50:33.353 I/ViewRootImpl@b70ee28[MwmActivity](27287): updateBoundsLayer: t = android.view.SurfaceControl$Transaction@3a27159 sc = Surface(name=Bounds for - app.comaps.fdroid.debug/app.organicmaps.MwmActivity@0)/@0xe89911e frame = 266
07-16 10:50:33.353 I/ViewRootImpl@b70ee28[MwmActivity](27287): mWNT: t=0xdc689140 mBlastBufferQueue=0xddf1db80 fn= 266 caller= android.view.ViewRootImpl.prepareSurfaces:2985 android.view.ViewRootImpl.performTraversals:4233 android.view.ViewRootImpl.doTraversal:3116 
07-16 10:50:33.621 D/PlacePageController(27287): (main) PlacePageController.java:133 onStateChanged(): State change, new = HIDDEN
07-16 10:50:33.622 W/OnBackInvokedCallback(27287): OnBackInvokedCallback is not enabled for the application.
07-16 10:50:33.622 W/OnBackInvokedCallback(27287): Set 'android:enableOnBackInvokedCallback="true"' in the application manifest.
07-16 10:50:33.634 D/LocationState(27287): (main) LocationHelper.java:386 removeListener(): listener: PlacePageView{fc55fa7} (e24ed4d4-8598-43ec-8c2d-406f7bba1da4 id=0x7f0902fb tag=PLACE_PAGE) count was: 2
07-16 10:50:33.635 D/SensorHelper(27287): (main) SensorHelper.java:119 removeListener(): listener: PlacePageView{fc55fa7} (e24ed4d4-8598-43ec-8c2d-406f7bba1da4 id=0x7f0902fb tag=PLACE_PAGE) count was: 2
07-16 10:50:34.119 D/LocationState(27287): (main) LocationHelper.java:99 onSatelliteStatusChanged(): total = 4 used = 3 fixed = true
07-16 10:50:34.477 I/CoMapsDebug(27287): routing/index_graph_loader.cpp:163 CreateIndexGraph () - routing section for Spain_Cantabria loaded in 1.12738 seconds
07-16 10:50:34.477 I/OMcore  (27287): (Thread-9) routing/index_graph_loader.cpp:163 CreateIndexGraph(): routing section for Spain_Cantabria loaded in 1.12738 seconds
07-16 10:50:34.963 I/CoMapsDebug(27287): routing/index_router.cpp:703 CalculateSubroute () - Routing in mode: Joints
07-16 10:50:34.964 I/OMcore  (27287): (Thread-9) routing/index_router.cpp:703 CalculateSubroute(): Routing in mode: Joints
07-16 10:50:35.113 D/LocationState(27287): (main) LocationHelper.java:99 onSatelliteStatusChanged(): total = 4 used = 3 fixed = true
07-16 10:50:35.939 D/LocationState(27287): (main) LocationHelper.java:272 updateProviderDecision(): Selected: fused, with acc. 13.919
07-16 10:50:35.940 D/LocationState(27287): (main) LocationHelper.java:216 onLocationChanged(): provider = AndroidNativeProvider location = Location[fused 43.447770,-3.645364 hAcc=13.919 et=+12d16h49m26s864ms alt=138.20001220703125 vAcc=1.0 vel=0.06041061 sAcc=1.5]
07-16 10:50:36.124 D/LocationState(27287): (main) LocationHelper.java:99 onSatelliteStatusChanged(): total = 4 used = 3 fixed = true
07-16 10:50:36.316 D/CoMapsDebug(27287): routing/index_router.cpp:741 CalculateSubrouteJointsMode () - Result route weight: (0, 0, 0, 8008.65, 0)
07-16 10:50:36.316 D/OMcore  (27287): (Thread-9) routing/index_router.cpp:741 CalculateSubrouteJointsMode(): Result route weight: (0, 0, 0, 8008.65, 0)
07-16 10:50:36.317 I/CoMapsDebug(27287): base/timer.cpp:185 ~ScopedTimerWithLog () - Route build time: 1353 ms
07-16 10:50:36.318 I/OMcore  (27287): (Thread-9) base/timer.cpp:185 ~ScopedTimerWithLog(): Route build time: 1353 ms
07-16 10:50:36.380 D/CoMapsDebug(27287): routing/routing_helpers.cpp:84 ReconstructRoute () - ms::LatLon(43.4477707, -3.6453741)
07-16 10:50:36.380 D/CoMapsDebug(27287): TurnItem { m_index = 1, m_turn = None, m_lanes = [0: ], m_exitNum = 0, m_pedestrianDir = None }
07-16 10:50:36.380 D/CoMapsDebug(27287): RoadNameInfo { m_name = Calle del Albergue, m_ref = , m_junction_ref = , m_destination_ref = , m_destination = , m_isLink = 0 }
07-16 10:50:36.380 D/CoMapsDebug(27287): ms::LatLon(43.4486013, -3.64585566)
07-16 10:50:36.380 D/CoMapsDebug(27287): TurnItem { m_index = 13, m_turn = None, m_lanes = [0: ], m_exitNum = 0, m_pedestrianDir = TurnRight }
07-16 10:50:36.380 D/CoMapsDebug(27287): RoadNameInfo { m_name = Calle del Albergue, m_ref = , m_junction_ref = , m_destination_ref = , m_destination = , m_isLink = 0 }
07-16 10:50:36.380 D/CoMapsDebug(27287): ms::LatLon(43.4546258, -3.64176798)
07-16 10:50:36.380 D/CoMapsDebug(27287): TurnItem { m_index = 57, m_turn = None, m_lanes = [0: ], m_exitNum = 0, m_pedestrianDir = TurnLeft }
07-16 10:50:36.380 D/CoMapsDebug(27287): RoadNameInfo { m_name = Acceso a Güemes, m_ref = CA-444, m_junction_ref = , m_destination_ref = , m_destination = , m_isLink = 0 }
07-16 10:50:36.380 D/CoMapsDebug(27287): ms::LatLon(43.4657951, -3.66126495)
07-16 10:50:36.380 D/CoMapsDebug(27287): TurnItem { m_index = 147, m_turn = None, m_lanes = [0: ], m_exitNum = 0, m_pedestrianDir = TurnRight }
07-16 10:50:36.380 D/CoMapsDebug(27287): RoadNameInfo { m_name = Galizano-Güe
07-16 10:50:36.383 D/OMcore  (27287): (Thread-9) routing/routing_helpers.cpp:84 ReconstructRoute(): ms::LatLon(43.4477707, -3.6453741)
07-16 10:50:36.383 D/OMcore  (27287): TurnItem { m_index = 1, m_turn = None, m_lanes = [0: ], m_exitNum = 0, m_pedestrianDir = None }
07-16 10:50:36.383 D/OMcore  (27287): RoadNameInfo { m_name = Calle del Albergue, m_ref = , m_junction_ref = , m_destination_ref = , m_destination = , m_isLink = 0 }
07-16 10:50:36.383 D/OMcore  (27287): ms::LatLon(43.4486013, -3.64585566)
07-16 10:50:36.383 D/OMcore  (27287): TurnItem { m_index = 13, m_turn = None, m_lanes = [0: ], m_exitNum = 0, m_pedestrianDir = TurnRight }
07-16 10:50:36.383 D/OMcore  (27287): RoadNameInfo { m_name = Calle del Albergue, m_ref = , m_junction_ref = , m_destination_ref = , m_destination = , m_isLink = 0 }
07-16 10:50:36.383 D/OMcore  (27287): ms::LatLon(43.4546258, -3.64176798)
07-16 10:50:36.383 D/OMcore  (27287): TurnItem { m_index = 57, m_turn = None, m_lanes = [0: ], m_exitNum = 0, m_pedestrianDir = TurnLeft }
07-16 10:50:36.383 D/OMcore  (27287): RoadNameInfo { m_name = Acceso a Güemes, m_ref = CA-444, m_junction_ref = , m_destination_ref = , m_destination = , m_isLink = 0 }
07-16 10:50:36.383 D/OMcore  (27287): ms::LatLon(43.4657951, -3.66126495)
07-16 10:50:36.383 D/OMcore  (27287): TurnItem { m_index = 147, m_turn = None, m_lanes = [0: ], m_exitNum = 0, m_pedestrianDir = TurnRight }
07-16 10:50:36.383 D/OMcore  (27287): RoadNameInfo { m_name = Galizano-Güemes, m_ref = CA-443, m_junction_ref = , m_destination_ref = , m_destination = , m_isLink = 0 }
07-16 10:50:36.383 D/OMcore  (27287): ms::LatLon(43.4676795, -3.66281795)
07-16 10:50:36.383 D/OMcore  (27287): TurnItem { m_index = 155, m_turn = None, m_lanes = [0: ], m_exitNum = 0, m_pedestrianDir = TurnLeft }
07-16 10:50:36.383 D/OMcore  (27287): RoadNameInfo { m_name = Galizano-Güemes, m_ref = CA-443, m_junction_ref = , m_destination_ref = , m_destination = , m_isLink = 0 }
07-16 10:50:36.383 D/OMcore  (27287): ms::LatLon(43.4664608, -3.6689468)
07-16 10:50:36.383 D/OMcore  (27287): TurnItem { m_index = 170, m_turn = None, m_lanes = [0: ], m_exitNum = 0, m_pedestrianDir = TurnRight }
07-16 10:50:36.383 D/OMcore  (27287): RoadNameInfo { m_name = Loredo-Galizano, m_ref = CA-440, m_junction_ref = , m_destination_ref = , m_destination = , m_isLink = 0 }
07-16 10:50:36.383 D/OMcore  (27287): ms::LatLon(43.4669008, -3.66921234)
07-16 10:50:36.383 D/OMcore  (27287): TurnItem { m_index = 171, m_turn = None, m_lanes = [0: ], m_exitNum = 0, m_pedestrianDir = TurnLeft }
07-16 10:50:36.383 D/OMcore  (27287): RoadNameInfo { m_name = Calle Verdes, m_ref = , m_junction_ref = , m_destination_ref = , m_destination = , m_isLink = 0 }
07-16 10:50:36.383 D/OMcore  (27287): ms::LatLon(43.4666555, -3.67236662)
07-16 10:50:36.383 D/OMcore  (27287): TurnItem { m_index = 178, m_turn = None, m_lanes = [0: ], m_exitNum = 0, m_pedestrianDir = TurnLeft }
07-16 10:50:36.383 D/OMcore  (27287): RoadNameInfo { m_name = Calle Verdes, m_ref = , m_junction_ref = , m_destination_ref = , m_destination = , m_isLink = 0 }
07-16 10:50:36.383 D/OMcore  (27287): ms::LatLon(43.4665991, -3.67250341)
07-16 10:50:36.383 D/OMcore  (27287): TurnItem { m_index = 181, m_turn = None, m_lanes = [0: ], m_exitNum = 0, m_pedestrianDir = TurnLeft }
07-16 10:50:36.383 D/OMcore  (27287): RoadNameInfo { m_name = Calle Verdes, m_ref = , m_junction_ref = , m_destination_ref = , m_destination = , m_isLink = 0 }
07-16 10:50:36.383 D/OMcore  (27287): ms::LatLon(43.4665173, -3.67252218)
07-16 10:50:36.383 D/OMcore  (27287): TurnItem { m_index = 183, m_turn = None, m_lanes = [0: ], m_exitNum = 0, m_pedestrianDir = TurnRight }
07-16 10:50:36.383 D/OMcore  (27287): RoadNameInfo { m_name = Calle Verdes, m_ref = , m_junction_ref = , m_destination_ref = , m_destination = , m_isLink = 0 }
07-16 10:50:36.383 D/OMcore  (27287): ms::LatLon(43.4664881, -3.67258388)
07-16 10:50:36.383 D/OMcore  (27287): TurnItem { m_index = 185, m_turn = None, m_lanes = [0: ], m_exitNum = 0, m_pedestrianDir = TurnRight }
07-16 10:50:36.383 D/OMcore  (27287): RoadNameInfo { m_name = , m_ref = , m_junction_ref = , m_destination_ref = , m_destination = , m_isLink = 0 }
07-16 10:50:36.383 D/OMcore  (27287): ms::LatLon(43.4645083, -3.67950129)
07-16 10:50:36.383 D/OMcore  (27287): TurnItem { m_index = 208, m_turn = None, m_lanes = [0: ], m_exitNum = 0, m_pedestrianDir = TurnLeft }
07-16 10:50:36.383 D/OMcore  (27287): RoadNameInfo { m_name = , m_ref = , m_junction_ref = , m_destination_ref = , m_destination = , m_isLink = 0 }
07-16 10:50:36.383 D/OMcore  (27287): ms::LatLon(43.4547153, -3.72034061)
07-16 10:50:36.383 D/OMcore  (27287): TurnItem { m_index = 282, m_turn = None, m_lanes = [0: ], m_exitNum = 0, m_pedestrianDir = TurnRight }
07-16 10:50:36.383 D/OMcore  (27287): RoadNameInfo { m_name = Loredo-Galizano, m_ref = CA-440, m_junction_ref = , m_destination_ref = , m_destination = , m_isLink = 0 }
07-16 10:50:36.383 D/OMcore  (27287): ms::LatLon(43.4554708, -3.72053909)
07-16 10:50:36.383 D/OMcore  (27287): TurnItem { m_index = 289, m_turn = None, m_lanes = [0: ], m_exitNum = 0, m_pedestrianDir = TurnLeft }
07-16 10:50:36.383 D/OMcore  (27287): RoadNameInfo { m_name = Barrio Latas, m_ref = , m_junction_ref = , m_destination_ref = , m_destination = , m_isLink = 0 }
07-16 10:50:36.383 D/OMcore  (27287): ms::LatLon(43.4562769, -3.72175145)
07-16 10:50:36.383 D/OMcore  (27287): TurnItem { m_index = 291, m_turn = None, m_lanes = [0: ], m_exitNum = 0, m_pedestrianDir = TurnLeft }
07-16 10:50:36.383 D/OMcore  (27287): RoadNameInfo { m_name = Barrio Latas, m_ref = , m_junction_ref = , m_destination_ref = , m_destination = , m_isLink = 0 }
07-16 10:50:36.383 D/OMcore  (27287): ms::LatLon(43.4562087, -3.72286993)
07-16 10:50:36.383 D/OMcore  (27287): TurnItem { m_index = 297, m_turn = None, m_lanes = [0: ], m_exitNum = 0, m_pedestrianDir = TurnLeft }
07-16 10:50:36.383 D/OMcore  (27287): RoadNameInfo { m_name = Barrio Latas, m_ref = , m_junction_ref = , m_destination_ref = , m_destination = , m_isLink = 0 }
07-16 10:50:36.383 D/OMcore  (27287): ms::LatLon(43.4561347, -3.72361022)
07-16 10:50:36.383 D/OMcore  (27287): TurnItem { m_index = 300, m_turn = None, m_lanes = [0: ], m_exitNum = 0, m_pedestrianDir = TurnLeft }
07-16 10:50:36.383 D/OMcore  (27287): RoadNameInfo { m_name = Calle Latas, m_ref = , m_junction_ref = , m_destination_ref = , m_destination = , m_isLink = 0 }
07-16 10:50:36.383 D/OMcore  (27287): ms::LatLon(43.4560666, -3.72374433)
07-16 10:50:36.383 D/OMcore  (27287): TurnItem { m_index = 305, m_turn = None, m_lanes = [0: ], m_exitNum = 0, m_pedestrianDir = TurnRight }
07-16 10:50:36.383 D/OMcore  (27287): RoadNameInfo { m_name = Calle Latas, m_ref = , m_junction_ref = , m_destination_ref = , m_destination = , m_isLink = 0 }
07-16 10:50:36.383 D/OMcore  (27287): ms::LatLon(43.4561484, -3.7238248)
07-16 10:50:36.383 D/OMcore  (27287): TurnItem { m_index = 309, m_turn = None, m_lanes = [0: ], m_exitNum = 0, m_pedestrianDir = TurnLeft }
07-16 10:50:36.383 D/OMcore  (27287): RoadNameInfo { m_name = Calle Latas, m_ref = , m_junction_ref = , m_destination_ref = , m_destination = , m_isLink = 0 }
07-16 10:50:36.383 D/OMcore  (27287): ms::LatLon(43.455428, -3.72870642)
07-16 10:50:36.383 D/OMcore  (27287): TurnItem { m_index = 321, m_turn = None, m_lanes = [0: ], m_exitNum = 0, m_pedestrianDir = TurnRight }
07-16 10:50:36.383 D/OMcore  (27287): RoadNameInfo { m_name = Calle de la Arna, m_ref = , m_junction_ref = , m_destination_ref = , m_destination = , m_isLink = 0 }
07-16 10:50:36.383 D/OMcore  (27287): ms::LatLon(43.4548555, -3.73595911)
07-16 10:50:36.383 D/OMcore  (27287): TurnItem { m_index = 339, m_turn = None, m_lanes = [0: ], m_exitNum = 0, m_pedestrianDir = TurnRight }
07-16 10:50:36.383 D/OMcore  (27287): RoadNameInfo { m_name = Calle de la Arna, m_ref = , m_junction_ref = , m_destination_ref = , m_destination = , m_isLink = 0 }
07-16 10:50:36.383 D/OMcore  (27287): ms::LatLon(43.4543337, -3.73989659)
07-16 10:50:36.383 D/OMcore  (27287): TurnItem { m_index = 351, m_turn = None, m_lanes = [0: ], m_exitNum = 0, m_pedestrianDir = TurnLeft }
07-16 10:50:36.383 D/OMcore  (27287): RoadNameInfo { m_name = Calle de la Fuente, m_ref = , m_junction_ref = , m_destination_ref = , m_destination = , m_isLink = 0 }
07-16 10:50:36.383 D/OMcore  (27287): ms::LatLon(43.4538314, -3.7412833)
07-16 10:50:36.383 D/OMcore  (27287): TurnItem { m_index = 361, m_turn = None, m_lanes = [0: ], m_exitNum = 0, m_pedestrianDir = TurnLeft }
07-16 10:50:36.383 D/OMcore  (27287): RoadNameInfo { m_name = Calle de la Fuente, m_ref = , m_junction_ref = , m_destination_ref = , m_destination = , m_isLink = 0 }
07-16 10:50:36.383 D/OMcore  (27287): ms::LatLon(43.4534751, -3.741404)
07-16 10:50:36.383 D/OMcore  (27287): TurnItem { m_index = 365, m_turn = None, m_lanes = [0: ], m_exitNum = 0, m_pedestrianDir = ReachedYourDestination }
07-16 10:50:36.383 D/OMcore  (27287): RoadNameInfo { m_name = , m_ref = , m_junction_ref = , m_destination_ref = , m_destination = , m_isLink = 0 }
07-16 10:50:36.386 I/CoMapsDebug(27287): routing/index_router.cpp:655 DoCalculateRoute () - Route length: 10581.3 meters. ETA: 7813.6 seconds.
07-16 10:50:36.386 I/OMcore  (27287): (Thread-9) routing/index_router.cpp:655 DoCalculateRoute(): Route length: 10581.3 meters. ETA: 7813.6 seconds.
07-16 10:50:36.469 I/CoMapsDebug(27287): routing/async_router.cpp:212 LogCode () - Route found, elapsed seconds: 3.16814
07-16 10:50:36.470 I/OMcore  (27287): (Thread-9) routing/async_router.cpp:212 LogCode(): Route found, elapsed seconds: 3.16814
07-16 10:50:36.470 I/CoMapsDebug(27287): routing/async_router.cpp:320 CalculateRoute () - ETA: 7813.6 sec.
07-16 10:50:36.471 I/OMcore  (27287): (Thread-9) routing/async_router.cpp:320 CalculateRoute(): ETA: 7813.6 sec.
07-16 10:50:36.471 I/CoMapsDebug(27287): routing/async_router.cpp:212 LogCode () - Route found, elapsed seconds: 3.17041
07-16 10:50:36.472 I/OMcore  (27287): (Thread-9) routing/async_router.cpp:212 LogCode(): Route found, elapsed seconds: 3.17041
07-16 10:50:36.514 D/RoutingController(27287): (main) RoutingController.java:94 onRoutingEvent(): onRoutingEvent(resultCode: 0)
07-16 10:50:36.521 D/RoutingController(27287): (main) RoutingController.java:199 setBuildState(): [B] State: PREPARE, BuildState: BUILDING -> BUILT
07-16 10:50:37.140 D/LocationState(27287): (main) LocationHelper.java:99 onSatelliteStatusChanged(): total = 4 used = 3 fixed = true
07-16 10:50:38.113 D/LocationState(27287): (main) LocationHelper.java:99 onSatelliteStatusChanged(): total = 4 used = 3 fixed = true
07-16 10:50:38.292 I/ViewRootImpl@b70ee28[MwmActivity](27287): ViewPostIme pointer 0
07-16 10:50:38.389 I/ViewRootImpl@b70ee28[MwmActivity](27287): ViewPostIme pointer 1
07-16 10:50:38.429 W/OnBackInvokedCallback(27287): OnBackInvokedCallback is not enabled for the application.
07-16 10:50:38.429 W/OnBackInvokedCallback(27287): Set 'android:enableOnBackInvokedCallback="true"' in the application manifest.
07-16 10:50:38.441 I/Dialog  (27287): mIsDeviceDefault = false, mIsSamsungBasicInteraction = false, isMetaDataInActivity = false
07-16 10:50:38.513 I/DecorView(27287): [INFO] isPopOver=false config=false
07-16 10:50:38.513 I/DecorView(27287): updateCaptionType: isFloating=false isApplication=true hasWindowDecorCaption=false this=DecorView@4524fc5[]
07-16 10:50:38.513 D/DecorView(27287): setCaptionType = 0, this = DecorView@4524fc5[]
07-16 10:50:38.514 I/DecorView(27287): getCurrentDensityDpi: from app context. densityDpi=420 msg=resources_loaded
07-16 10:50:38.514 I/DecorView(27287): setWindowBackground: isPopOver=false color=0 d=android.graphics.drawable.ColorDrawable@245504b
07-16 10:50:38.525 D/NativeCustomFrequencyManager(27287): [NativeCFMS] BpCustomFrequencyManager::BpCustomFrequencyManager()
07-16 10:50:38.526 I/DecorView(27287): notifyKeepScreenOnChanged: keepScreenOn=false
07-16 10:50:38.545 D/InsetsController(27287): onStateChanged: InsetsState: {mDisplayFrame=Rect(0, 0 - 1080, 2400), mDisplayCutout=DisplayCutout{insets=Rect(0, 88 - 0, 0) waterfall=Insets{left=0, top=0, right=0, bottom=0} boundingRect={Bounds=[Rect(0, 0 - 0, 0), Rect(512, 0 - 568, 88), Rect(0, 0 - 0, 0), Rect(0, 0 - 0, 0)]} cutoutPathParserInfo={CutoutPathParserInfo{displayWidth=1080 displayHeight=2400 physicalDisplayWidth=1080 physicalDisplayHeight=2400 density={2.625} cutoutSpec={M 0,0 M 0,12.25101276465640 a 10.60613009248640,10.60613009248640 0 1,0 0,21.21226018497290 a 10.60613009248640,10.60613009248640 0 1,0 0,-21.21226018497290 Z @dp} rotation={0} scale={1.0} physicalPixelDisplaySizeRatio={1.0}}}}, mRoundedCorners=RoundedCorners{[RoundedCorner{position=TopLeft, radius=84, center=Point(84, 84)}, RoundedCorner{position=TopRight, radius=84, center=Point(996, 84)}, RoundedCorner{position=BottomRight, radius=84, center=Point(996, 2316)}, RoundedCorner{position=BottomLeft, radius=84, center=Point(84, 2316)}]}  mRoundedCornerFrame=Rect(0, 0 - 1080, 2400), mPrivacyIndicatorBounds=PrivacyIndicatorBounds {static bounds=Rect(964, 0 - 1080, 88) rotation=0}, mSources= { InsetsSource: {mType=ITYPE_STATUS_BAR, mFrame=[0,0][1080,88], mVisible=true, mInsetsRoundedCornerFrame=false}, InsetsSource: {mType=ITYPE_NAVIGATION_BAR, mFrame=[0,2274][1080,2400], mVisible=true, mInsetsRoundedCornerFrame=false}, InsetsSource: {mType=ITYPE_LEFT_GESTURES, mFrame=[0,0][0,2400], mVisible=true, mInsetsRoundedCornerFrame=false}, InsetsSource: {mType=ITYPE_RIGHT_GESTURES, mFrame=[1080,0][1080,2400], mVisible=true, mInsetsRoundedCornerFrame=false}, InsetsSource: {mType=ITYPE_TOP_MANDATORY_GESTURES, mFrame=[0,0][1080,120], mVisible=true, mInsetsRoundedCornerFrame=false}, InsetsSource: {mType=ITYPE_BOTTOM_MANDATORY_GESTURES, mFrame=[0,2274][1080,2400], mVisible=true, mInsetsRoundedCornerFrame=false}, InsetsSource: {mType=ITYPE_LEFT_DISPLAY_CUTOUT, mFrame=[0,0][-100000,2400], mVisible=true, mInsetsRoundedCornerFrame=false}, InsetsSource: {mType=ITYPE_TOP_DISPLAY_CUTOUT, mFrame=[0,0][1080,88], mVisible=true, mInsetsRoundedCornerFrame=false}, InsetsSource: {mType=ITYPE_RIGHT_DISPLAY_CUTOUT, mFrame=[100000,0][1080,2400], mVisible=true, mInsetsRoundedCornerFrame=false}, InsetsSource: {mType=ITYPE_BOTTOM_DISPLAY_CUTOUT, mFrame=[0,100000][1080,2400], mVisible=true, mInsetsRoundedCornerFrame=false}, InsetsSource: {mType=ITYPE_TOP_TAPPABLE_ELEMENT, mFrame=[0,0][1080,88], mVisible=true, mInsetsRoundedCornerFrame=false}, InsetsSource: {mType=ITYPE_BOTTOM_TAPPABLE_ELEMENT, mFrame=[0,2274][1080,2400], mVisible=true, mInsetsRoundedCornerFrame=false}, InsetsSource: {mType=ITYPE_IME, mFrame=[0,0][0,0], mVisibleFrame=[0,1499][1080,2400], mVisible=false, mInsetsRoundedCornerFrame=false} } host=app.comaps.fdroid.debug/app.organicmaps.MwmActivity from=android.view.ViewRootImpl.setView:1732
07-16 10:50:38.548 I/ViewRootImpl@8a1f979[MwmActivity](27287): setView = com.android.internal.policy.DecorView@4524fc5 TM=true
07-16 10:50:38.614 I/ViewRootImpl@8a1f979[MwmActivity](27287): performTraversals params={(0,0)(fillxfill) gr=CENTER sim={adjust=resize forwardNavigation} layoutInDisplayCutoutMode=shortEdges ty=APPLICATION fmt=TRANSPARENT wanim=0x7f130006 surfaceInsets=Rect(105, 105 - 105, 105)
07-16 10:50:38.614 I/ViewRootImpl@8a1f979[MwmActivity](27287):   fl=81810102
07-16 10:50:38.614 I/ViewRootImpl@8a1f979[MwmActivity](27287):   pfl=16020040
07-16 10:50:38.614 I/ViewRootImpl@8a1f979[MwmActivity](27287):   vsysui=500
07-16 10:50:38.614 I/ViewRootImpl@8a1f979[MwmActivity](27287):   bhv=DEFAULT
07-16 10:50:38.614 I/ViewRootImpl@8a1f979[MwmActivity](27287):   fitSides=
07-16 10:50:38.614 I/ViewRootImpl@8a1f979[MwmActivity](27287):  dimAmount=0.32 naviIconColor=0}
07-16 10:50:38.615 I/ViewRootImpl@8a1f979[MwmActivity](27287): performTraversals mFirst=true windowShouldResize=true viewVisibilityChanged=false mForceNextWindowRelayout=false params={(0,0)(fillxfill) gr=CENTER sim={adjust=resize forwardNavigation} layoutInDisplayCutoutMode=shortEdges ty=APPLICATION fmt=TRANSPARENT wanim=0x7f130006 surfaceInsets=Rect(105, 105 - 105, 105)
07-16 10:50:38.615 I/ViewRootImpl@8a1f979[MwmActivity](27287):   fl=81810102
07-16 10:50:38.615 I/ViewRootImpl@8a1f979[MwmActivity](27287):   pfl=16020040
07-16 10:50:38.615 I/ViewRootImpl@8a1f979[MwmActivity](27287):   vsysui=500
07-16 10:50:38.615 I/ViewRootImpl@8a1f979[MwmActivity](27287):   bhv=DEFAULT
07-16 10:50:38.615 I/ViewRootImpl@8a1f979[MwmActivity](27287):   fitSides=
07-16 10:50:38.615 I/ViewRootImpl@8a1f979[MwmActivity](27287):  dimAmount=0.32 naviIconColor=0}
07-16 10:50:38.631 I/ViewRootImpl@8a1f979[MwmActivity](27287): updateBlastSurfaceIfNeeded mBlastBufferQueue=null isSameSurfaceControl=false
07-16 10:50:38.632 I/BLASTBufferQueue(27287): new BLASTBufferQueue, mName= ViewRootImpl@8a1f979[MwmActivity] mNativeObject= 0xd395bd80 sc.mNativeObject= 0xe99041f0 caller= android.view.ViewRootImpl.updateBlastSurfaceIfNeeded:2909 android.view.ViewRootImpl.relayoutWindow:9847 android.view.ViewRootImpl.performTraversals:3884 android.view.ViewRootImpl.doTraversal:3116 android.view.ViewRootImpl$TraversalRunnable.run:10885 android.view.Choreographer$CallbackRecord.run:1301 android.view.Choreographer$CallbackRecord.run:1309 android.view.Choreographer.doCallbacks:923 android.view.Choreographer.doFrame:852 android.view.Choreographer$FrameDisplayEventReceiver.run:1283 
07-16 10:50:38.632 I/BLASTBufferQueue(27287): update, w= 1290 h= 2610 mName = ViewRootImpl@8a1f979[MwmActivity] mNativeObject= 0xd395bd80 sc.mNativeObject= 0xe99041f0 format= -2 caller= android.graphics.BLASTBufferQueue.<init>:84 android.view.ViewRootImpl.updateBlastSurfaceIfNeeded:2909 android.view.ViewRootImpl.relayoutWindow:9847 android.view.ViewRootImpl.performTraversals:3884 android.view.ViewRootImpl.doTraversal:3116 android.view.ViewRootImpl$TraversalRunnable.run:10885 
07-16 10:50:38.633 I/ViewRootImpl@8a1f979[MwmActivity](27287): Relayout returned: old=(0,0,1080,2400) new=(0,0,1080,2400) req=(1080,2400)0 dur=16 res=0x3 s={true 0xd350c000} ch=true seqId=0
07-16 10:50:38.634 I/ViewRootImpl@8a1f979[MwmActivity](27287): mThreadedRenderer.initialize() mSurface={isValid=true 0xd350c000} hwInitialized=true
07-16 10:50:38.637 D/OpenGLRenderer(27287): eglCreateWindowSurface
07-16 10:50:38.651 I/ViewRootImpl@8a1f979[MwmActivity](27287): reportNextDraw android.view.ViewRootImpl.performTraversals:4438 android.view.ViewRootImpl.doTraversal:3116 android.view.ViewRootImpl$TraversalRunnable.run:10885 android.view.Choreographer$CallbackRecord.run:1301 android.view.Choreographer$CallbackRecord.run:1309 
07-16 10:50:38.651 I/ViewRootImpl@8a1f979[MwmActivity](27287): Setup new sync id=0
07-16 10:50:38.651 I/ViewRootImpl@8a1f979[MwmActivity](27287): Setting syncFrameCallback
07-16 10:50:38.652 I/ViewRootImpl@8a1f979[MwmActivity](27287): registerCallbacksForSync syncBuffer=false
07-16 10:50:38.674 I/ViewRootImpl@8a1f979[MwmActivity](27287): Received frameDrawingCallback syncResult=0 frameNum=1.
07-16 10:50:38.674 I/ViewRootImpl@8a1f979[MwmActivity](27287): Setting up sync and frameCommitCallback
07-16 10:50:38.850 I/BLASTBufferQueue(27287): [ViewRootImpl@8a1f979[MwmActivity]#3](f:0,a:0) onFrameAvailable the first frame is available
07-16 10:50:38.851 I/ViewRootImpl@8a1f979[MwmActivity](27287): Received frameCommittedCallback lastAttemptedDrawFrameNum=1 didProduceBuffer=true
07-16 10:50:38.852 D/OpenGLRenderer(27287): CFMS:: SetUp Pid : 27287    Tid : 27393
07-16 10:50:38.858 I/ViewRootImpl@8a1f979[MwmActivity](27287): onSyncComplete
07-16 10:50:38.858 I/ViewRootImpl@8a1f979[MwmActivity](27287): setupSync seqId=0 mSyncId=0 fn=1 caller=android.view.ViewRootImpl$$ExternalSyntheticLambda11.accept:6 android.window.SurfaceSyncer.lambda$setupSync$1$android-window-SurfaceSyncer:128 android.window.SurfaceSyncer$$ExternalSyntheticLambda1.accept:8 android.window.SurfaceSyncer$SyncSet.checkIfSyncIsComplete:382 android.window.SurfaceSyncer$SyncSet.markSyncReady:359 android.window.SurfaceSyncer.markSyncReady:151 android.view.ViewRootImpl.performTraversals:4503 
07-16 10:50:38.859 I/ViewRootImpl@8a1f979[MwmActivity](27287): reportDrawFinished seqId=0 mSyncId=-1 fn=1 mSurfaceChangedTransaction=0xde67db40
07-16 10:50:38.882 I/ViewRootImpl@b70ee28[MwmActivity](27287): MSG_WINDOW_FOCUS_CHANGED 0 0
07-16 10:50:38.914 I/ViewRootImpl@8a1f979[MwmActivity](27287): MSG_WINDOW_FOCUS_CHANGED 1 0
07-16 10:50:38.914 I/ViewRootImpl@8a1f979[MwmActivity](27287): mThreadedRenderer.initializeIfNeeded()#2 mSurface={isValid=true 0xd350c000}
07-16 10:50:38.916 D/InputMethodManager(27287): startInputInner - Id : 0
07-16 10:50:38.916 I/InputMethodManager(27287): startInputInner - mService.startInputOrWindowGainedFocus
07-16 10:50:39.115 D/LocationState(27287): (main) LocationHelper.java:99 onSatelliteStatusChanged(): total = 4 used = 3 fixed = true
07-16 10:50:40.112 D/LocationState(27287): (main) LocationHelper.java:99 onSatelliteStatusChanged(): total = 4 used = 3 fixed = true
07-16 10:50:40.872 I/ViewRootImpl@8a1f979[MwmActivity](27287): ViewPostIme pointer 0
07-16 10:50:40.953 I/ViewRootImpl@8a1f979[MwmActivity](27287): ViewPostIme pointer 1
07-16 10:50:40.979 D/RoutingController(27287): (main) RoutingController.java:284 build(): build
07-16 10:50:40.981 D/RoutingController(27287): (main) RoutingController.java:199 setBuildState(): [B] State: PREPARE, BuildState: BUILT -> BUILDING
07-16 10:50:40.991 I/CoMapsDebug(27287): routing/async_router.cpp:310 CalculateRoute () - Calculating the route of direct length 7787.21 m. checkpoints: Checkpoints(ms::LatLon(43.44777, -3.6453636); ms::LatLon(43.4534751, -3.741404); passed: 0) startDirection: m2::Point<d>(0, 0) router name: astar-bidirectional-Pedestrian
07-16 10:50:40.992 I/OMcore  (27287): (Thread-9) routing/async_router.cpp:310 CalculateRoute(): Calculating the route of direct length 7787.21 m. checkpoints: Checkpoints(ms::LatLon(43.44777, -3.6453636); ms::LatLon(43.4534751, -3.741404); passed: 0) startDirection: m2::Point<d>(0, 0) router name: astar-bidirectional-Pedestrian
07-16 10:50:40.992 D/RoutingController(27287): (main) RoutingController.java:190 setState(): [S] State: PREPARE -> PREPARE, BuildState: BUILDING
07-16 10:50:40.993 I/CoMapsDebug(27287): routing/index_router.cpp:1096 MakeWorldGraph () - Avoid next roads: RoutingOptions: { | steps | }
07-16 10:50:40.993 I/OMcore  (27287): (Thread-9) routing/index_router.cpp:1096 MakeWorldGraph(): Avoid next roads: RoutingOptions: { | steps | }
07-16 10:50:40.994 D/RoutingPlanInplaceController(27287): (main) RoutingPlanInplaceController.java:36 show(): show=true mAnimator=ValueAnimator@80ec634
07-16 10:50:40.994 D/RoutingPlanInplaceController(27287):     :  -277.0  0.0  
07-16 10:50:40.998 I/NavigationService(27287): (main) NavigationService.java:102 stopService(): 
07-16 10:50:41.009 I/MSHandlerLifeCycle(27287): removeMultiSplitHandler: no exist. decor=DecorView@4524fc5[MwmActivity]
07-16 10:50:41.010 D/OpenGLRenderer(27287): setSurface called with nullptr
07-16 10:50:41.010 D/OpenGLRenderer(27287): setSurface() destroyed EGLSurface
07-16 10:50:41.011 D/OpenGLRenderer(27287): destroyEglSurface
07-16 10:50:41.017 D/OpenGLRenderer(27287): endAllActiveAnimators on 0xd3558c00 (RippleDrawable) with handle 0xde7ef570
07-16 10:50:41.017 I/ViewRootImpl@8a1f979[MwmActivity](27287): dispatchDetachedFromWindow
07-16 10:50:41.048 D/InputTransport(27287): Input channel destroyed: '2811f6c', fd=168
07-16 10:50:41.049 W/OnBackInvokedCallback(27287): OnBackInvokedCallback is not enabled for the application.
07-16 10:50:41.049 W/OnBackInvokedCallback(27287): Set 'android:enableOnBackInvokedCallback="true"' in the application manifest.
07-16 10:50:41.058 D/InsetsController(27287): onStateChanged: InsetsState: {mDisplayFrame=Rect(0, 0 - 1080, 2400), mDisplayCutout=DisplayCutout{insets=Rect(0, 88 - 0, 0) waterfall=Insets{left=0, top=0, right=0, bottom=0} boundingRect={Bounds=[Rect(0, 0 - 0, 0), Rect(512, 0 - 568, 88), Rect(0, 0 - 0, 0), Rect(0, 0 - 0, 0)]} cutoutPathParserInfo={CutoutPathParserInfo{displayWidth=1080 displayHeight=2400 physicalDisplayWidth=1080 physicalDisplayHeight=2400 density={2.625} cutoutSpec={M 0,0 M 0,12.25101276465640 a 10.60613009248640,10.60613009248640 0 1,0 0,21.21226018497290 a 10.60613009248640,10.60613009248640 0 1,0 0,-21.21226018497290 Z @dp} rotation={0} scale={1.0} physicalPixelDisplaySizeRatio={1.0}}}}, mRoundedCorners=RoundedCorners{[RoundedCorner{position=TopLeft, radius=84, center=Point(84, 84)}, RoundedCorner{position=TopRight, radius=84, center=Point(996, 84)}, RoundedCorner{position=BottomRight, radius=84, center=Point(996, 2316)}, RoundedCorner{position=BottomLeft, radius=84, center=Point(84, 2316)}]}  mRoundedCornerFrame=Rect(0, 0 - 1080, 2400), mPrivacyIndicatorBounds=PrivacyIndicatorBounds {static bounds=Rect(964, 0 - 1080, 88) rotation=0}, mSources= { InsetsSource: {mType=ITYPE_STATUS_BAR, mFrame=[0,0][1080,88], mVisible=true, mInsetsRoundedCornerFrame=false}, InsetsSource: {mType=ITYPE_NAVIGATION_BAR, mFrame=[0,2274][1080,2400], mVisible=true, mInsetsRoundedCornerFrame=false}, InsetsSource: {mType=ITYPE_LEFT_GESTURES, mFrame=[0,0][0,2400], mVisible=true, mInsetsRoundedCornerFrame=false}, InsetsSource: {mType=ITYPE_RIGHT_GESTURES, mFrame=[1080,0][1080,2400], mVisible=true, mInsetsRoundedCornerFrame=false}, InsetsSource: {mType=ITYPE_TOP_MANDATORY_GESTURES, mFrame=[0,0][1080,120], mVisible=true, mInsetsRoundedCornerFrame=false}, InsetsSource: {mType=ITYPE_BOTTOM_MANDATORY_GESTURES, mFrame=[0,2274][1080,2400], mVisible=true, mInsetsRoundedCornerFrame=false}, InsetsSource: {mType=ITYPE_LEFT_DISPLAY_CUTOUT, mFrame=[0,0][-100000,2400], mVisible=true, mInsetsRoundedCornerFrame=false}, InsetsSource: {mType=ITYPE_TOP_DISPLAY_CUTOUT, mFrame=[0,0][1080,88], mVisible=true, mInsetsRoundedCornerFrame=false}, InsetsSource: {mType=ITYPE_RIGHT_DISPLAY_CUTOUT, mFrame=[100000,0][1080,2400], mVisible=true, mInsetsRoundedCornerFrame=false}, InsetsSource: {mType=ITYPE_BOTTOM_DISPLAY_CUTOUT, mFrame=[0,100000][1080,2400], mVisible=true, mInsetsRoundedCornerFrame=false}, InsetsSource: {mType=ITYPE_TOP_TAPPABLE_ELEMENT, mFrame=[0,0][1080,88], mVisible=true, mInsetsRoundedCornerFrame=false}, InsetsSource: {mType=ITYPE_BOTTOM_TAPPABLE_ELEMENT, mFrame=[0,2274][1080,2400], mVisible=true, mInsetsRoundedCornerFrame=false} } host=app.comaps.fdroid.debug/app.organicmaps.MwmActivity from=android.view.ViewRootImpl$ViewRootHandler.handleMessageImpl:6740
07-16 10:50:41.077 I/ViewRootImpl@b70ee28[MwmActivity](27287): MSG_WINDOW_FOCUS_CHANGED 1 0
07-16 10:50:41.078 I/ViewRootImpl@b70ee28[MwmActivity](27287): mThreadedRenderer.initializeIfNeeded()#2 mSurface={isValid=true 0xe97f9400}
07-16 10:50:41.085 D/InputMethodManager(27287): startInputInner - Id : 0
07-16 10:50:41.085 I/InputMethodManager(27287): startInputInner - mService.startInputOrWindowGainedFocus
07-16 10:50:41.117 D/LocationState(27287): (main) LocationHelper.java:99 onSatelliteStatusChanged(): total = 4 used = 3 fixed = true
07-16 10:50:42.124 D/LocationState(27287): (main) LocationHelper.java:99 onSatelliteStatusChanged(): total = 4 used = 3 fixed = true
07-16 10:50:42.161 I/CoMapsDebug(27287): routing/index_graph_loader.cpp:163 CreateIndexGraph () - routing section for Spain_Cantabria loaded in 1.14994 seconds
07-16 10:50:42.161 I/OMcore  (27287): (Thread-9) routing/index_graph_loader.cpp:163 CreateIndexGraph(): routing section for Spain_Cantabria loaded in 1.14994 seconds
07-16 10:50:42.679 I/CoMapsDebug(27287): routing/index_router.cpp:703 CalculateSubroute () - Routing in mode: Joints
07-16 10:50:42.680 I/OMcore  (27287): (Thread-9) routing/index_router.cpp:703 CalculateSubroute(): Routing in mode: Joints
07-16 10:50:43.116 D/LocationState(27287): (main) LocationHelper.java:99 onSatelliteStatusChanged(): total = 4 used = 3 fixed = true
07-16 10:50:44.038 D/CoMapsDebug(27287): routing/index_router.cpp:741 CalculateSubrouteJointsMode () - Result route weight: (0, 0, 0, 8002.51, 0)
07-16 10:50:44.038 D/OMcore  (27287): (Thread-9) routing/index_router.cpp:741 CalculateSubrouteJointsMode(): Result route weight: (0, 0, 0, 8002.51, 0)
07-16 10:50:44.040 I/CoMapsDebug(27287): base/timer.cpp:185 ~ScopedTimerWithLog () - Route build time: 1360 ms
07-16 10:50:44.040 I/OMcore  (27287): (Thread-9) base/timer.cpp:185 ~ScopedTimerWithLog(): Route build time: 1360 ms
07-16 10:50:44.102 D/CoMapsDebug(27287): routing/routing_helpers.cpp:84 ReconstructRoute () - ms::LatLon(43.44777, -3.6453636)
07-16 10:50:44.102 D/CoMapsDebug(27287): TurnItem { m_index = 1, m_turn = None, m_lanes = [0: ], m_exitNum = 0, m_pedestrianDir = None }
07-16 10:50:44.102 D/CoMapsDebug(27287): RoadNameInfo { m_name = Calle del Albergue, m_ref = , m_junction_ref = , m_destination_ref = , m_destination = , m_isLink = 0 }
07-16 10:50:44.102 D/CoMapsDebug(27287): ms::LatLon(43.4486013, -3.64585566)
07-16 10:50:44.102 D/CoMapsDebug(27287): TurnItem { m_index = 13, m_turn = None, m_lanes = [0: ], m_exitNum = 0, m_pedestrianDir = TurnRight }
07-16 10:50:44.102 D/CoMapsDebug(27287): RoadNameInfo { m_name = Calle del Albergue, m_ref = , m_junction_ref = , m_destination_ref = , m_destination = , m_isLink = 0 }
07-16 10:50:44.102 D/CoMapsDebug(27287): ms::LatLon(43.4546258, -3.64176798)
07-16 10:50:44.102 D/CoMapsDebug(27287): TurnItem { m_index = 57, m_turn = None, m_lanes = [0: ], m_exitNum = 0, m_pedestrianDir = TurnLeft }
07-16 10:50:44.102 D/CoMapsDebug(27287): RoadNameInfo { m_name = Acceso a Güemes, m_ref = CA-444, m_junction_ref = , m_destination_ref = , m_destination = , m_isLink = 0 }
07-16 10:50:44.102 D/CoMapsDebug(27287): ms::LatLon(43.4657951, -3.66126495)
07-16 10:50:44.102 D/CoMapsDebug(27287): TurnItem { m_index = 147, m_turn = None, m_lanes = [0: ], m_exitNum = 0, m_pedestrianDir = TurnRight }
07-16 10:50:44.102 D/CoMapsDebug(27287): RoadNameInfo { m_name = Galizano-Güeme
07-16 10:50:44.103 D/OMcore  (27287): (Thread-9) routing/routing_helpers.cpp:84 ReconstructRoute(): ms::LatLon(43.44777, -3.6453636)
07-16 10:50:44.103 D/OMcore  (27287): TurnItem { m_index = 1, m_turn = None, m_lanes = [0: ], m_exitNum = 0, m_pedestrianDir = None }
07-16 10:50:44.103 D/OMcore  (27287): RoadNameInfo { m_name = Calle del Albergue, m_ref = , m_junction_ref = , m_destination_ref = , m_destination = , m_isLink = 0 }
07-16 10:50:44.103 D/OMcore  (27287): ms::LatLon(43.4486013, -3.64585566)
07-16 10:50:44.103 D/OMcore  (27287): TurnItem { m_index = 13, m_turn = None, m_lanes = [0: ], m_exitNum = 0, m_pedestrianDir = TurnRight }
07-16 10:50:44.103 D/OMcore  (27287): RoadNameInfo { m_name = Calle del Albergue, m_ref = , m_junction_ref = , m_destination_ref = , m_destination = , m_isLink = 0 }
07-16 10:50:44.103 D/OMcore  (27287): ms::LatLon(43.4546258, -3.64176798)
07-16 10:50:44.103 D/OMcore  (27287): TurnItem { m_index = 57, m_turn = None, m_lanes = [0: ], m_exitNum = 0, m_pedestrianDir = TurnLeft }
07-16 10:50:44.103 D/OMcore  (27287): RoadNameInfo { m_name = Acceso a Güemes, m_ref = CA-444, m_junction_ref = , m_destination_ref = , m_destination = , m_isLink = 0 }
07-16 10:50:44.103 D/OMcore  (27287): ms::LatLon(43.4657951, -3.66126495)
07-16 10:50:44.103 D/OMcore  (27287): TurnItem { m_index = 147, m_turn = None, m_lanes = [0: ], m_exitNum = 0, m_pedestrianDir = TurnRight }
07-16 10:50:44.103 D/OMcore  (27287): RoadNameInfo { m_name = Galizano-Güemes, m_ref = CA-443, m_junction_ref = , m_destination_ref = , m_destination = , m_isLink = 0 }
07-16 10:50:44.103 D/OMcore  (27287): ms::LatLon(43.4676795, -3.66281795)
07-16 10:50:44.103 D/OMcore  (27287): TurnItem { m_index = 155, m_turn = None, m_lanes = [0: ], m_exitNum = 0, m_pedestrianDir = TurnLeft }
07-16 10:50:44.103 D/OMcore  (27287): RoadNameInfo { m_name = Galizano-Güemes, m_ref = CA-443, m_junction_ref = , m_destination_ref = , m_destination = , m_isLink = 0 }
07-16 10:50:44.103 D/OMcore  (27287): ms::LatLon(43.4664608, -3.6689468)
07-16 10:50:44.103 D/OMcore  (27287): TurnItem { m_index = 170, m_turn = None, m_lanes = [0: ], m_exitNum = 0, m_pedestrianDir = TurnRight }
07-16 10:50:44.103 D/OMcore  (27287): RoadNameInfo { m_name = Loredo-Galizano, m_ref = CA-440, m_junction_ref = , m_destination_ref = , m_destination = , m_isLink = 0 }
07-16 10:50:44.103 D/OMcore  (27287): ms::LatLon(43.4669008, -3.66921234)
07-16 10:50:44.103 D/OMcore  (27287): TurnItem { m_index = 171, m_turn = None, m_lanes = [0: ], m_exitNum = 0, m_pedestrianDir = TurnLeft }
07-16 10:50:44.103 D/OMcore  (27287): RoadNameInfo { m_name = Calle Verdes, m_ref = , m_junction_ref = , m_destination_ref = , m_destination = , m_isLink = 0 }
07-16 10:50:44.103 D/OMcore  (27287): ms::LatLon(43.4666555, -3.67236662)
07-16 10:50:44.103 D/OMcore  (27287): TurnItem { m_index = 178, m_turn = None, m_lanes = [0: ], m_exitNum = 0, m_pedestrianDir = TurnLeft }
07-16 10:50:44.103 D/OMcore  (27287): RoadNameInfo { m_name = Calle Verdes, m_ref = , m_junction_ref = , m_destination_ref = , m_destination = , m_isLink = 0 }
07-16 10:50:44.103 D/OMcore  (27287): ms::LatLon(43.4665991, -3.67250341)
07-16 10:50:44.103 D/OMcore  (27287): TurnItem { m_index = 181, m_turn = None, m_lanes = [0: ], m_exitNum = 0, m_pedestrianDir = TurnLeft }
07-16 10:50:44.103 D/OMcore  (27287): RoadNameInfo { m_name = Calle Verdes, m_ref = , m_junction_ref = , m_destination_ref = , m_destination = , m_isLink = 0 }
07-16 10:50:44.103 D/OMcore  (27287): ms::LatLon(43.4665173, -3.67252218)
07-16 10:50:44.103 D/OMcore  (27287): TurnItem { m_index = 183, m_turn = None, m_lanes = [0: ], m_exitNum = 0, m_pedestrianDir = TurnRight }
07-16 10:50:44.103 D/OMcore  (27287): RoadNameInfo { m_name = Calle Verdes, m_ref = , m_junction_ref = , m_destination_ref = , m_destination = , m_isLink = 0 }
07-16 10:50:44.103 D/OMcore  (27287): ms::LatLon(43.4664881, -3.67258388)
07-16 10:50:44.103 D/OMcore  (27287): TurnItem { m_index = 185, m_turn = None, m_lanes = [0: ], m_exitNum = 0, m_pedestrianDir = TurnRight }
07-16 10:50:44.103 D/OMcore  (27287): RoadNameInfo { m_name = , m_ref = , m_junction_ref = , m_destination_ref = , m_destination = , m_isLink = 0 }
07-16 10:50:44.103 D/OMcore  (27287): ms::LatLon(43.4645083, -3.67950129)
07-16 10:50:44.103 D/OMcore  (27287): TurnItem { m_index = 208, m_turn = None, m_lanes = [0: ], m_exitNum = 0, m_pedestrianDir = TurnLeft }
07-16 10:50:44.103 D/OMcore  (27287): RoadNameInfo { m_name = , m_ref = , m_junction_ref = , m_destination_ref = , m_destination = , m_isLink = 0 }
07-16 10:50:44.103 D/OMcore  (27287): ms::LatLon(43.4547153, -3.72034061)
07-16 10:50:44.103 D/OMcore  (27287): TurnItem { m_index = 282, m_turn = None, m_lanes = [0: ], m_exitNum = 0, m_pedestrianDir = TurnRight }
07-16 10:50:44.103 D/OMcore  (27287): RoadNameInfo { m_name = Loredo-Galizano, m_ref = CA-440, m_junction_ref = , m_destination_ref = , m_destination = , m_isLink = 0 }
07-16 10:50:44.103 D/OMcore  (27287): ms::LatLon(43.4554708, -3.72053909)
07-16 10:50:44.103 D/OMcore  (27287): TurnItem { m_index = 289, m_turn = None, m_lanes = [0: ], m_exitNum = 0, m_pedestrianDir = TurnLeft }
07-16 10:50:44.103 D/OMcore  (27287): RoadNameInfo { m_name = Barrio Latas, m_ref = , m_junction_ref = , m_destination_ref = , m_destination = , m_isLink = 0 }
07-16 10:50:44.103 D/OMcore  (27287): ms::LatLon(43.4562769, -3.72175145)
07-16 10:50:44.103 D/OMcore  (27287): TurnItem { m_index = 291, m_turn = None, m_lanes = [0: ], m_exitNum = 0, m_pedestrianDir = TurnLeft }
07-16 10:50:44.103 D/OMcore  (27287): RoadNameInfo { m_name = Barrio Latas, m_ref = , m_junction_ref = , m_destination_ref = , m_destination = , m_isLink = 0 }
07-16 10:50:44.103 D/OMcore  (27287): ms::LatLon(43.4562087, -3.72286993)
07-16 10:50:44.103 D/OMcore  (27287): TurnItem { m_index = 297, m_turn = None, m_lanes = [0: ], m_exitNum = 0, m_pedestrianDir = TurnLeft }
07-16 10:50:44.103 D/OMcore  (27287): RoadNameInfo { m_name = Barrio Latas, m_ref = , m_junction_ref = , m_destination_ref = , m_destination = , m_isLink = 0 }
07-16 10:50:44.103 D/OMcore  (27287): ms::LatLon(43.4561347, -3.72361022)
07-16 10:50:44.103 D/OMcore  (27287): TurnItem { m_index = 300, m_turn = None, m_lanes = [0: ], m_exitNum = 0, m_pedestrianDir = TurnLeft }
07-16 10:50:44.103 D/OMcore  (27287): RoadNameInfo { m_name = Calle Latas, m_ref = , m_junction_ref = , m_destination_ref = , m_destination = , m_isLink = 0 }
07-16 10:50:44.103 D/OMcore  (27287): ms::LatLon(43.4560666, -3.72374433)
07-16 10:50:44.103 D/OMcore  (27287): TurnItem { m_index = 305, m_turn = None, m_lanes = [0: ], m_exitNum = 0, m_pedestrianDir = TurnRight }
07-16 10:50:44.103 D/OMcore  (27287): RoadNameInfo { m_name = Calle Latas, m_ref = , m_junction_ref = , m_destination_ref = , m_destination = , m_isLink = 0 }
07-16 10:50:44.103 D/OMcore  (27287): ms::LatLon(43.4561484, -3.7238248)
07-16 10:50:44.103 D/OMcore  (27287): TurnItem { m_index = 309, m_turn = None, m_lanes = [0: ], m_exitNum = 0, m_pedestrianDir = TurnLeft }
07-16 10:50:44.103 D/OMcore  (27287): RoadNameInfo { m_name = Calle Latas, m_ref = , m_junction_ref = , m_destination_ref = , m_destination = , m_isLink = 0 }
07-16 10:50:44.103 D/OMcore  (27287): ms::LatLon(43.455428, -3.72870642)
07-16 10:50:44.103 D/OMcore  (27287): TurnItem { m_index = 321, m_turn = None, m_lanes = [0: ], m_exitNum = 0, m_pedestrianDir = TurnRight }
07-16 10:50:44.103 D/OMcore  (27287): RoadNameInfo { m_name = Calle de la Arna, m_ref = , m_junction_ref = , m_destination_ref = , m_destination = , m_isLink = 0 }
07-16 10:50:44.103 D/OMcore  (27287): ms::LatLon(43.4548555, -3.73595911)
07-16 10:50:44.103 D/OMcore  (27287): TurnItem { m_index = 339, m_turn = None, m_lanes = [0: ], m_exitNum = 0, m_pedestrianDir = TurnRight }
07-16 10:50:44.103 D/OMcore  (27287): RoadNameInfo { m_name = Calle de la Arna, m_ref = , m_junction_ref = , m_destination_ref = , m_destination = , m_isLink = 0 }
07-16 10:50:44.103 D/OMcore  (27287): ms::LatLon(43.4543337, -3.73989659)
07-16 10:50:44.103 D/OMcore  (27287): TurnItem { m_index = 351, m_turn = None, m_lanes = [0: ], m_exitNum = 0, m_pedestrianDir = TurnLeft }
07-16 10:50:44.103 D/OMcore  (27287): RoadNameInfo { m_name = Calle de la Fuente, m_ref = , m_junction_ref = , m_destination_ref = , m_destination = , m_isLink = 0 }
07-16 10:50:44.103 D/OMcore  (27287): ms::LatLon(43.4538314, -3.7412833)
07-16 10:50:44.103 D/OMcore  (27287): TurnItem { m_index = 361, m_turn = None, m_lanes = [0: ], m_exitNum = 0, m_pedestrianDir = TurnLeft }
07-16 10:50:44.103 D/OMcore  (27287): RoadNameInfo { m_name = Calle de la Fuente, m_ref = , m_junction_ref = , m_destination_ref = , m_destination = , m_isLink = 0 }
07-16 10:50:44.103 D/OMcore  (27287): ms::LatLon(43.4534751, -3.741404)
07-16 10:50:44.103 D/OMcore  (27287): TurnItem { m_index = 365, m_turn = None, m_lanes = [0: ], m_exitNum = 0, m_pedestrianDir = ReachedYourDestination }
07-16 10:50:44.103 D/OMcore  (27287): RoadNameInfo { m_name = , m_ref = , m_junction_ref = , m_destination_ref = , m_destination = , m_isLink = 0 }
07-16 10:50:44.106 I/CoMapsDebug(27287): routing/index_router.cpp:655 DoCalculateRoute () - Route length: 10580.5 meters. ETA: 7812.57 seconds.
07-16 10:50:44.106 I/OMcore  (27287): (Thread-9) routing/index_router.cpp:655 DoCalculateRoute(): Route length: 10580.5 meters. ETA: 7812.57 seconds.
07-16 10:50:44.119 D/LocationState(27287): (main) LocationHelper.java:99 onSatelliteStatusChanged(): total = 4 used = 3 fixed = true
07-16 10:50:44.191 I/CoMapsDebug(27287): routing/async_router.cpp:212 LogCode () - Route found, elapsed seconds: 3.20008
07-16 10:50:44.191 I/OMcore  (27287): (Thread-9) routing/async_router.cpp:212 LogCode(): Route found, elapsed seconds: 3.20008
07-16 10:50:44.192 I/CoMapsDebug(27287): routing/async_router.cpp:320 CalculateRoute () - ETA: 7812.57 sec.
07-16 10:50:44.192 I/OMcore  (27287): (Thread-9) routing/async_router.cpp:320 CalculateRoute(): ETA: 7812.57 sec.
07-16 10:50:44.192 I/CoMapsDebug(27287): routing/async_router.cpp:212 LogCode () - Route found, elapsed seconds: 3.20122
07-16 10:50:44.192 I/OMcore  (27287): (Thread-9) routing/async_router.cpp:212 LogCode(): Route found, elapsed seconds: 3.20122
07-16 10:50:44.228 D/RoutingController(27287): (main) RoutingController.java:94 onRoutingEvent(): onRoutingEvent(resultCode: 0)
07-16 10:50:44.232 D/RoutingController(27287): (main) RoutingController.java:199 setBuildState(): [B] State: PREPARE, BuildState: BUILDING -> BUILT
07-16 10:50:45.128 D/LocationState(27287): (main) LocationHelper.java:99 onSatelliteStatusChanged(): total = 4 used = 3 fixed = true
07-16 10:50:46.117 D/LocationState(27287): (main) LocationHelper.java:99 onSatelliteStatusChanged(): total = 4 used = 3 fixed = true
07-16 10:50:46.222 D/LocationState(27287): (main) LocationHelper.java:272 updateProviderDecision(): Selected: fused, with acc. 10.414
07-16 10:50:46.224 D/LocationState(27287): (main) LocationHelper.java:216 onLocationChanged(): provider = AndroidNativeProvider location = Location[fused 43.447763,-3.645368 hAcc=10.414 et=+12d16h49m37s153ms alt=138.50001525878906 vAcc=1.0 vel=0.08802123 sAcc=1.5]
07-16 10:50:47.133 D/LocationState(27287): (main) LocationHelper.java:99 onSatelliteStatusChanged(): total = 4 used = 3 fixed = true
07-16 10:50:47.676 I/ViewRootImpl@b70ee28[MwmActivity](27287): ViewPostIme key 0
07-16 10:50:47.678 D/Activity(27287): onKeyDown(KEYCODE_BACK)
07-16 10:50:47.696 I/ViewRootImpl@b70ee28[MwmActivity](27287): ViewPostIme key 1
07-16 10:50:47.696 D/Activity(27287): onKeyUp(KEYCODE_BACK) isTracking()=true isCanceled()=false hasCallback=false
07-16 10:50:47.700 D/RoutingController(27287): (main) RoutingController.java:462 cancel(): cancel: planning
07-16 10:50:47.702 D/RoutingController(27287): (main) RoutingController.java:446 cancelInternal(): cancelInternal
07-16 10:50:47.703 D/RoutingController(27287): (main) RoutingController.java:199 setBuildState(): [B] State: PREPARE, BuildState: BUILT -> NONE
07-16 10:50:47.707 D/RoutingController(27287): (main) RoutingController.java:190 setState(): [S] State: PREPARE -> NONE, BuildState: NONE
07-16 10:50:47.715 D/RoutingPlanInplaceController(27287): (main) RoutingPlanInplaceController.java:36 show(): show=false mAnimator=ValueAnimator@92ecfc7
07-16 10:50:47.715 D/RoutingPlanInplaceController(27287):     :  -398.0  0.0  
07-16 10:50:47.718 W/OnBackInvokedCallback(27287): OnBackInvokedCallback is not enabled for the application.
07-16 10:50:47.718 W/OnBackInvokedCallback(27287): Set 'android:enableOnBackInvokedCallback="true"' in the application manifest.
07-16 10:50:47.722 I/DecorView(27287): notifyKeepScreenOnChanged: keepScreenOn=false
07-16 10:50:47.724 I/ViewRootImpl@b70ee28[MwmActivity](27287): performTraversals params={(0,0)(fillxfill) sim={state=always_hidden adjust=pan} layoutInDisplayCutoutMode=always ty=BASE_APPLICATION fmt=TRANSLUCENT wanim=0x1030309
07-16 10:50:47.724 I/ViewRootImpl@b70ee28[MwmActivity](27287):   fl=81810100
07-16 10:50:47.724 I/ViewRootImpl@b70ee28[MwmActivity](27287):   pfl=16020040
07-16 10:50:47.724 I/ViewRootImpl@b70ee28[MwmActivity](27287):   vsysui=2310
07-16 10:50:47.724 I/ViewRootImpl@b70ee28[MwmActivity](27287):   apr=LIGHT_STATUS_BARS LIGHT_NAVIGATION_BARS
07-16 10:50:47.724 I/ViewRootImpl@b70ee28[MwmActivity](27287):   bhv=DEFAULT
07-16 10:50:47.724 I/ViewRootImpl@b70ee28[MwmActivity](27287):   fitSides= naviIconColor=0}
07-16 10:50:47.725 I/ViewRootImpl@b70ee28[MwmActivity](27287): performTraversals mFirst=false windowShouldResize=false viewVisibilityChanged=false mForceNextWindowRelayout=false params={(0,0)(fillxfill) sim={state=always_hidden adjust=pan} layoutInDisplayCutoutMode=always ty=BASE_APPLICATION fmt=TRANSLUCENT wanim=0x1030309
07-16 10:50:47.725 I/ViewRootImpl@b70ee28[MwmActivity](27287):   fl=81810100
07-16 10:50:47.725 I/ViewRootImpl@b70ee28[MwmActivity](27287):   pfl=16020040
07-16 10:50:47.725 I/ViewRootImpl@b70ee28[MwmActivity](27287):   vsysui=2310
07-16 10:50:47.725 I/ViewRootImpl@b70ee28[MwmActivity](27287):   apr=LIGHT_STATUS_BARS LIGHT_NAVIGATION_BARS
07-16 10:50:47.725 I/ViewRootImpl@b70ee28[MwmActivity](27287):   bhv=DEFAULT
07-16 10:50:47.725 I/ViewRootImpl@b70ee28[MwmActivity](27287):   fitSides= naviIconColor=0}
07-16 10:50:47.735 I/ViewRootImpl@b70ee28[MwmActivity](27287): updateBlastSurfaceIfNeeded mBlastBufferQueue=0xddf1db80 isSameSurfaceControl=true
07-16 10:50:47.736 I/BLASTBufferQueue(27287): update, w= 1080 h= 2400 mName = ViewRootImpl@b70ee28[MwmActivity] mNativeObject= 0xddf1db80 sc.mNativeObject= 0xe9983d40 format= -3 caller= android.view.ViewRootImpl.updateBlastSurfaceIfNeeded:2898 android.view.ViewRootImpl.relayoutWindow:9847 android.view.ViewRootImpl.performTraversals:3884 android.view.ViewRootImpl.doTraversal:3116 android.view.ViewRootImpl$TraversalRunnable.run:10885 android.view.Choreographer$CallbackRecord.run:1301 
07-16 10:50:47.736 I/ViewRootImpl@b70ee28[MwmActivity](27287): Relayout returned: old=(0,0,1080,2400) new=(0,0,1080,2400) req=(1080,2400)0 dur=9 res=0x0 s={true 0xe97f9400} ch=false seqId=0
07-16 10:50:47.739 I/ViewRootImpl@b70ee28[MwmActivity](27287): updateBoundsLayer: t = android.view.SurfaceControl$Transaction@3a27159 sc = Surface(name=Bounds for - app.comaps.fdroid.debug/app.organicmaps.MwmActivity@0)/@0xe89911e frame = 663
07-16 10:50:47.739 I/ViewRootImpl@b70ee28[MwmActivity](27287): mWNT: t=0xdc689140 mBlastBufferQueue=0xddf1db80 fn= 663 caller= android.view.ViewRootImpl.prepareSurfaces:2985 android.view.ViewRootImpl.performTraversals:4233 android.view.ViewRootImpl.doTraversal:3116 
07-16 10:50:48.167 D/LocationState(27287): (main) LocationHelper.java:99 onSatelliteStatusChanged(): total = 4 used = 3 fixed = true
07-16 10:50:49.139 D/LocationState(27287): (main) LocationHelper.java:99 onSatelliteStatusChanged(): total = 4 used = 3 fixed = true
07-16 10:50:49.502 I/ViewRootImpl@b70ee28[MwmActivity](27287): ViewPostIme pointer 0
07-16 10:50:49.567 I/ViewRootImpl@b70ee28[MwmActivity](27287): ViewPostIme pointer 1
07-16 10:50:49.620 D/MapController[Device](27287): (main) MapController.java:84 onPause(): 
07-16 10:50:49.620 I/CoMapsDebug(27287): sdk/Framework.cpp:399 PauseSurfaceRendering () - Pause surface rendering.
07-16 10:50:49.620 I/OMcore  (27287): (main) sdk/Framework.cpp:399 PauseSurfaceRendering(): Pause surface rendering.
07-16 10:50:49.622 D/SensorHelper(27287): (main) SensorHelper.java:119 removeListener(): listener: app.organicmaps.MwmActivity@d392b56 count was: 1
07-16 10:50:49.622 D/MwmApplication(27287): (main) MwmApplication.java:192 onActivityPaused(): activity = app.organicmaps.MwmActivity@d392b56
07-16 10:50:49.664 I/DecorView(27287): [INFO] isPopOver=false config=true
07-16 10:50:49.664 I/DecorView(27287): updateCaptionType: isFloating=false isApplication=true hasWindowDecorCaption=false this=DecorView@1a659c[]
07-16 10:50:49.664 D/DecorView(27287): setCaptionType = 0, this = DecorView@1a659c[]
07-16 10:50:49.666 I/DecorView(27287): getCurrentDensityDpi: from real metrics. densityDpi=420 msg=resources_loaded
07-16 10:50:49.666 I/DecorView(27287): setWindowBackground: isPopOver=false color=ffffffff d=android.graphics.drawable.ColorDrawable@4879b7a
07-16 10:50:49.670 D/PhoneWindow(27287): forceLight changed to false [] from com.android.internal.policy.PhoneWindow.updateForceLightNavigationBar:4314 com.android.internal.policy.PhoneWindow.setNavigationBarColor:4033 androidx.activity.EdgeToEdgeApi29.setUp:322 androidx.activity.EdgeToEdge.enable:95 androidx.activity.EdgeToEdge.enable$default:69 
07-16 10:50:49.697 D/ScrollView(27287): initGoToTop
07-16 10:50:49.865 D/MwmApplication(27287): (main) MwmApplication.java:183 onActivityResumed(): activity = app.organicmaps.help.HelpActivity@223da04
07-16 10:50:49.866 I/Utils   (27287): (main) Utils.java:95 showOnLockScreen(): showOnLockScreen = false window = com.android.internal.policy.PhoneWindow@bdf0590
07-16 10:50:49.867 I/SensorHelper(27287): (main) SensorHelper.java:94 setRotation(): rotation = 0
07-16 10:50:49.869 I/MSHandlerLifeCycle(27287): check: return. pkg=app.comaps.fdroid.debug parent=null callers=com.android.internal.policy.DecorView.setVisibility:4412 android.app.ActivityThread.handleResumeActivity:5476 android.app.servertransaction.ResumeActivityItem.execute:54 android.app.servertransaction.ActivityTransactionItem.execute:45 android.app.servertransaction.TransactionExecutor.executeLifecycleState:176 
07-16 10:50:49.869 I/MSHandlerLifeCycle(27287): removeMultiSplitHandler: no exist. decor=DecorView@1a659c[]
07-16 10:50:49.872 D/NativeCustomFrequencyManager(27287): [NativeCFMS] BpCustomFrequencyManager::BpCustomFrequencyManager()
07-16 10:50:49.872 I/DecorView(27287): notifyKeepScreenOnChanged: keepScreenOn=false
07-16 10:50:49.877 D/InsetsController(27287): onStateChanged: InsetsState: {mDisplayFrame=Rect(0, 0 - 1080, 2400), mDisplayCutout=DisplayCutout{insets=Rect(0, 88 - 0, 0) waterfall=Insets{left=0, top=0, right=0, bottom=0} boundingRect={Bounds=[Rect(0, 0 - 0, 0), Rect(512, 0 - 568, 88), Rect(0, 0 - 0, 0), Rect(0, 0 - 0, 0)]} cutoutPathParserInfo={CutoutPathParserInfo{displayWidth=1080 displayHeight=2400 physicalDisplayWidth=1080 physicalDisplayHeight=2400 density={2.625} cutoutSpec={M 0,0 M 0,12.25101276465640 a 10.60613009248640,10.60613009248640 0 1,0 0,21.21226018497290 a 10.60613009248640,10.60613009248640 0 1,0 0,-21.21226018497290 Z @dp} rotation={0} scale={1.0} physicalPixelDisplaySizeRatio={1.0}}}}, mRoundedCorners=RoundedCorners{[RoundedCorner{position=TopLeft, radius=84, center=Point(84, 84)}, RoundedCorner{position=TopRight, radius=84, center=Point(996, 84)}, RoundedCorner{position=BottomRight, radius=84, center=Point(996, 2316)}, RoundedCorner{position=BottomLeft, radius=84, center=Point(84, 2316)}]}  mRoundedCornerFrame=Rect(0, 0 - 1080, 2400), mPrivacyIndicatorBounds=PrivacyIndicatorBounds {static bounds=Rect(964, 0 - 1080, 88) rotation=0}, mSources= { InsetsSource: {mType=ITYPE_STATUS_BAR, mFrame=[0,0][1080,88], mVisible=true, mInsetsRoundedCornerFrame=false}, InsetsSource: {mType=ITYPE_NAVIGATION_BAR, mFrame=[0,2274][1080,2400], mVisible=true, mInsetsRoundedCornerFrame=false}, InsetsSource: {mType=ITYPE_LEFT_GESTURES, mFrame=[0,0][0,2400], mVisible=true, mInsetsRoundedCornerFrame=false}, InsetsSource: {mType=ITYPE_RIGHT_GESTURES, mFrame=[1080,0][1080,2400], mVisible=true, mInsetsRoundedCornerFrame=false}, InsetsSource: {mType=ITYPE_TOP_MANDATORY_GESTURES, mFrame=[0,0][1080,120], mVisible=true, mInsetsRoundedCornerFrame=false}, InsetsSource: {mType=ITYPE_BOTTOM_MANDATORY_GESTURES, mFrame=[0,2274][1080,2400], mVisible=true, mInsetsRoundedCornerFrame=false}, InsetsSource: {mType=ITYPE_LEFT_DISPLAY_CUTOUT, mFrame=[0,0][-100000,2400], mVisible=true, mInsetsRoundedCornerFrame=false}, InsetsSource: {mType=ITYPE_TOP_DISPLAY_CUTOUT, mFrame=[0,0][1080,88], mVisible=true, mInsetsRoundedCornerFrame=false}, InsetsSource: {mType=ITYPE_RIGHT_DISPLAY_CUTOUT, mFrame=[100000,0][1080,2400], mVisible=true, mInsetsRoundedCornerFrame=false}, InsetsSource: {mType=ITYPE_BOTTOM_DISPLAY_CUTOUT, mFrame=[0,100000][1080,2400], mVisible=true, mInsetsRoundedCornerFrame=false}, InsetsSource: {mType=ITYPE_TOP_TAPPABLE_ELEMENT, mFrame=[0,0][1080,88], mVisible=true, mInsetsRoundedCornerFrame=false}, InsetsSource: {mType=ITYPE_BOTTOM_TAPPABLE_ELEMENT, mFrame=[0,2274][1080,2400], mVisible=true, mInsetsRoundedCornerFrame=false} } host=app.comaps.fdroid.debug/app.organicmaps.help.HelpActivity from=android.view.ViewRootImpl.setView:1732
07-16 10:50:49.879 I/ViewRootImpl@805f6a8[HelpActivity](27287): setView = com.android.internal.policy.DecorView@1a659c TM=true
07-16 10:50:49.880 I/MSHandlerLifeCycle(27287): removeMultiSplitHandler: no exist. decor=DecorView@1a659c[HelpActivity]
07-16 10:50:49.907 I/ViewRootImpl@805f6a8[HelpActivity](27287): performTraversals params={(0,0)(fillxfill) sim={adjust=pan forwardNavigation} layoutInDisplayCutoutMode=always ty=BASE_APPLICATION wanim=0x1030309
07-16 10:50:49.907 I/ViewRootImpl@805f6a8[HelpActivity](27287):   fl=81810100
07-16 10:50:49.907 I/ViewRootImpl@805f6a8[HelpActivity](27287):   pfl=16020040
07-16 10:50:49.907 I/ViewRootImpl@805f6a8[HelpActivity](27287):   vsysui=110
07-16 10:50:49.907 I/ViewRootImpl@805f6a8[HelpActivity](27287):   apr=LIGHT_NAVIGATION_BARS
07-16 10:50:49.907 I/ViewRootImpl@805f6a8[HelpActivity](27287):   bhv=DEFAULT
07-16 10:50:49.907 I/ViewRootImpl@805f6a8[HelpActivity](27287):   fitSides= naviIconColor=0}
07-16 10:50:49.909 I/ViewRootImpl@805f6a8[HelpActivity](27287): performTraversals mFirst=true windowShouldResize=true viewVisibilityChanged=false mForceNextWindowRelayout=false params={(0,0)(fillxfill) sim={adjust=pan forwardNavigation} layoutInDisplayCutoutMode=always ty=BASE_APPLICATION wanim=0x1030309
07-16 10:50:49.909 I/ViewRootImpl@805f6a8[HelpActivity](27287):   fl=81810100
07-16 10:50:49.909 I/ViewRootImpl@805f6a8[HelpActivity](27287):   pfl=16020040
07-16 10:50:49.909 I/ViewRootImpl@805f6a8[HelpActivity](27287):   vsysui=110
07-16 10:50:49.909 I/ViewRootImpl@805f6a8[HelpActivity](27287):   apr=LIGHT_NAVIGATION_BARS
07-16 10:50:49.909 I/ViewRootImpl@805f6a8[HelpActivity](27287):   bhv=DEFAULT
07-16 10:50:49.909 I/ViewRootImpl@805f6a8[HelpActivity](27287):   fitSides= naviIconColor=0}
07-16 10:50:49.923 D/InsetsController(27287): onStateChanged: InsetsState: {mDisplayFrame=Rect(0, 0 - 1080, 2400), mDisplayCutout=DisplayCutout{insets=Rect(0, 88 - 0, 0) waterfall=Insets{left=0, top=0, right=0, bottom=0} boundingRect={Bounds=[Rect(0, 0 - 0, 0), Rect(512, 0 - 568, 88), Rect(0, 0 - 0, 0), Rect(0, 0 - 0, 0)]} cutoutPathParserInfo={CutoutPathParserInfo{displayWidth=1080 displayHeight=2400 physicalDisplayWidth=1080 physicalDisplayHeight=2400 density={2.625} cutoutSpec={M 0,0 M 0,12.25101276465640 a 10.60613009248640,10.60613009248640 0 1,0 0,21.21226018497290 a 10.60613009248640,10.60613009248640 0 1,0 0,-21.21226018497290 Z @dp} rotation={0} scale={1.0} physicalPixelDisplaySizeRatio={1.0}}}}, mRoundedCorners=RoundedCorners{[RoundedCorner{position=TopLeft, radius=84, center=Point(84, 84)}, RoundedCorner{position=TopRight, radius=84, center=Point(996, 84)}, RoundedCorner{position=BottomRight, radius=84, center=Point(996, 2316)}, RoundedCorner{position=BottomLeft, radius=84, center=Point(84, 2316)}]}  mRoundedCornerFrame=Rect(0, 0 - 1080, 2400), mPrivacyIndicatorBounds=PrivacyIndicatorBounds {static bounds=Rect(964, 0 - 1080, 88) rotation=0}, mSources= { InsetsSource: {mType=ITYPE_STATUS_BAR, mFrame=[0,0][1080,88], mVisible=true, mInsetsRoundedCornerFrame=false}, InsetsSource: {mType=ITYPE_NAVIGATION_BAR, mFrame=[0,2274][1080,2400], mVisible=true, mInsetsRoundedCornerFrame=false}, InsetsSource: {mType=ITYPE_LEFT_GESTURES, mFrame=[0,0][0,2400], mVisible=true, mInsetsRoundedCornerFrame=false}, InsetsSource: {mType=ITYPE_RIGHT_GESTURES, mFrame=[1080,0][1080,2400], mVisible=true, mInsetsRoundedCornerFrame=false}, InsetsSource: {mType=ITYPE_TOP_MANDATORY_GESTURES, mFrame=[0,0][1080,120], mVisible=true, mInsetsRoundedCornerFrame=false}, InsetsSource: {mType=ITYPE_BOTTOM_MANDATORY_GESTURES, mFrame=[0,2274][1080,2400], mVisible=true, mInsetsRoundedCornerFrame=false}, InsetsSource: {mType=ITYPE_LEFT_DISPLAY_CUTOUT, mFrame=[0,0][-100000,2400], mVisible=true, mInsetsRoundedCornerFrame=false}, InsetsSource: {mType=ITYPE_TOP_DISPLAY_CUTOUT, mFrame=[0,0][1080,88], mVisible=true, mInsetsRoundedCornerFrame=false}, InsetsSource: {mType=ITYPE_RIGHT_DISPLAY_CUTOUT, mFrame=[100000,0][1080,2400], mVisible=true, mInsetsRoundedCornerFrame=false}, InsetsSource: {mType=ITYPE_BOTTOM_DISPLAY_CUTOUT, mFrame=[0,100000][1080,2400], mVisible=true, mInsetsRoundedCornerFrame=false}, InsetsSource: {mType=ITYPE_TOP_TAPPABLE_ELEMENT, mFrame=[0,0][1080,88], mVisible=true, mInsetsRoundedCornerFrame=false}, InsetsSource: {mType=ITYPE_BOTTOM_TAPPABLE_ELEMENT, mFrame=[0,2274][1080,2400], mVisible=true, mInsetsRoundedCornerFrame=false}, InsetsSource: {mType=ITYPE_IME, mFrame=[0,0][0,0], mVisibleFrame=[0,1499][1080,2400], mVisible=false, mInsetsRoundedCornerFrame=false} } host=app.comaps.fdroid.debug/app.organicmaps.help.HelpActivity from=android.view.ViewRootImpl.relayoutWindow:9802
07-16 10:50:49.924 I/ViewRootImpl@805f6a8[HelpActivity](27287): updateBlastSurfaceIfNeeded mBlastBufferQueue=null isSameSurfaceControl=false
07-16 10:50:49.924 I/BLASTBufferQueue(27287): new BLASTBufferQueue, mName= ViewRootImpl@805f6a8[HelpActivity] mNativeObject= 0xd3b80300 sc.mNativeObject= 0xd7f07280 caller= android.view.ViewRootImpl.updateBlastSurfaceIfNeeded:2909 android.view.ViewRootImpl.relayoutWindow:9847 android.view.ViewRootImpl.performTraversals:3884 android.view.ViewRootImpl.doTraversal:3116 android.view.ViewRootImpl$TraversalRunnable.run:10885 android.view.Choreographer$CallbackRecord.run:1301 android.view.Choreographer$CallbackRecord.run:1309 android.view.Choreographer.doCallbacks:923 android.view.Choreographer.doFrame:852 android.view.Choreographer$FrameDisplayEventReceiver.run:1283 
07-16 10:50:49.925 I/BLASTBufferQueue(27287): update, w= 1080 h= 2400 mName = ViewRootImpl@805f6a8[HelpActivity] mNativeObject= 0xd3b80300 sc.mNativeObject= 0xd7f07280 format= -1 caller= android.graphics.BLASTBufferQueue.<init>:84 android.view.ViewRootImpl.updateBlastSurfaceIfNeeded:2909 android.view.ViewRootImpl.relayoutWindow:9847 android.view.ViewRootImpl.performTraversals:3884 android.view.ViewRootImpl.doTraversal:3116 android.view.ViewRootImpl$TraversalRunnable.run:10885 
07-16 10:50:49.925 I/ViewRootImpl@805f6a8[HelpActivity](27287): Relayout returned: old=(0,0,1080,2400) new=(0,0,1080,2400) req=(1080,2400)0 dur=15 res=0x3 s={true 0xd3064800} ch=true seqId=0
07-16 10:50:49.927 I/ViewRootImpl@805f6a8[HelpActivity](27287): mThreadedRenderer.initialize() mSurface={isValid=true 0xd3064800} hwInitialized=true
07-16 10:50:49.927 D/OpenGLRenderer(27287): eglCreateWindowSurface
07-16 10:50:49.937 D/ScrollView(27287):  onsize change changed 
07-16 10:50:49.938 I/ViewRootImpl@805f6a8[HelpActivity](27287): reportNextDraw android.view.ViewRootImpl.performTraversals:4438 android.view.ViewRootImpl.doTraversal:3116 android.view.ViewRootImpl$TraversalRunnable.run:10885 android.view.Choreographer$CallbackRecord.run:1301 android.view.Choreographer$CallbackRecord.run:1309 
07-16 10:50:49.939 I/ViewRootImpl@805f6a8[HelpActivity](27287): Setup new sync id=0
07-16 10:50:49.939 I/ViewRootImpl@805f6a8[HelpActivity](27287): Setting syncFrameCallback
07-16 10:50:49.939 I/ViewRootImpl@805f6a8[HelpActivity](27287): registerCallbacksForSync syncBuffer=false
07-16 10:50:49.965 I/ViewRootImpl@805f6a8[HelpActivity](27287): Received frameDrawingCallback syncResult=0 frameNum=1.
07-16 10:50:49.965 I/ViewRootImpl@805f6a8[HelpActivity](27287): Setting up sync and frameCommitCallback
07-16 10:50:49.994 I/BLASTBufferQueue(27287): [ViewRootImpl@805f6a8[HelpActivity]#4](f:0,a:0) onFrameAvailable the first frame is available
07-16 10:50:49.995 I/ViewRootImpl@805f6a8[HelpActivity](27287): Received frameCommittedCallback lastAttemptedDrawFrameNum=1 didProduceBuffer=true
07-16 10:50:49.996 D/OpenGLRenderer(27287): CFMS:: SetUp Pid : 27287    Tid : 27393
07-16 10:50:49.998 I/ViewRootImpl@805f6a8[HelpActivity](27287): onSyncComplete
07-16 10:50:49.998 I/ViewRootImpl@805f6a8[HelpActivity](27287): setupSync seqId=0 mSyncId=0 fn=1 caller=android.view.ViewRootImpl$$ExternalSyntheticLambda11.accept:6 android.window.SurfaceSyncer.lambda$setupSync$1$android-window-SurfaceSyncer:128 android.window.SurfaceSyncer$$ExternalSyntheticLambda1.accept:8 android.window.SurfaceSyncer$SyncSet.checkIfSyncIsComplete:382 android.window.SurfaceSyncer$SyncSet.markSyncReady:359 android.window.SurfaceSyncer.markSyncReady:151 android.view.ViewRootImpl.performTraversals:4503 
07-16 10:50:50.000 I/ViewRootImpl@805f6a8[HelpActivity](27287): reportDrawFinished seqId=0 mSyncId=-1 fn=1 mSurfaceChangedTransaction=0xdd1539e0
07-16 10:50:50.003 I/ViewRootImpl@b70ee28[MwmActivity](27287): MSG_WINDOW_FOCUS_CHANGED 0 0
07-16 10:50:50.084 I/ViewRootImpl@805f6a8[HelpActivity](27287): MSG_WINDOW_FOCUS_CHANGED 1 0
07-16 10:50:50.084 I/ViewRootImpl@805f6a8[HelpActivity](27287): mThreadedRenderer.initializeIfNeeded()#2 mSurface={isValid=true 0xd3064800}
07-16 10:50:50.086 D/InputMethodManager(27287): startInputInner - Id : 0
07-16 10:50:50.086 I/InputMethodManager(27287): startInputInner - mService.startInputOrWindowGainedFocus
07-16 10:50:50.117 D/LocationState(27287): (main) LocationHelper.java:99 onSatelliteStatusChanged(): total = 4 used = 3 fixed = true
07-16 10:50:50.467 I/ViewRootImpl@b70ee28[MwmActivity](27287): handleAppVisibility mAppVisible = true visible = false
07-16 10:50:50.482 I/SurfaceView@51f294f(27287): onWindowVisibilityChanged(8) false app.organicmaps.sdk.MapView{51f294f V.E...... ........ 0,0-1080,2400 #7f090237 app:id/map} of ViewRootImpl@b70ee28[MwmActivity]
07-16 10:50:50.482 I/SurfaceView@51f294f(27287): Changes: creating=false format=false size=false visible=true alpha=false hint=false mUseAlpha=false visible=true left=false top=false
07-16 10:50:50.482 I/SurfaceView@51f294f(27287): 85928271 Cur surface: Surface(name=null)/@0x63a9da3
07-16 10:50:50.483 I/SurfaceView@51f294f(27287): applyTransactionOnVriDraw: vri = ViewRootImpl@b70ee28[MwmActivity] fRS = false t = 0xdd154200 android.view.SurfaceView.performSurfaceTransaction:959 android.view.SurfaceView.updateSurface:1105 android.view.SurfaceView.onWindowVisibilityChanged:371 
07-16 10:50:50.483 I/ViewRootImpl@b70ee28[MwmActivity](27287): applyTransactionOnDraw: mRemoved = false isHardwareEnabled = true t = 0xdd154200android.view.SurfaceView.applyTransactionOnVriDraw:2048 android.view.SurfaceView.performSurfaceTransaction:959 android.view.SurfaceView.updateSurface:1105 android.view.SurfaceView.onWindowVisibilityChanged:371 android.view.View.dispatchWindowVisibilityChanged:15943 
07-16 10:50:50.483 I/SurfaceView@51f294f(27287): surfaceDestroyed
07-16 10:50:50.484 I/SurfaceView@51f294f(27287): surfaceDestroyed callback.size 1 #2 app.organicmaps.sdk.MapView{51f294f V.E...... ........ 0,0-1080,2400 #7f090237 app:id/map}
07-16 10:50:50.484 D/MapView (27287): (main) MapView.java:44 surfaceDestroyed(): 
07-16 10:50:50.485 D/Map     (27287): (main) Map.java:224 onSurfaceDestroyed(): mSurfaceCreated = true, mSurfaceAttached = true
07-16 10:50:50.485 I/CoMapsDebug(27287): sdk/Framework.cpp:297 DetachSurface () - Detach surface started. destroySurface = 1
07-16 10:50:50.486 I/OMcore  (27287): (main) sdk/Framework.cpp:297 DetachSurface(): Detach surface started. destroySurface = 1
07-16 10:50:50.486 I/CoMapsDebug(27287): sdk/Framework.cpp:310 DetachSurface () - Destroy surface.
07-16 10:50:50.486 I/OMcore  (27287): (main) sdk/Framework.cpp:310 DetachSurface(): Destroy surface.
07-16 10:50:50.487 D/CoMapsDebug(27287): drape_frontend/drape_engine.cpp:382 SetRenderingDisabled () - Rendering disabled
07-16 10:50:50.488 D/OMcore  (27287): (main) drape_frontend/drape_engine.cpp:382 SetRenderingDisabled(): Rendering disabled
07-16 10:50:50.496 I/CoMapsDebug(27287): sdk/Framework.cpp:332 DetachSurface () - Detach surface finished.
07-16 10:50:50.497 I/OMcore  (27287): (main) sdk/Framework.cpp:332 DetachSurface(): Detach surface finished.
07-16 10:50:50.497 I/SurfaceView@51f294f(27287): updateSurface: mVisible = false mSurface.isValid() = true
07-16 10:50:50.497 I/SurfaceView@51f294f(27287): releaseSurfaces: viewRoot = ViewRootImpl@b70ee28[MwmActivity]
07-16 10:50:50.498 I/SurfaceView@51f294f(27287): applyTransactionOnVriDraw: vri = ViewRootImpl@b70ee28[MwmActivity] fRS = true t = 0xdc689a00 android.view.SurfaceView.releaseSurfaces:858 android.view.SurfaceView.updateSurface:1172 android.view.SurfaceView.onWindowVisibilityChanged:371 
07-16 10:50:50.498 I/SurfaceView@51f294f(27287): applyTransactionOnVriDraw: viewRoot.applyTransactionOnDrawFromReleaseSurfaces
07-16 10:50:50.498 I/ViewRootImpl@b70ee28[MwmActivity](27287): from releaseSurfaces t.apply t = 0xdc689a00
07-16 10:50:50.499 V/SurfaceView@51f294f(27287): Layout: x=0 y=0 w=1080 h=2400, frame=Rect(0, 0 - 1080, 2400)
07-16 10:50:50.511 D/SurfaceView@51f294f(27287): windowPositionLost, frameNr = 0
07-16 10:50:50.511 D/OpenGLRenderer(27287): setSurface called with nullptr
07-16 10:50:50.511 D/OpenGLRenderer(27287): setSurface() destroyed EGLSurface
07-16 10:50:50.511 D/OpenGLRenderer(27287): destroyEglSurface
07-16 10:50:50.513 I/ViewRootImpl@b70ee28[MwmActivity](27287): performTraversals mFirst=false windowShouldResize=false viewVisibilityChanged=true mForceNextWindowRelayout=false params=null
07-16 10:50:50.521 I/ViewRootImpl@b70ee28[MwmActivity](27287): Relayout returned: old=(0,0,1080,2400) new=(0,0,1080,2400) req=(1080,2400)8 dur=6 res=0x2 s={false 0x0} ch=true seqId=0
07-16 10:50:50.521 I/SurfaceView@51f294f(27287): windowStopped(true) false app.organicmaps.sdk.MapView{51f294f V.E...... ........ 0,0-1080,2400 #7f090237 app:id/map} of ViewRootImpl@b70ee28[MwmActivity]
07-16 10:50:50.521 D/SurfaceView@51f294f(27287): updateSurface: surface is not valid
07-16 10:50:50.521 I/SurfaceView@51f294f(27287): releaseSurfaces: viewRoot = ViewRootImpl@b70ee28[MwmActivity]
07-16 10:50:50.521 I/SurfaceView@51f294f(27287): applyTransactionOnVriDraw: vri = ViewRootImpl@b70ee28[MwmActivity] fRS = true t = 0xe9e00c40 android.view.SurfaceView.releaseSurfaces:858 android.view.SurfaceView.updateSurface:998 android.view.SurfaceView.setWindowStopped:335 
07-16 10:50:50.521 I/SurfaceView@51f294f(27287): applyTransactionOnVriDraw: viewRoot.applyTransactionOnDrawFromReleaseSurfaces
07-16 10:50:50.521 I/ViewRootImpl@b70ee28[MwmActivity](27287): from releaseSurfaces t.apply t = 0xe9e00c40
07-16 10:50:50.522 D/SurfaceView@51f294f(27287): updateSurface: surface is not valid
07-16 10:50:50.522 I/SurfaceView@51f294f(27287): releaseSurfaces: viewRoot = ViewRootImpl@b70ee28[MwmActivity]
07-16 10:50:50.522 I/SurfaceView@51f294f(27287): applyTransactionOnVriDraw: vri = ViewRootImpl@b70ee28[MwmActivity] fRS = true t = 0xdc6893c0 android.view.SurfaceView.releaseSurfaces:858 android.view.SurfaceView.updateSurface:998 android.view.SurfaceView.lambda$new$0$android-view-SurfaceView:200 
07-16 10:50:50.522 I/SurfaceView@51f294f(27287): applyTransactionOnVriDraw: viewRoot.applyTransactionOnDrawFromReleaseSurfaces
07-16 10:50:50.522 I/ViewRootImpl@b70ee28[MwmActivity](27287): from releaseSurfaces t.apply t = 0xdc6893c0
07-16 10:50:50.525 D/MapController[Device](27287): (main) MapController.java:91 onStop(): 
07-16 10:50:50.526 I/ViewRootImpl@b70ee28[MwmActivity](27287): stopped(true) old = false
07-16 10:50:50.526 I/ViewRootImpl@b70ee28[MwmActivity](27287): WindowStopped on app.comaps.fdroid.debug/app.organicmaps.MwmActivity set to true
07-16 10:50:50.532 I/CoMapsDebug(27287): sdk/Framework.cpp:958 Java_app_organicmaps_sdk_Framework_nativeRemovePlacePageActivationListener () - Remove global map object listener
07-16 10:50:50.532 I/OMcore  (27287): (main) sdk/Framework.cpp:958 Java_app_organicmaps_sdk_Framework_nativeRemovePlacePageActivationListener(): Remove global map object listener
07-16 10:50:50.533 D/LocationState(27287): (main) LocationHelper.java:386 removeListener(): listener: app.organicmaps.MwmActivity@d392b56 count was: 1
07-16 10:50:50.534 I/Utils   (27287): (main) Utils.java:78 keepScreenOn(): KeepScreenOn = false window = com.android.internal.policy.PhoneWindow@1caed3f
07-16 10:50:50.535 I/DecorView(27287): notifyKeepScreenOnChanged: keepScreenOn=false
07-16 10:50:50.543 D/MwmApplication(27287): (main) MwmApplication.java:203 onActivitySaveInstanceState(): activity = app.organicmaps.MwmActivity@d392b56 outState = Bundle[{android:viewHierarchyState=Bundle[{android:views={16908290=android.view.AbsSavedState$1@95837f, 2131296314=android.view.AbsSavedState$1@95837f, 2131296325=android.view.AbsSavedState$1@95837f, 2131296338=android.view.AbsSavedState$1@95837f, 2131296339=android.view.AbsSavedState$1@95837f, 2131296340=android.view.AbsSavedState$1@95837f, 2131296374=android.view.AbsSavedState$1@95837f, 2131296381=CompoundButton.SavedState{f3df4c checked=false}, 2131296427=com.google.android.material.button.MaterialButton$SavedState@6a76b95, 2131296429=com.google.android.material.button.MaterialButton$SavedState@24e64aa, 2131296430=android.view.AbsSavedState$1@95837f, 2131296435=com.google.android.material.button.MaterialButton$SavedState@388d89b, 2131296436=android.view.AbsSavedState$1@95837f, 2131296452=android.view.AbsSavedState$1@95837f, 2131296474=android.view.AbsSavedState$1@95837f, 2131296475=android.view.AbsSavedState$1@95837f, 2131296491=android.view.AbsSavedState$1@95837f, 2131296494=androidx.coordinatorlayout.widget.CoordinatorLayout$SavedState@625a438, 2131296555=android.view.AbsSavedState$1@95837f, 2131296556=android.view.AbsSavedState$1@95837f, 2131296557=android.view.AbsSavedState$1@95837f, 2131296559=android.view.AbsSavedState$1@95837f, 2131296566=ExtendableSavedState{1602c11 states={expandableWidgetHelper=Bundle[{expanded=false, expandedComponentIdHint=0}]}}, 2131296567=android.view.AbsSavedState$1@95837f, 2131296568=android.view.AbsSavedState$1@95837f, 2131296571=com.google.android.material.button.MaterialButton$SavedState@9862176, 2131296572=android.view.AbsSavedState$1@95837f, 2131296573=android.view.AbsSavedState$1@95837f, 2131296576=android.view.AbsSavedState$1@95837f, 2131296579=android.view.AbsSavedState$1@95837f, 2131296625=android.view.AbsSavedState$1@95837f, 2131296632=android.view.AbsSavedState$1@95837f, 2131296633=android.view.AbsSavedState$1@95837f, 2131296634=android.view.AbsSavedState$1@95837f, 2131296635=android.view.AbsSavedState$1@95837f, 2131296636=android.view.AbsSavedState$1@95837f, 2131296649=android.view.AbsSavedState$1@95837f, 2131296714=android.view.AbsSavedState$1@95837f, 2131296754=android.view.AbsSavedState$1@95837f, 2131296765=android.view.AbsSavedState$1@95837f, 2131296823=android.view.AbsSavedState$1@95837f, 2131296824=android.view.AbsSavedState$1@95837f, 2131296829=android.view.AbsSavedState$1@95837f, 2131296865=android.view.AbsSavedState$1@95837f, 2131296907=android.view.AbsSavedState$1@95837f, 2131296908=android.view.AbsSavedState$1@95837f, 2131296909=android.view.AbsSavedState$1@95837f, 2131296910=androidx.coordinatorlayout.widget.CoordinatorLayout$SavedState@3926377, 2131296911=android.view.AbsSavedState$1@95837f, 2131296912=android.view.AbsSavedState$1@95837f, 2131296913=android.view.AbsSavedState$1@95837f, 2131296914=android.view.AbsSavedState$1@95837f, 2131296915=android.view.AbsSavedState$1@95837f, 2131296916=android.view.AbsSavedState$1@95837f, 2131296917=android.view.AbsSavedState$1@95837f, 2131296926=android.view.AbsSavedState$1@95837f, 2131296928=android.view.AbsSavedState$1@95837f, 2131296933=android.view.AbsSavedState$1@95837f, 2131296946=android.view.AbsSavedState$1@95837f, 2131296955=ScrollView.SavedState{4accbe4 scrollPosition=0}, 2131296993=CompoundButton.SavedState{a0a784d checked=true}, 2131296994=android.view.AbsSavedState$1@95837f, 2131297006=android.view.AbsSavedState$1@95837f, 2131297024=android.view.AbsSavedState$1@95837f, 2131297035=android.widget.ProgressBar$SavedState@faadf02, 2131297036=android.view.AbsSavedState$1@95837f, 2131297038=android.view.AbsSavedState$1@95837f, 2131297040=android.widget.ProgressBar$SavedState@93fc013, 2131297041=android.view.AbsSavedState$1@95837f, 2131297042=android.view.AbsSavedState$1@95837f, 2131297043=android.view.AbsSavedState$1@95837f, 2131297044=android.view.AbsSavedState$1@95837f, 2131297047=TextView.SavedState{e5cc250 start=0 end=0 text=}, 2131297052=com.google.
07-16 10:50:50.549 I/MSHandlerLifeCycle(27287): removeMultiSplitHandler: no exist. decor=DecorView@b27c657[MwmActivity]
07-16 10:50:50.552 I/ViewRootImpl@b70ee28[MwmActivity](27287): performTraversals params={(0,0)(fillxfill) sim={state=always_hidden adjust=pan} layoutInDisplayCutoutMode=always ty=BASE_APPLICATION wanim=0x1030309
07-16 10:50:50.552 I/ViewRootImpl@b70ee28[MwmActivity](27287):   fl=81810100
07-16 10:50:50.552 I/ViewRootImpl@b70ee28[MwmActivity](27287):   pfl=16020040
07-16 10:50:50.552 I/ViewRootImpl@b70ee28[MwmActivity](27287):   vsysui=2310
07-16 10:50:50.552 I/ViewRootImpl@b70ee28[MwmActivity](27287):   apr=LIGHT_STATUS_BARS LIGHT_NAVIGATION_BARS
07-16 10:50:50.552 I/ViewRootImpl@b70ee28[MwmActivity](27287):   bhv=DEFAULT
07-16 10:50:50.552 I/ViewRootImpl@b70ee28[MwmActivity](27287):   fitSides= naviIconColor=0}
07-16 10:50:50.554 I/ViewRootImpl@b70ee28[MwmActivity](27287): performTraversals mFirst=false windowShouldResize=false viewVisibilityChanged=false mForceNextWindowRelayout=false params={(0,0)(fillxfill) sim={state=always_hidden adjust=pan} layoutInDisplayCutoutMode=always ty=BASE_APPLICATION fmt=TRANSLUCENT wanim=0x1030309
07-16 10:50:50.554 I/ViewRootImpl@b70ee28[MwmActivity](27287):   fl=81810100
07-16 10:50:50.554 I/ViewRootImpl@b70ee28[MwmActivity](27287):   pfl=16020040
07-16 10:50:50.554 I/ViewRootImpl@b70ee28[MwmActivity](27287):   vsysui=2310
07-16 10:50:50.554 I/ViewRootImpl@b70ee28[MwmActivity](27287):   apr=LIGHT_STATUS_BARS LIGHT_NAVIGATION_BARS
07-16 10:50:50.554 I/ViewRootImpl@b70ee28[MwmActivity](27287):   bhv=DEFAULT
07-16 10:50:50.554 I/ViewRootImpl@b70ee28[MwmActivity](27287):   fitSides= naviIconColor=0}
07-16 10:50:50.560 I/ViewRootImpl@b70ee28[MwmActivity](27287): Relayout returned: old=(0,0,1080,2400) new=(0,0,1080,2400) req=(1080,2400)8 dur=6 res=0x2 s={false 0x0} ch=false seqId=0
07-16 10:50:50.560 D/SurfaceView@51f294f(27287): updateSurface: surface is not valid
07-16 10:50:50.560 I/SurfaceView@51f294f(27287): releaseSurfaces: viewRoot = ViewRootImpl@b70ee28[MwmActivity]
07-16 10:50:50.561 I/SurfaceView@51f294f(27287): applyTransactionOnVriDraw: vri = ViewRootImpl@b70ee28[MwmActivity] fRS = true t = 0xdd155a60 android.view.SurfaceView.releaseSurfaces:858 android.view.SurfaceView.updateSurface:998 android.view.SurfaceView.lambda$new$0$android-view-SurfaceView:200 
07-16 10:50:50.561 I/SurfaceView@51f294f(27287): applyTransactionOnVriDraw: viewRoot.applyTransactionOnDrawFromReleaseSurfaces
07-16 10:50:50.561 I/ViewRootImpl@b70ee28[MwmActivity](27287): from releaseSurfaces t.apply t = 0xdd155a60
07-16 10:50:51.138 D/LocationState(27287): (main) LocationHelper.java:99 onSatelliteStatusChanged(): total = 4 used = 3 fixed = true
07-16 10:50:51.238 D/InputTransport(27287): Input channel destroyed: 'ClientS', fd=328
07-16 10:50:51.239 D/InputTransport(27287): Input channel destroyed: 'ClientS', fd=259
07-16 10:50:51.239 D/InputTransport(27287): Input channel destroyed: 'ClientS', fd=274
07-16 10:50:51.240 D/OpenGLRenderer(27287): setSurface called with nullptr
07-16 10:50:52.100 I/ViewRootImpl@805f6a8[HelpActivity](27287): ViewPostIme pointer 0
07-16 10:50:52.117 D/LocationState(27287): (main) LocationHelper.java:99 onSatelliteStatusChanged(): total = 4 used = 3 fixed = true
07-16 10:50:52.246 I/ViewRootImpl@805f6a8[HelpActivity](27287): ViewPostIme pointer 1
07-16 10:50:52.253 I/LogsManager(27287): Zipping log files in /storage/emulated/0/Android/data/app.comaps.fdroid.debug/files/logs
